ISO-10303-21;
HEADER;
/* Generated by software containing ST-Developer
 * from STEP Tools, Inc. (www.steptools.com) 
 */
/* OPTION: using custom renumber hook */

FILE_DESCRIPTION(
/* description */ ('STEP AP242 Edition 2',
'CAx-IF Rec.Pracs.---Representation and Presentation of Product Manufa
cturing Information (PMI)---4.0---2014-10-13',
'CAx-IF Rec.Pracs.---3D Tessellated Geometry---0.4---2014-09-14','2;1',
'CAx-IF Rec.Pracs.---User Defined Attributes---1.5---2016-08-15'),
/* implementation_level */ '2;1');

FILE_NAME(
/* name */ '6aa9b340a613e8cda45b6a4a',
/* time_stamp */ '2026-09-15T21:06:09Z',
/* author */ (''),
/* organization */ (''),
/* preprocessor_version */ 'ST-DEVELOPER v20',
/* originating_system */ 'ONSHAPE BY PTC INC, 1.220',
/* authorisation */ '  ');

FILE_SCHEMA (('AP242_MANAGED_MODEL_BASED_3D_ENGINEERING_MIM_LF { 1 0 10303 442 3 1 4 }'));
ENDSEC;

DATA;
#10=(
BOUNDED_SURFACE()
B_SPLINE_SURFACE(3,2,((#8355,#8356,#8357),(#8358,#8359,#8360),(#8361,#8362,
#8363),(#8364,#8365,#8366),(#8367,#8368,#8369),(#8370,#8371,#8372),(#8373,
#8374,#8375),(#8376,#8377,#8378),(#8379,#8380,#8381),(#8382,#8383,#8384),
(#8385,#8386,#8387),(#8388,#8389,#8390),(#8391,#8392,#8393),(#8394,#8395,
#8396),(#8397,#8398,#8399),(#8400,#8401,#8402),(#8403,#8404,#8405),(#8406,
#8407,#8408),(#8409,#8410,#8411),(#8412,#8413,#8414),(#8415,#8416,#8417),
(#8418,#8419,#8420),(#8421,#8422,#8423),(#8424,#8425,#8426)),
 .UNSPECIFIED.,.F.,.F.,.F.)
B_SPLINE_SURFACE_WITH_KNOTS((4,1,1,1,1,1,1,1,1,1,1,1,1,1,1,1,1,1,1,1,1,
4),(3,3),(0.0624683446094906,0.0635445788179665,0.0640826959222045,0.0643517544743235,
0.0646208130264425,0.0651589301306804,0.0656970472349184,0.0667732814433943,
0.0673113985476323,0.0678495156518702,0.0683876327561082,0.0689257498603461,
0.0694638669645841,0.0697329255167031,0.070001984068822,0.070271042620941,
0.07054010117306,0.0706746304491195,0.070809159725179,0.0709436890012385,
0.0710109536392682,0.071078218277298),(0.,1.),.UNSPECIFIED.)
GEOMETRIC_REPRESENTATION_ITEM()
RATIONAL_B_SPLINE_SURFACE(((1.,0.81182169114674,1.),(1.,0.810038870098182,
1.),(1.,0.807318693979175,1.),(1.,0.804299679756346,1.),(1.,0.802373485371482,
1.),(1.,0.799978841517469,1.),(1.,0.796973667808421,1.),(1.,0.791725349001317,
1.),(1.,0.785868695244778,1.),(1.,0.779092767625899,1.),(1.,0.77343745357727,
1.),(1.,0.76705324623599,1.),(1.,0.759693608691638,1.),(1.,0.752414069809211,
1.),(1.,0.745503815304429,1.),(1.,0.739596739676987,1.),(1.,0.732672791183673,
1.),(1.,0.725630228937365,1.),(1.,0.718629789785486,1.),(1.,0.712321869117345,
1.),(1.,0.705695963254801,1.),(1.,0.698485532183675,1.),(1.,0.69377369928468,
1.),(1.,0.69062226411167,1.)))
REPRESENTATION_ITEM('')
SURFACE()
);
#11=(
BOUNDED_SURFACE()
B_SPLINE_SURFACE(3,2,((#8454,#8455,#8456),(#8457,#8458,#8459),(#8460,#8461,
#8462),(#8463,#8464,#8465),(#8466,#8467,#8468),(#8469,#8470,#8471),(#8472,
#8473,#8474),(#8475,#8476,#8477),(#8478,#8479,#8480),(#8481,#8482,#8483),
(#8484,#8485,#8486),(#8487,#8488,#8489),(#8490,#8491,#8492),(#8493,#8494,
#8495),(#8496,#8497,#8498),(#8499,#8500,#8501),(#8502,#8503,#8504),(#8505,
#8506,#8507),(#8508,#8509,#8510),(#8511,#8512,#8513),(#8514,#8515,#8516),
(#8517,#8518,#8519),(#8520,#8521,#8522),(#8523,#8524,#8525)),
 .UNSPECIFIED.,.F.,.F.,.F.)
B_SPLINE_SURFACE_WITH_KNOTS((4,1,1,1,1,1,1,1,1,1,1,1,1,1,1,1,1,1,1,1,1,
4),(3,3),(0.0181458913441748,0.0199364848998347,0.0208317816776646,0.0217270784554945,
0.0226223752333245,0.0230700236222395,0.0235176720111544,0.0237414962056119,
0.0239653204000694,0.0241891445945269,0.0243010566917556,0.0244129687889844,
0.0244689248375987,0.0244829138497523,0.0244969028619059,0.0245248808862131,
0.0245808369348275,0.0246367929834418,0.0247487050806706,0.0248606171778993,
0.0250844413723568,0.0253082655668143),(0.,1.),.UNSPECIFIED.)
GEOMETRIC_REPRESENTATION_ITEM()
RATIONAL_B_SPLINE_SURFACE(((1.,0.800854499112631,1.),(1.,0.804095735665593,
1.),(1.,0.808701992683683,1.),(1.,0.814416852930397,1.),(1.,0.818506435938204,
1.),(1.,0.821763855967139,1.),(1.,0.82428570670574,1.),(1.,0.825828902933374,
1.),(1.,0.827042552300016,1.),(1.,0.827947338042052,1.),(1.,0.828680551268368,
1.),(1.,0.829291623818637,1.),(1.,0.829605344200142,1.),(1.,0.829931706819614,
1.),(1.,0.829952247068089,1.),(1.,0.83028702180117,1.),(1.,0.83094740951037,
1.),(1.,0.831699781429626,1.),(1.,0.832775965221693,1.),(1.,0.833888639563353,
1.),(1.,0.835397513593,1.),(1.,0.836924023996558,1.),(1.,0.837927123088802,
1.),(1.,0.838390589531186,1.)))
REPRESENTATION_ITEM('')
SURFACE()
);
#12=DEGENERATE_TOROIDAL_SURFACE('',#3992,0.00103548111405562,0.00669953361048861,
 .T.);
#13=OVER_RIDING_STYLED_ITEM('',(#3775),#3615,#3764);
#14=TOROIDAL_SURFACE('',#3979,0.0037703125,0.0009921875);
#15=CONICAL_SURFACE('',#3941,0.0019840702,0.785398163397448);
#16=CONICAL_SURFACE('',#3953,0.0047625,1.13446401379631);
#17=CONICAL_SURFACE('',#3955,0.0047625,1.13446401379631);
#18=CONICAL_SURFACE('',#3957,0.0047625,1.13446401379631);
#19=CONICAL_SURFACE('',#3959,0.0047625,1.13446401379631);
#20=CONICAL_SURFACE('',#3961,0.0047625,1.13446401379631);
#21=CONICAL_SURFACE('',#3963,0.00549926131403119,1.13446401379631);
#22=CONICAL_SURFACE('',#3965,0.00549926131403119,1.13446401379631);
#23=CONICAL_SURFACE('',#3967,0.00549926131403119,1.13446401379631);
#24=CONICAL_SURFACE('',#3969,0.00549926131403119,1.13446401379631);
#25=CONICAL_SURFACE('',#3971,0.00549926131403119,1.13446401379631);
#26=CONICAL_SURFACE('',#3975,0.00549926131403119,1.13446401379631);
#27=CONICAL_SURFACE('',#3977,0.0047625,1.13446401379631);
#28=CONICAL_SURFACE('',#3990,0.0014478,0.785398163397474);
#29=CONICAL_SURFACE('',#4003,0.001765,0.785398163397449);
#30=CONICAL_SURFACE('',#4007,0.002146,0.785398163397449);
#31=CONICAL_SURFACE('',#4010,0.0024,0.785398163397445);
#32=CONICAL_SURFACE('',#4032,0.0019840702,0.78539816339745);
#33=CONICAL_SURFACE('',#4058,0.0019840702,0.78539816339745);
#34=SPHERICAL_SURFACE('',#3931,0.0053733954);
#35=SPHERICAL_SURFACE('',#4022,0.0053733954);
#36=SPHERICAL_SURFACE('',#4048,0.0053733954);
#37=COLOUR_RGB('',0.215686274509804,0.215686274509804,0.215686274509804);
#38=COLOUR_RGB('',0.882352941176471,0.905882352941176,0.925490196078431);
#39=COLOUR_RGB('',0.898039215686275,0.917647058823529,0.929411764705882);
#40=COLOUR_RGB('',0.647058823529412,0.647058823529412,0.647058823529412);
#41=COLOUR_RGB('',0.498039215686275,0.498039215686275,0.498039215686275);
#42=CONTEXT_DEPENDENT_SHAPE_REPRESENTATION(#104,#8914);
#43=CONTEXT_DEPENDENT_SHAPE_REPRESENTATION(#105,#8916);
#44=CONTEXT_DEPENDENT_SHAPE_REPRESENTATION(#106,#8917);
#45=CONTEXT_DEPENDENT_SHAPE_REPRESENTATION(#107,#8919);
#46=CONTEXT_DEPENDENT_SHAPE_REPRESENTATION(#108,#8921);
#47=CONTEXT_DEPENDENT_SHAPE_REPRESENTATION(#109,#8922);
#48=CONTEXT_DEPENDENT_SHAPE_REPRESENTATION(#110,#8924);
#49=CONTEXT_DEPENDENT_SHAPE_REPRESENTATION(#111,#8925);
#50=CONTEXT_DEPENDENT_SHAPE_REPRESENTATION(#112,#8926);
#51=CONTEXT_DEPENDENT_SHAPE_REPRESENTATION(#113,#8927);
#52=CONTEXT_DEPENDENT_SHAPE_REPRESENTATION(#114,#8928);
#53=CONTEXT_DEPENDENT_SHAPE_REPRESENTATION(#115,#8929);
#54=CONTEXT_DEPENDENT_SHAPE_REPRESENTATION(#116,#8931);
#55=CONTEXT_DEPENDENT_SHAPE_REPRESENTATION(#117,#8933);
#56=CONTEXT_DEPENDENT_SHAPE_REPRESENTATION(#118,#8934);
#57=CONTEXT_DEPENDENT_SHAPE_REPRESENTATION(#119,#8935);
#58=CONTEXT_DEPENDENT_SHAPE_REPRESENTATION(#120,#8937);
#59=CONTEXT_DEPENDENT_SHAPE_REPRESENTATION(#121,#8938);
#60=CONTEXT_DEPENDENT_SHAPE_REPRESENTATION(#122,#8939);
#61=CONTEXT_DEPENDENT_SHAPE_REPRESENTATION(#123,#8940);
#62=CONTEXT_DEPENDENT_SHAPE_REPRESENTATION(#124,#8941);
#63=CONTEXT_DEPENDENT_SHAPE_REPRESENTATION(#125,#8943);
#64=CONTEXT_DEPENDENT_SHAPE_REPRESENTATION(#126,#8944);
#65=CONTEXT_DEPENDENT_SHAPE_REPRESENTATION(#127,#8945);
#66=CONTEXT_DEPENDENT_SHAPE_REPRESENTATION(#128,#8946);
#67=CONTEXT_DEPENDENT_SHAPE_REPRESENTATION(#129,#8947);
#68=CONTEXT_DEPENDENT_SHAPE_REPRESENTATION(#130,#8948);
#69=CONTEXT_DEPENDENT_SHAPE_REPRESENTATION(#131,#8949);
#70=CONTEXT_DEPENDENT_SHAPE_REPRESENTATION(#132,#8950);
#71=CONTEXT_DEPENDENT_SHAPE_REPRESENTATION(#133,#8951);
#72=CONTEXT_DEPENDENT_SHAPE_REPRESENTATION(#134,#8953);
#73=NEXT_ASSEMBLY_USAGE_OCCURRENCE('NAUO1','Part 3','Part 3',#8954,#8955,
'');
#74=NEXT_ASSEMBLY_USAGE_OCCURRENCE('NAUO2',
'#10-32 x 3/8" L BHCS (Steel, Black Oxide)',
'#10-32 x 3/8" L BHCS (Steel, Black Oxide)',#8954,#8956,'');
#75=NEXT_ASSEMBLY_USAGE_OCCURRENCE('NAUO3',
'#10-32 x 3/8" L BHCS (Steel, Black Oxide)',
'#10-32 x 3/8" L BHCS (Steel, Black Oxide)',#8954,#8956,'');
#76=NEXT_ASSEMBLY_USAGE_OCCURRENCE('NAUO4',
'#10-32 Thin Nylon-Insert Locknut','#10-32 Thin Nylon-Insert Locknut',#8954,
#8957,'');
#77=NEXT_ASSEMBLY_USAGE_OCCURRENCE('NAUO5',
'3/16" Blind Rivet (.250" - .438" Grip Length, Aluminum)',
'3/16" Blind Rivet (.250" - .438" Grip Length, Aluminum)',#8954,#8958,
'');
#78=NEXT_ASSEMBLY_USAGE_OCCURRENCE('NAUO6',
'#10-32 Thin Nylon-Insert Locknut','#10-32 Thin Nylon-Insert Locknut',#8954,
#8957,'');
#79=NEXT_ASSEMBLY_USAGE_OCCURRENCE('NAUO7',
'#10-32 x 1-1/2" L BHCS (Steel, Black Oxide)',
'#10-32 x 1-1/2" L BHCS (Steel, Black Oxide)',#8954,#8959,'');
#80=NEXT_ASSEMBLY_USAGE_OCCURRENCE('NAUO8',
'#10-32 Thin Nylon-Insert Locknut','#10-32 Thin Nylon-Insert Locknut',#8954,
#8957,'');
#81=NEXT_ASSEMBLY_USAGE_OCCURRENCE('NAUO9','Part 3','Part 3',#8954,#8955,
'');
#82=NEXT_ASSEMBLY_USAGE_OCCURRENCE('NAUO10',
'3/16" Blind Rivet (.250" - .438" Grip Length, Aluminum)',
'3/16" Blind Rivet (.250" - .438" Grip Length, Aluminum)',#8954,#8958,
'');
#83=NEXT_ASSEMBLY_USAGE_OCCURRENCE('NAUO11',
'#10-32 x 3/8" L BHCS (Steel, Black Oxide)',
'#10-32 x 3/8" L BHCS (Steel, Black Oxide)',#8954,#8956,'');
#84=NEXT_ASSEMBLY_USAGE_OCCURRENCE('NAUO12',
'#10-32 x 1-1/2" L BHCS (Steel, Black Oxide)',
'#10-32 x 1-1/2" L BHCS (Steel, Black Oxide)',#8954,#8959,'');
#85=NEXT_ASSEMBLY_USAGE_OCCURRENCE('NAUO13',
'#10-32 x 1-1/4" L BHCS (Steel, Black Oxide)',
'#10-32 x 1-1/4" L BHCS (Steel, Black Oxide)',#8954,#8960,'');
#86=NEXT_ASSEMBLY_USAGE_OCCURRENCE('NAUO14','intake picam mount',
'intake picam mount',#8954,#8961,'');
#87=NEXT_ASSEMBLY_USAGE_OCCURRENCE('NAUO15',
'#10-32 x 1-1/4" L BHCS (Steel, Black Oxide)',
'#10-32 x 1-1/4" L BHCS (Steel, Black Oxide)',#8954,#8960,'');
#88=NEXT_ASSEMBLY_USAGE_OCCURRENCE('NAUO16',
'#10-32 Thin Nylon-Insert Locknut','#10-32 Thin Nylon-Insert Locknut',#8954,
#8957,'');
#89=NEXT_ASSEMBLY_USAGE_OCCURRENCE('NAUO17','left rear picam mount',
'left rear picam mount',#8954,#8962,'');
#90=NEXT_ASSEMBLY_USAGE_OCCURRENCE('NAUO18',
'#10-32 x 3/8" L BHCS (Steel, Black Oxide)',
'#10-32 x 3/8" L BHCS (Steel, Black Oxide)',#8954,#8956,'');
#91=NEXT_ASSEMBLY_USAGE_OCCURRENCE('NAUO19',
'#10-32 Thin Nylon-Insert Locknut','#10-32 Thin Nylon-Insert Locknut',#8954,
#8957,'');
#92=NEXT_ASSEMBLY_USAGE_OCCURRENCE('NAUO20',
'#10-32 Thin Nylon-Insert Locknut','#10-32 Thin Nylon-Insert Locknut',#8954,
#8957,'');
#93=NEXT_ASSEMBLY_USAGE_OCCURRENCE('NAUO21',
'3/16" Blind Rivet (.250" - .438" Grip Length, Aluminum)',
'3/16" Blind Rivet (.250" - .438" Grip Length, Aluminum)',#8954,#8958,
'');
#94=NEXT_ASSEMBLY_USAGE_OCCURRENCE('NAUO22','right rear picam mount',
'right rear picam mount',#8954,#8963,'');
#95=NEXT_ASSEMBLY_USAGE_OCCURRENCE('NAUO23',
'3/16" Blind Rivet (.250" - .438" Grip Length, Aluminum)',
'3/16" Blind Rivet (.250" - .438" Grip Length, Aluminum)',#8954,#8958,
'');
#96=NEXT_ASSEMBLY_USAGE_OCCURRENCE('NAUO24',
'#10-32 Thin Nylon-Insert Locknut','#10-32 Thin Nylon-Insert Locknut',#8954,
#8957,'');
#97=NEXT_ASSEMBLY_USAGE_OCCURRENCE('NAUO25',
'#10-32 Thin Nylon-Insert Locknut','#10-32 Thin Nylon-Insert Locknut',#8954,
#8957,'');
#98=NEXT_ASSEMBLY_USAGE_OCCURRENCE('NAUO26','Part 3','Part 3',#8954,#8955,
'');
#99=NEXT_ASSEMBLY_USAGE_OCCURRENCE('NAUO27',
'#10-32 x 3/8" L BHCS (Steel, Black Oxide)',
'#10-32 x 3/8" L BHCS (Steel, Black Oxide)',#8954,#8956,'');
#100=NEXT_ASSEMBLY_USAGE_OCCURRENCE('NAUO28',
'#10-32 Thin Nylon-Insert Locknut','#10-32 Thin Nylon-Insert Locknut',#8954,
#8957,'');
#101=NEXT_ASSEMBLY_USAGE_OCCURRENCE('NAUO29',
'#10-32 x 3/8" L BHCS (Steel, Black Oxide)',
'#10-32 x 3/8" L BHCS (Steel, Black Oxide)',#8954,#8956,'');
#102=NEXT_ASSEMBLY_USAGE_OCCURRENCE('NAUO30',
'#10-32 Thin Nylon-Insert Locknut','#10-32 Thin Nylon-Insert Locknut',#8954,
#8957,'');
#103=NEXT_ASSEMBLY_USAGE_OCCURRENCE('NAUO31','Origin Cube',
'Origin Cube',#8954,#8964,'');
#104=(
REPRESENTATION_RELATIONSHIP(' ',' ',#3862,#3861)
REPRESENTATION_RELATIONSHIP_WITH_TRANSFORMATION(#135)
SHAPE_REPRESENTATION_RELATIONSHIP()
);
#105=(
REPRESENTATION_RELATIONSHIP(' ',' ',#3863,#3861)
REPRESENTATION_RELATIONSHIP_WITH_TRANSFORMATION(#136)
SHAPE_REPRESENTATION_RELATIONSHIP()
);
#106=(
REPRESENTATION_RELATIONSHIP(' ',' ',#3863,#3861)
REPRESENTATION_RELATIONSHIP_WITH_TRANSFORMATION(#137)
SHAPE_REPRESENTATION_RELATIONSHIP()
);
#107=(
REPRESENTATION_RELATIONSHIP(' ',' ',#3864,#3861)
REPRESENTATION_RELATIONSHIP_WITH_TRANSFORMATION(#138)
SHAPE_REPRESENTATION_RELATIONSHIP()
);
#108=(
REPRESENTATION_RELATIONSHIP(' ',' ',#3865,#3861)
REPRESENTATION_RELATIONSHIP_WITH_TRANSFORMATION(#139)
SHAPE_REPRESENTATION_RELATIONSHIP()
);
#109=(
REPRESENTATION_RELATIONSHIP(' ',' ',#3864,#3861)
REPRESENTATION_RELATIONSHIP_WITH_TRANSFORMATION(#140)
SHAPE_REPRESENTATION_RELATIONSHIP()
);
#110=(
REPRESENTATION_RELATIONSHIP(' ',' ',#3866,#3861)
REPRESENTATION_RELATIONSHIP_WITH_TRANSFORMATION(#141)
SHAPE_REPRESENTATION_RELATIONSHIP()
);
#111=(
REPRESENTATION_RELATIONSHIP(' ',' ',#3864,#3861)
REPRESENTATION_RELATIONSHIP_WITH_TRANSFORMATION(#142)
SHAPE_REPRESENTATION_RELATIONSHIP()
);
#112=(
REPRESENTATION_RELATIONSHIP(' ',' ',#3862,#3861)
REPRESENTATION_RELATIONSHIP_WITH_TRANSFORMATION(#143)
SHAPE_REPRESENTATION_RELATIONSHIP()
);
#113=(
REPRESENTATION_RELATIONSHIP(' ',' ',#3865,#3861)
REPRESENTATION_RELATIONSHIP_WITH_TRANSFORMATION(#144)
SHAPE_REPRESENTATION_RELATIONSHIP()
);
#114=(
REPRESENTATION_RELATIONSHIP(' ',' ',#3863,#3861)
REPRESENTATION_RELATIONSHIP_WITH_TRANSFORMATION(#145)
SHAPE_REPRESENTATION_RELATIONSHIP()
);
#115=(
REPRESENTATION_RELATIONSHIP(' ',' ',#3866,#3861)
REPRESENTATION_RELATIONSHIP_WITH_TRANSFORMATION(#146)
SHAPE_REPRESENTATION_RELATIONSHIP()
);
#116=(
REPRESENTATION_RELATIONSHIP(' ',' ',#3867,#3861)
REPRESENTATION_RELATIONSHIP_WITH_TRANSFORMATION(#147)
SHAPE_REPRESENTATION_RELATIONSHIP()
);
#117=(
REPRESENTATION_RELATIONSHIP(' ',' ',#3868,#3861)
REPRESENTATION_RELATIONSHIP_WITH_TRANSFORMATION(#148)
SHAPE_REPRESENTATION_RELATIONSHIP()
);
#118=(
REPRESENTATION_RELATIONSHIP(' ',' ',#3867,#3861)
REPRESENTATION_RELATIONSHIP_WITH_TRANSFORMATION(#149)
SHAPE_REPRESENTATION_RELATIONSHIP()
);
#119=(
REPRESENTATION_RELATIONSHIP(' ',' ',#3864,#3861)
REPRESENTATION_RELATIONSHIP_WITH_TRANSFORMATION(#150)
SHAPE_REPRESENTATION_RELATIONSHIP()
);
#120=(
REPRESENTATION_RELATIONSHIP(' ',' ',#3869,#3861)
REPRESENTATION_RELATIONSHIP_WITH_TRANSFORMATION(#151)
SHAPE_REPRESENTATION_RELATIONSHIP()
);
#121=(
REPRESENTATION_RELATIONSHIP(' ',' ',#3863,#3861)
REPRESENTATION_RELATIONSHIP_WITH_TRANSFORMATION(#152)
SHAPE_REPRESENTATION_RELATIONSHIP()
);
#122=(
REPRESENTATION_RELATIONSHIP(' ',' ',#3864,#3861)
REPRESENTATION_RELATIONSHIP_WITH_TRANSFORMATION(#153)
SHAPE_REPRESENTATION_RELATIONSHIP()
);
#123=(
REPRESENTATION_RELATIONSHIP(' ',' ',#3864,#3861)
REPRESENTATION_RELATIONSHIP_WITH_TRANSFORMATION(#154)
SHAPE_REPRESENTATION_RELATIONSHIP()
);
#124=(
REPRESENTATION_RELATIONSHIP(' ',' ',#3865,#3861)
REPRESENTATION_RELATIONSHIP_WITH_TRANSFORMATION(#155)
SHAPE_REPRESENTATION_RELATIONSHIP()
);
#125=(
REPRESENTATION_RELATIONSHIP(' ',' ',#3870,#3861)
REPRESENTATION_RELATIONSHIP_WITH_TRANSFORMATION(#156)
SHAPE_REPRESENTATION_RELATIONSHIP()
);
#126=(
REPRESENTATION_RELATIONSHIP(' ',' ',#3865,#3861)
REPRESENTATION_RELATIONSHIP_WITH_TRANSFORMATION(#157)
SHAPE_REPRESENTATION_RELATIONSHIP()
);
#127=(
REPRESENTATION_RELATIONSHIP(' ',' ',#3864,#3861)
REPRESENTATION_RELATIONSHIP_WITH_TRANSFORMATION(#158)
SHAPE_REPRESENTATION_RELATIONSHIP()
);
#128=(
REPRESENTATION_RELATIONSHIP(' ',' ',#3864,#3861)
REPRESENTATION_RELATIONSHIP_WITH_TRANSFORMATION(#159)
SHAPE_REPRESENTATION_RELATIONSHIP()
);
#129=(
REPRESENTATION_RELATIONSHIP(' ',' ',#3862,#3861)
REPRESENTATION_RELATIONSHIP_WITH_TRANSFORMATION(#160)
SHAPE_REPRESENTATION_RELATIONSHIP()
);
#130=(
REPRESENTATION_RELATIONSHIP(' ',' ',#3863,#3861)
REPRESENTATION_RELATIONSHIP_WITH_TRANSFORMATION(#161)
SHAPE_REPRESENTATION_RELATIONSHIP()
);
#131=(
REPRESENTATION_RELATIONSHIP(' ',' ',#3864,#3861)
REPRESENTATION_RELATIONSHIP_WITH_TRANSFORMATION(#162)
SHAPE_REPRESENTATION_RELATIONSHIP()
);
#132=(
REPRESENTATION_RELATIONSHIP(' ',' ',#3863,#3861)
REPRESENTATION_RELATIONSHIP_WITH_TRANSFORMATION(#163)
SHAPE_REPRESENTATION_RELATIONSHIP()
);
#133=(
REPRESENTATION_RELATIONSHIP(' ',' ',#3864,#3861)
REPRESENTATION_RELATIONSHIP_WITH_TRANSFORMATION(#164)
SHAPE_REPRESENTATION_RELATIONSHIP()
);
#134=(
REPRESENTATION_RELATIONSHIP(' ',' ',#3871,#3861)
REPRESENTATION_RELATIONSHIP_WITH_TRANSFORMATION(#165)
SHAPE_REPRESENTATION_RELATIONSHIP()
);
#135=ITEM_DEFINED_TRANSFORMATION(' ',' ',#3872,#3921);
#136=ITEM_DEFINED_TRANSFORMATION(' ',' ',#3872,#3942);
#137=ITEM_DEFINED_TRANSFORMATION(' ',' ',#3872,#3943);
#138=ITEM_DEFINED_TRANSFORMATION(' ',' ',#3872,#3985);
#139=ITEM_DEFINED_TRANSFORMATION(' ',' ',#3872,#4011);
#140=ITEM_DEFINED_TRANSFORMATION(' ',' ',#3872,#4012);
#141=ITEM_DEFINED_TRANSFORMATION(' ',' ',#3872,#4033);
#142=ITEM_DEFINED_TRANSFORMATION(' ',' ',#3872,#4034);
#143=ITEM_DEFINED_TRANSFORMATION(' ',' ',#3872,#4035);
#144=ITEM_DEFINED_TRANSFORMATION(' ',' ',#3872,#4036);
#145=ITEM_DEFINED_TRANSFORMATION(' ',' ',#3872,#4037);
#146=ITEM_DEFINED_TRANSFORMATION(' ',' ',#3872,#4038);
#147=ITEM_DEFINED_TRANSFORMATION(' ',' ',#3872,#4059);
#148=ITEM_DEFINED_TRANSFORMATION(' ',' ',#3872,#4110);
#149=ITEM_DEFINED_TRANSFORMATION(' ',' ',#3872,#4111);
#150=ITEM_DEFINED_TRANSFORMATION(' ',' ',#3872,#4112);
#151=ITEM_DEFINED_TRANSFORMATION(' ',' ',#3872,#4148);
#152=ITEM_DEFINED_TRANSFORMATION(' ',' ',#3872,#4149);
#153=ITEM_DEFINED_TRANSFORMATION(' ',' ',#3872,#4150);
#154=ITEM_DEFINED_TRANSFORMATION(' ',' ',#3872,#4151);
#155=ITEM_DEFINED_TRANSFORMATION(' ',' ',#3872,#4152);
#156=ITEM_DEFINED_TRANSFORMATION(' ',' ',#3872,#4199);
#157=ITEM_DEFINED_TRANSFORMATION(' ',' ',#3872,#4200);
#158=ITEM_DEFINED_TRANSFORMATION(' ',' ',#3872,#4201);
#159=ITEM_DEFINED_TRANSFORMATION(' ',' ',#3872,#4202);
#160=ITEM_DEFINED_TRANSFORMATION(' ',' ',#3872,#4203);
#161=ITEM_DEFINED_TRANSFORMATION(' ',' ',#3872,#4204);
#162=ITEM_DEFINED_TRANSFORMATION(' ',' ',#3872,#4205);
#163=ITEM_DEFINED_TRANSFORMATION(' ',' ',#3872,#4206);
#164=ITEM_DEFINED_TRANSFORMATION(' ',' ',#3872,#4207);
#165=ITEM_DEFINED_TRANSFORMATION(' ',' ',#3872,#4214);
#166=SHAPE_REPRESENTATION_RELATIONSHIP('','',#3862,#176);
#167=SHAPE_REPRESENTATION_RELATIONSHIP('','',#3863,#177);
#168=SHAPE_REPRESENTATION_RELATIONSHIP('','',#3864,#178);
#169=SHAPE_REPRESENTATION_RELATIONSHIP('','',#3865,#179);
#170=SHAPE_REPRESENTATION_RELATIONSHIP('','',#3866,#180);
#171=SHAPE_REPRESENTATION_RELATIONSHIP('','',#3867,#181);
#172=SHAPE_REPRESENTATION_RELATIONSHIP('','',#3868,#182);
#173=SHAPE_REPRESENTATION_RELATIONSHIP('','',#3869,#183);
#174=SHAPE_REPRESENTATION_RELATIONSHIP('','',#3870,#184);
#175=SHAPE_REPRESENTATION_RELATIONSHIP('','',#3871,#185);
#176=ADVANCED_BREP_SHAPE_REPRESENTATION('',(#3840),#8888);
#177=ADVANCED_BREP_SHAPE_REPRESENTATION('',(#3841),#8889);
#178=ADVANCED_BREP_SHAPE_REPRESENTATION('',(#3842),#8890);
#179=ADVANCED_BREP_SHAPE_REPRESENTATION('',(#3843),#8891);
#180=ADVANCED_BREP_SHAPE_REPRESENTATION('',(#3844),#8892);
#181=ADVANCED_BREP_SHAPE_REPRESENTATION('',(#3845),#8893);
#182=ADVANCED_BREP_SHAPE_REPRESENTATION('',(#3846),#8894);
#183=ADVANCED_BREP_SHAPE_REPRESENTATION('',(#3847),#8895);
#184=ADVANCED_BREP_SHAPE_REPRESENTATION('',(#3848),#8896);
#185=ADVANCED_BREP_SHAPE_REPRESENTATION('',(#3849),#8897);
#186=CYLINDRICAL_SURFACE('',#3893,0.0024892);
#187=CYLINDRICAL_SURFACE('',#3895,0.0024892);
#188=CYLINDRICAL_SURFACE('',#3920,0.007);
#189=CYLINDRICAL_SURFACE('',#3936,0.0045847);
#190=CYLINDRICAL_SURFACE('',#3937,0.002413);
#191=CYLINDRICAL_SURFACE('',#3944,0.00290786866860867);
#192=CYLINDRICAL_SURFACE('',#3982,0.0020193);
#193=CYLINDRICAL_SURFACE('',#3988,0.0014478);
#194=CYLINDRICAL_SURFACE('',#3994,0.00465);
#195=CYLINDRICAL_SURFACE('',#3998,0.0024);
#196=CYLINDRICAL_SURFACE('',#4005,0.002146);
#197=CYLINDRICAL_SURFACE('',#4027,0.0045847);
#198=CYLINDRICAL_SURFACE('',#4028,0.002413);
#199=CYLINDRICAL_SURFACE('',#4053,0.0045847);
#200=CYLINDRICAL_SURFACE('',#4054,0.002413);
#201=CYLINDRICAL_SURFACE('',#4061,0.0075692);
#202=CYLINDRICAL_SURFACE('',#4065,0.0075692);
#203=CYLINDRICAL_SURFACE('',#4071,0.0075692);
#204=CYLINDRICAL_SURFACE('',#4075,0.0024892);
#205=CYLINDRICAL_SURFACE('',#4078,0.0024892);
#206=CYLINDRICAL_SURFACE('',#4081,0.0024892);
#207=CYLINDRICAL_SURFACE('',#4084,0.0024892);
#208=CYLINDRICAL_SURFACE('',#4087,0.0024892);
#209=CYLINDRICAL_SURFACE('',#4090,0.0024892);
#210=CYLINDRICAL_SURFACE('',#4093,0.00108);
#211=CYLINDRICAL_SURFACE('',#4096,0.00108);
#212=CYLINDRICAL_SURFACE('',#4099,0.00108);
#213=CYLINDRICAL_SURFACE('',#4102,0.00108);
#214=CYLINDRICAL_SURFACE('',#4105,0.0075692);
#215=CYLINDRICAL_SURFACE('',#4136,0.00248919999999997);
#216=CYLINDRICAL_SURFACE('',#4137,0.00248920000000003);
#217=CYLINDRICAL_SURFACE('',#4140,0.00108);
#218=CYLINDRICAL_SURFACE('',#4141,0.00108);
#219=CYLINDRICAL_SURFACE('',#4142,0.0024892);
#220=CYLINDRICAL_SURFACE('',#4143,0.00108);
#221=CYLINDRICAL_SURFACE('',#4144,0.00108);
#222=CYLINDRICAL_SURFACE('',#4145,0.00108);
#223=CYLINDRICAL_SURFACE('',#4146,0.0024892);
#224=CYLINDRICAL_SURFACE('',#4147,0.0046);
#225=CYLINDRICAL_SURFACE('',#4154,0.0024892);
#226=CYLINDRICAL_SURFACE('',#4185,0.00248920000000003);
#227=CYLINDRICAL_SURFACE('',#4186,0.0024892);
#228=CYLINDRICAL_SURFACE('',#4189,0.00108);
#229=CYLINDRICAL_SURFACE('',#4190,0.00108);
#230=CYLINDRICAL_SURFACE('',#4191,0.00108);
#231=CYLINDRICAL_SURFACE('',#4192,0.0024892);
#232=CYLINDRICAL_SURFACE('',#4193,0.00108);
#233=CYLINDRICAL_SURFACE('',#4194,0.00108);
#234=CYLINDRICAL_SURFACE('',#4195,0.0046);
#235=CYLINDRICAL_SURFACE('',#4196,0.0046);
#236=B_SPLINE_SURFACE_WITH_KNOTS('',3,1,((#5190,#5191,#5192),(#5193,#5194,
#5195),(#5196,#5197,#5198),(#5199,#5200,#5201),(#5202,#5203,#5204),(#5205,
#5206,#5207),(#5208,#5209,#5210),(#5211,#5212,#5213),(#5214,#5215,#5216),
(#5217,#5218,#5219),(#5220,#5221,#5222),(#5223,#5224,#5225),(#5226,#5227,
#5228),(#5229,#5230,#5231),(#5232,#5233,#5234),(#5235,#5236,#5237),(#5238,
#5239,#5240),(#5241,#5242,#5243),(#5244,#5245,#5246),(#5247,#5248,#5249),
(#5250,#5251,#5252),(#5253,#5254,#5255),(#5256,#5257,#5258),(#5259,#5260,
#5261),(#5262,#5263,#5264),(#5265,#5266,#5267),(#5268,#5269,#5270),(#5271,
#5272,#5273),(#5274,#5275,#5276),(#5277,#5278,#5279),(#5280,#5281,#5282),
(#5283,#5284,#5285),(#5286,#5287,#5288),(#5289,#5290,#5291),(#5292,#5293,
#5294),(#5295,#5296,#5297),(#5298,#5299,#5300),(#5301,#5302,#5303),(#5304,
#5305,#5306),(#5307,#5308,#5309),(#5310,#5311,#5312),(#5313,#5314,#5315),
(#5316,#5317,#5318),(#5319,#5320,#5321),(#5322,#5323,#5324),(#5325,#5326,
#5327),(#5328,#5329,#5330),(#5331,#5332,#5333),(#5334,#5335,#5336),(#5337,
#5338,#5339),(#5340,#5341,#5342),(#5343,#5344,#5345),(#5346,#5347,#5348),
(#5349,#5350,#5351),(#5352,#5353,#5354),(#5355,#5356,#5357),(#5358,#5359,
#5360),(#5361,#5362,#5363),(#5364,#5365,#5366),(#5367,#5368,#5369),(#5370,
#5371,#5372),(#5373,#5374,#5375),(#5376,#5377,#5378),(#5379,#5380,#5381),
(#5382,#5383,#5384),(#5385,#5386,#5387),(#5388,#5389,#5390),(#5391,#5392,
#5393),(#5394,#5395,#5396),(#5397,#5398,#5399),(#5400,#5401,#5402),(#5403,
#5404,#5405),(#5406,#5407,#5408),(#5409,#5410,#5411)),.RULED_SURF.,.F.,
 .F.,.F.,(4,2,2,2,2,2,2,2,2,2,2,2,2,2,2,2,2,2,2,2,2,2,2,2,2,2,2,2,2,2,2,
2,2,2,2,2,4),(2,1,2),(0.,0.0445726421939921,0.0891452843879842,0.133717926581976,
0.178290568775969,0.222863210969961,0.267435853163953,0.289722174260948,
0.312008495357945,0.334294816454941,0.356581137551937,0.374508495357945,
0.392435853163953,0.41036321096996,0.428290568775968,0.446217926581977,
0.464145284387984,0.482072642193992,0.5,0.517927357806008,0.535854715612016,
0.553782073418024,0.571709431224032,0.589636789030039,0.607564146836047,
0.625491504642055,0.643418862448063,0.665705183545059,0.687991504642055,
0.710277825739051,0.732564146836047,0.777136789030039,0.821709431224032,
0.866282073418024,0.910854715612016,0.955427357806008,1.),(-0.00600024246458541,
0.,1.),.UNSPECIFIED.);
#237=B_SPLINE_SURFACE_WITH_KNOTS('',3,1,((#5474,#5475),(#5476,#5477),(#5478,
#5479),(#5480,#5481)),.RULED_SURF.,.F.,.F.,.F.,(4,4),(2,2),(0.,0.0540279078014186),
(0.,0.178059697631384),.PIECEWISE_BEZIER_KNOTS.);
#238=B_SPLINE_SURFACE_WITH_KNOTS('',3,1,((#5486,#5487,#5488),(#5489,#5490,
#5491),(#5492,#5493,#5494),(#5495,#5496,#5497),(#5498,#5499,#5500),(#5501,
#5502,#5503),(#5504,#5505,#5506),(#5507,#5508,#5509),(#5510,#5511,#5512),
(#5513,#5514,#5515),(#5516,#5517,#5518),(#5519,#5520,#5521),(#5522,#5523,
#5524),(#5525,#5526,#5527),(#5528,#5529,#5530),(#5531,#5532,#5533),(#5534,
#5535,#5536),(#5537,#5538,#5539)),.RULED_SURF.,.F.,.F.,.F.,(4,2,2,2,2,2,
2,2,4),(2,1,2),(0.,0.125,0.25,0.375,0.5,0.625,0.75,0.875,1.),(0.392392604405462,
1.,1.00364567115429),.UNSPECIFIED.);
#239=B_SPLINE_SURFACE_WITH_KNOTS('',3,1,((#5548,#5549),(#5550,#5551),(#5552,
#5553),(#5554,#5555),(#5556,#5557),(#5558,#5559),(#5560,#5561),(#5562,#5563),
(#5564,#5565),(#5566,#5567),(#5568,#5569),(#5570,#5571),(#5572,#5573),(#5574,
#5575),(#5576,#5577),(#5578,#5579),(#5580,#5581),(#5582,#5583)),
 .RULED_SURF.,.F.,.F.,.F.,(4,2,2,2,2,2,2,2,4),(2,2),(0.,0.125,0.25,0.375,
0.5,0.625,0.75,0.875,1.),(0.,1.),.UNSPECIFIED.);
#240=B_SPLINE_SURFACE_WITH_KNOTS('',3,1,((#5587,#5588,#5589),(#5590,#5591,
#5592),(#5593,#5594,#5595),(#5596,#5597,#5598),(#5599,#5600,#5601),(#5602,
#5603,#5604),(#5605,#5606,#5607),(#5608,#5609,#5610),(#5611,#5612,#5613),
(#5614,#5615,#5616),(#5617,#5618,#5619),(#5620,#5621,#5622),(#5623,#5624,
#5625),(#5626,#5627,#5628),(#5629,#5630,#5631),(#5632,#5633,#5634),(#5635,
#5636,#5637),(#5638,#5639,#5640),(#5641,#5642,#5643),(#5644,#5645,#5646),
(#5647,#5648,#5649),(#5650,#5651,#5652),(#5653,#5654,#5655),(#5656,#5657,
#5658),(#5659,#5660,#5661),(#5662,#5663,#5664),(#5665,#5666,#5667),(#5668,
#5669,#5670),(#5671,#5672,#5673),(#5674,#5675,#5676),(#5677,#5678,#5679),
(#5680,#5681,#5682),(#5683,#5684,#5685),(#5686,#5687,#5688),(#5689,#5690,
#5691),(#5692,#5693,#5694),(#5695,#5696,#5697),(#5698,#5699,#5700),(#5701,
#5702,#5703),(#5704,#5705,#5706),(#5707,#5708,#5709),(#5710,#5711,#5712),
(#5713,#5714,#5715),(#5716,#5717,#5718),(#5719,#5720,#5721),(#5722,#5723,
#5724),(#5725,#5726,#5727),(#5728,#5729,#5730),(#5731,#5732,#5733),(#5734,
#5735,#5736),(#5737,#5738,#5739),(#5740,#5741,#5742),(#5743,#5744,#5745),
(#5746,#5747,#5748),(#5749,#5750,#5751),(#5752,#5753,#5754),(#5755,#5756,
#5757),(#5758,#5759,#5760),(#5761,#5762,#5763),(#5764,#5765,#5766),(#5767,
#5768,#5769),(#5770,#5771,#5772),(#5773,#5774,#5775),(#5776,#5777,#5778),
(#5779,#5780,#5781),(#5782,#5783,#5784),(#5785,#5786,#5787),(#5788,#5789,
#5790),(#5791,#5792,#5793),(#5794,#5795,#5796),(#5797,#5798,#5799),(#5800,
#5801,#5802),(#5803,#5804,#5805),(#5806,#5807,#5808)),.RULED_SURF.,.F.,
 .F.,.F.,(4,2,2,2,2,2,2,2,2,2,2,2,2,2,2,2,2,2,2,2,2,2,2,2,2,2,2,2,2,2,2,
2,2,2,2,2,4),(2,1,2),(0.,0.044572642193992,0.0891452843879841,0.133717926581976,
0.178290568775969,0.222863210969961,0.267435853163953,0.289722174260948,
0.312008495357945,0.33429481645494,0.356581137551936,0.374508495357945,
0.392435853163953,0.41036321096996,0.428290568775968,0.446217926581977,
0.464145284387984,0.482072642193992,0.5,0.517927357806008,0.535854715612016,
0.553782073418024,0.571709431224032,0.58963678903004,0.607564146836048,
0.625491504642056,0.643418862448064,0.66570518354506,0.687991504642056,
0.710277825739052,0.732564146836048,0.77713678903004,0.821709431224032,
0.866282073418024,0.910854715612016,0.955427357806008,1.),(-0.00600024194494489,
0.,1.),.UNSPECIFIED.);
#241=B_SPLINE_SURFACE_WITH_KNOTS('',3,3,((#5915,#5916,#5917,#5918,#5919),
(#5920,#5921,#5922,#5923,#5924),(#5925,#5926,#5927,#5928,#5929),(#5930,
#5931,#5932,#5933,#5934),(#5935,#5936,#5937,#5938,#5939),(#5940,#5941,#5942,
#5943,#5944),(#5945,#5946,#5947,#5948,#5949),(#5950,#5951,#5952,#5953,#5954),
(#5955,#5956,#5957,#5958,#5959),(#5960,#5961,#5962,#5963,#5964),(#5965,
#5966,#5967,#5968,#5969),(#5970,#5971,#5972,#5973,#5974),(#5975,#5976,#5977,
#5978,#5979),(#5980,#5981,#5982,#5983,#5984),(#5985,#5986,#5987,#5988,#5989),
(#5990,#5991,#5992,#5993,#5994),(#5995,#5996,#5997,#5998,#5999),(#6000,
#6001,#6002,#6003,#6004),(#6005,#6006,#6007,#6008,#6009),(#6010,#6011,#6012,
#6013,#6014),(#6015,#6016,#6017,#6018,#6019),(#6020,#6021,#6022,#6023,#6024),
(#6025,#6026,#6027,#6028,#6029),(#6030,#6031,#6032,#6033,#6034),(#6035,
#6036,#6037,#6038,#6039),(#6040,#6041,#6042,#6043,#6044),(#6045,#6046,#6047,
#6048,#6049),(#6050,#6051,#6052,#6053,#6054),(#6055,#6056,#6057,#6058,#6059),
(#6060,#6061,#6062,#6063,#6064),(#6065,#6066,#6067,#6068,#6069),(#6070,
#6071,#6072,#6073,#6074),(#6075,#6076,#6077,#6078,#6079),(#6080,#6081,#6082,
#6083,#6084),(#6085,#6086,#6087,#6088,#6089),(#6090,#6091,#6092,#6093,#6094),
(#6095,#6096,#6097,#6098,#6099),(#6100,#6101,#6102,#6103,#6104)),
 .UNSPECIFIED.,.F.,.F.,.F.,(4,1,1,1,1,1,1,1,1,1,1,1,1,1,1,1,1,1,1,1,1,1,
1,1,1,1,1,1,1,1,1,1,1,1,1,4),(4,1,4),(0.0029042218787927,0.127541194143944,
0.189859680276519,0.241791752053665,0.283337409475382,0.309303445363955,
0.327479670485957,0.337866084841386,0.345655895607958,0.352147404580101,
0.357340611757816,0.36253381893553,0.369025327907673,0.379411742263103,
0.392394760207389,0.413167588918248,0.439133624806821,0.470292867873109,
0.501452110939396,0.532611354005684,0.563770597071972,0.589736632960545,
0.610509461671403,0.62349247961569,0.633878893971119,0.640370402943263,
0.645563610120977,0.650756817298692,0.659844929859692,0.672827947803979,
0.693600776514837,0.71956681240341,0.761112469825127,0.813044541602274,
0.875363027734849,1.),(0.0431808982911299,0.509491796767496,0.975802695243863),
 .UNSPECIFIED.);
#242=B_SPLINE_SURFACE_WITH_KNOTS('',3,3,((#6169,#6170,#6171,#6172),(#6173,
#6174,#6175,#6176),(#6177,#6178,#6179,#6180),(#6181,#6182,#6183,#6184)),
 .UNSPECIFIED.,.F.,.F.,.F.,(4,4),(4,4),(0.0212707551116779,0.0989375492810692),
(0.0504395769967612,0.294647939945796),.UNSPECIFIED.);
#243=B_SPLINE_SURFACE_WITH_KNOTS('',3,3,((#6189,#6190,#6191,#6192,#6193),
(#6194,#6195,#6196,#6197,#6198),(#6199,#6200,#6201,#6202,#6203),(#6204,
#6205,#6206,#6207,#6208),(#6209,#6210,#6211,#6212,#6213)),.UNSPECIFIED.,
 .F.,.F.,.F.,(4,1,4),(4,1,4),(0.00370022902484249,0.498790236138853,0.993880243252864),
(0.333289637693587,0.650126810428747,0.966963983163907),.UNSPECIFIED.);
#244=B_SPLINE_SURFACE_WITH_KNOTS('',3,3,((#6229,#6230,#6231,#6232,#6233,
#6234),(#6235,#6236,#6237,#6238,#6239,#6240),(#6241,#6242,#6243,#6244,#6245,
#6246),(#6247,#6248,#6249,#6250,#6251,#6252),(#6253,#6254,#6255,#6256,#6257,
#6258)),.UNSPECIFIED.,.F.,.F.,.F.,(4,1,4),(4,1,1,4),(0.0122877044790258,
0.497929235751528,0.98357076702403),(0.00567944750648182,0.476956174305353,
0.673321477138217,0.948232901104225),.UNSPECIFIED.);
#245=B_SPLINE_SURFACE_WITH_KNOTS('',3,3,((#6270,#6271,#6272,#6273,#6274),
(#6275,#6276,#6277,#6278,#6279),(#6280,#6281,#6282,#6283,#6284),(#6285,
#6286,#6287,#6288,#6289),(#6290,#6291,#6292,#6293,#6294),(#6295,#6296,#6297,
#6298,#6299),(#6300,#6301,#6302,#6303,#6304),(#6305,#6306,#6307,#6308,#6309),
(#6310,#6311,#6312,#6313,#6314),(#6315,#6316,#6317,#6318,#6319),(#6320,
#6321,#6322,#6323,#6324),(#6325,#6326,#6327,#6328,#6329),(#6330,#6331,#6332,
#6333,#6334),(#6335,#6336,#6337,#6338,#6339),(#6340,#6341,#6342,#6343,#6344),
(#6345,#6346,#6347,#6348,#6349),(#6350,#6351,#6352,#6353,#6354),(#6355,
#6356,#6357,#6358,#6359),(#6360,#6361,#6362,#6363,#6364),(#6365,#6366,#6367,
#6368,#6369),(#6370,#6371,#6372,#6373,#6374),(#6375,#6376,#6377,#6378,#6379),
(#6380,#6381,#6382,#6383,#6384),(#6385,#6386,#6387,#6388,#6389),(#6390,
#6391,#6392,#6393,#6394),(#6395,#6396,#6397,#6398,#6399),(#6400,#6401,#6402,
#6403,#6404),(#6405,#6406,#6407,#6408,#6409),(#6410,#6411,#6412,#6413,#6414),
(#6415,#6416,#6417,#6418,#6419),(#6420,#6421,#6422,#6423,#6424),(#6425,
#6426,#6427,#6428,#6429),(#6430,#6431,#6432,#6433,#6434),(#6435,#6436,#6437,
#6438,#6439),(#6440,#6441,#6442,#6443,#6444),(#6445,#6446,#6447,#6448,#6449),
(#6450,#6451,#6452,#6453,#6454)),.UNSPECIFIED.,.F.,.F.,.F.,(4,1,1,1,1,1,
1,1,1,1,1,1,1,1,1,1,1,1,1,1,1,1,1,1,1,1,1,1,1,1,1,1,1,1,4),(4,1,4),(0.,
0.124946232671423,0.187419349007135,0.239480279286894,0.281129023510702,
0.307159488650582,0.327983860762486,0.340999093332426,0.350109756131384,
0.355315849159359,0.360521942187335,0.367029558472305,0.377441744528257,
0.390456977098197,0.411281349210101,0.437311814349981,0.468548372517837,
0.499784930685692,0.531021488853548,0.562258047021404,0.588288512161284,
0.609112884273188,0.622128116843128,0.632540302899079,0.639047919184049,
0.644254012212025,0.649460105240001,0.658570768038959,0.671586000608899,
0.692410372720803,0.718440837860683,0.760089582084491,0.81215051236425,
0.874623628699962,0.999569861371385),(0.0422405564187994,0.50972518858344,
0.97720982074808),.UNSPECIFIED.);
#246=B_SPLINE_SURFACE_WITH_KNOTS('',3,3,((#6504,#6505,#6506,#6507),(#6508,
#6509,#6510,#6511),(#6512,#6513,#6514,#6515),(#6516,#6517,#6518,#6519)),
 .UNSPECIFIED.,.F.,.F.,.F.,(4,4),(4,4),(0.907351437887917,0.974220170179803),
(0.0441900088752707,0.183548862603066),.UNSPECIFIED.);
#247=B_SPLINE_SURFACE_WITH_KNOTS('',3,3,((#7048,#7049,#7050,#7051,#7052,
#7053,#7054),(#7055,#7056,#7057,#7058,#7059,#7060,#7061),(#7062,#7063,#7064,
#7065,#7066,#7067,#7068),(#7069,#7070,#7071,#7072,#7073,#7074,#7075),(#7076,
#7077,#7078,#7079,#7080,#7081,#7082)),.UNSPECIFIED.,.F.,.F.,.F.,(4,1,4),
(4,1,1,1,4),(0.,0.610639405505468,1.22127881101094),(0.0639571327083805,
0.466878090737761,0.613394802748445,0.723282336756458,0.943057404772485),
 .UNSPECIFIED.);
#248=B_SPLINE_SURFACE_WITH_KNOTS('',3,1,((#7131,#7132),(#7133,#7134),(#7135,
#7136),(#7137,#7138),(#7139,#7140),(#7141,#7142),(#7143,#7144),(#7145,#7146),
(#7147,#7148),(#7149,#7150),(#7151,#7152),(#7153,#7154),(#7155,#7156),(#7157,
#7158),(#7159,#7160),(#7161,#7162),(#7163,#7164),(#7165,#7166),(#7167,#7168),
(#7169,#7170),(#7171,#7172),(#7173,#7174),(#7175,#7176),(#7177,#7178),(#7179,
#7180),(#7181,#7182),(#7183,#7184),(#7185,#7186),(#7187,#7188),(#7189,#7190)),
 .RULED_SURF.,.F.,.F.,.F.,(4,2,2,2,2,2,2,2,2,2,2,2,2,2,4),(2,2),(0.,0.055471353253032,
0.083207029879548,0.110942706506064,0.166414059759096,0.221885413012128,
0.249621089638644,0.27735676626516,0.305092442891676,0.332828119518192,
0.360563796144708,0.388299472771224,0.41603514939774,0.443770826024256,
1.),(0.,1.),.UNSPECIFIED.);
#249=B_SPLINE_SURFACE_WITH_KNOTS('',3,1,((#7232,#7233,#7234),(#7235,#7236,
#7237),(#7238,#7239,#7240),(#7241,#7242,#7243),(#7244,#7245,#7246),(#7247,
#7248,#7249),(#7250,#7251,#7252),(#7253,#7254,#7255),(#7256,#7257,#7258),
(#7259,#7260,#7261)),.RULED_SURF.,.F.,.F.,.F.,(4,3,3,4),(2,1,2),(-0.100000000000031,
0.,1.,1.10000000000001),(0.,1.,1.10000000000002),
 .PIECEWISE_BEZIER_KNOTS.);
#250=B_SPLINE_SURFACE_WITH_KNOTS('',3,1,((#7270,#7271,#7272),(#7273,#7274,
#7275),(#7276,#7277,#7278),(#7279,#7280,#7281),(#7282,#7283,#7284),(#7285,
#7286,#7287),(#7288,#7289,#7290),(#7291,#7292,#7293),(#7294,#7295,#7296),
(#7297,#7298,#7299)),.RULED_SURF.,.F.,.F.,.F.,(4,3,3,4),(2,1,2),(-0.100000000000053,
0.,1.,1.10000000000001),(0.,1.,1.1),.PIECEWISE_BEZIER_KNOTS.);
#251=B_SPLINE_SURFACE_WITH_KNOTS('',3,1,((#7316,#7317),(#7318,#7319),(#7320,
#7321),(#7322,#7323),(#7324,#7325),(#7326,#7327),(#7328,#7329)),
 .RULED_SURF.,.F.,.F.,.F.,(4,3,4),(2,2),(0.,1.,1.1),(0.,1.),
 .PIECEWISE_BEZIER_KNOTS.);
#252=B_SPLINE_SURFACE_WITH_KNOTS('',3,1,((#7335,#7336),(#7337,#7338),(#7339,
#7340),(#7341,#7342)),.RULED_SURF.,.F.,.F.,.F.,(4,4),(2,2),(0.,1.),(0.,
1.),.PIECEWISE_BEZIER_KNOTS.);
#253=B_SPLINE_SURFACE_WITH_KNOTS('',3,1,((#7348,#7349,#7350),(#7351,#7352,
#7353),(#7354,#7355,#7356),(#7357,#7358,#7359),(#7360,#7361,#7362),(#7363,
#7364,#7365),(#7366,#7367,#7368),(#7369,#7370,#7371),(#7372,#7373,#7374),
(#7375,#7376,#7377),(#7378,#7379,#7380),(#7381,#7382,#7383),(#7384,#7385,
#7386),(#7387,#7388,#7389),(#7390,#7391,#7392),(#7393,#7394,#7395),(#7396,
#7397,#7398),(#7399,#7400,#7401),(#7402,#7403,#7404),(#7405,#7406,#7407),
(#7408,#7409,#7410),(#7411,#7412,#7413),(#7414,#7415,#7416),(#7417,#7418,
#7419),(#7420,#7421,#7422),(#7423,#7424,#7425),(#7426,#7427,#7428),(#7429,
#7430,#7431),(#7432,#7433,#7434),(#7435,#7436,#7437)),.RULED_SURF.,.F.,
 .F.,.F.,(4,2,2,2,2,2,2,2,2,2,2,2,2,2,4),(2,1,2),(0.,0.0554713532530324,
0.0832070298795485,0.110942706506065,0.166414059759097,0.221885413012129,
0.249621089638645,0.277356766265162,0.305092442891678,0.332828119518194,
0.360563796144711,0.388299472771227,0.416035149397742,0.443770826024259,
1.),(0.,1.,1.0753223483062),.UNSPECIFIED.);
#254=B_SPLINE_SURFACE_WITH_KNOTS('',3,3,((#7460,#7461,#7462,#7463,#7464,
#7465),(#7466,#7467,#7468,#7469,#7470,#7471),(#7472,#7473,#7474,#7475,#7476,
#7477),(#7478,#7479,#7480,#7481,#7482,#7483),(#7484,#7485,#7486,#7487,#7488,
#7489)),.UNSPECIFIED.,.F.,.F.,.F.,(4,1,4),(4,1,1,4),(0.131937941903776,
0.259297828373765,0.386657714843753),(0.129571595693821,0.432593528616384,
0.558852667334119,0.735615461538947),.UNSPECIFIED.);
#255=B_SPLINE_SURFACE_WITH_KNOTS('',3,3,((#7510,#7511,#7512,#7513,#7514,
#7515,#7516,#7517,#7518),(#7519,#7520,#7521,#7522,#7523,#7524,#7525,#7526,
#7527),(#7528,#7529,#7530,#7531,#7532,#7533,#7534,#7535,#7536),(#7537,#7538,
#7539,#7540,#7541,#7542,#7543,#7544,#7545),(#7546,#7547,#7548,#7549,#7550,
#7551,#7552,#7553,#7554),(#7555,#7556,#7557,#7558,#7559,#7560,#7561,#7562,
#7563),(#7564,#7565,#7566,#7567,#7568,#7569,#7570,#7571,#7572),(#7573,#7574,
#7575,#7576,#7577,#7578,#7579,#7580,#7581),(#7582,#7583,#7584,#7585,#7586,
#7587,#7588,#7589,#7590),(#7591,#7592,#7593,#7594,#7595,#7596,#7597,#7598,
#7599),(#7600,#7601,#7602,#7603,#7604,#7605,#7606,#7607,#7608),(#7609,#7610,
#7611,#7612,#7613,#7614,#7615,#7616,#7617),(#7618,#7619,#7620,#7621,#7622,
#7623,#7624,#7625,#7626),(#7627,#7628,#7629,#7630,#7631,#7632,#7633,#7634,
#7635)),.UNSPECIFIED.,.F.,.F.,.F.,(4,1,1,1,1,1,1,1,1,1,1,4),(4,1,1,1,1,
1,4),(-1.15299208114982,-0.614779736207013,-0.345673563735609,-0.0765673912642055,
0.147687752461964,0.3270918674429,0.461644953678602,0.596198039914304,0.708325611777389,
0.798027669267857,0.865304212385708,0.999857298621409),(0.0467917050116377,
0.272931586679108,0.386001527512843,0.499071468346578,0.612141409180313,
0.725211350014048,0.951351231681518),.UNSPECIFIED.);
#256=B_SPLINE_SURFACE_WITH_KNOTS('',3,3,((#7666,#7667,#7668,#7669,#7670),
(#7671,#7672,#7673,#7674,#7675),(#7676,#7677,#7678,#7679,#7680),(#7681,
#7682,#7683,#7684,#7685),(#7686,#7687,#7688,#7689,#7690),(#7691,#7692,#7693,
#7694,#7695)),.UNSPECIFIED.,.F.,.F.,.F.,(4,1,1,4),(4,1,4),(0.386657714843741,
0.565549214680983,0.69332885742187,1.),(0.0692313160881818,0.494003250337308,
0.918775184586434),.UNSPECIFIED.);
#257=B_SPLINE_SURFACE_WITH_KNOTS('',3,3,((#7705,#7706,#7707,#7708),(#7709,
#7710,#7711,#7712),(#7713,#7714,#7715,#7716),(#7717,#7718,#7719,#7720),
(#7721,#7722,#7723,#7724),(#7725,#7726,#7727,#7728),(#7729,#7730,#7731,
#7732),(#7733,#7734,#7735,#7736),(#7737,#7738,#7739,#7740),(#7741,#7742,
#7743,#7744),(#7745,#7746,#7747,#7748),(#7749,#7750,#7751,#7752),(#7753,
#7754,#7755,#7756),(#7757,#7758,#7759,#7760),(#7761,#7762,#7763,#7764),
(#7765,#7766,#7767,#7768),(#7769,#7770,#7771,#7772),(#7773,#7774,#7775,
#7776),(#7777,#7778,#7779,#7780),(#7781,#7782,#7783,#7784)),
 .UNSPECIFIED.,.F.,.F.,.F.,(4,1,1,1,1,1,1,1,1,1,1,1,1,1,1,1,1,4),(4,4),
(0.000755597022852174,0.119430308407093,0.178767664099214,0.238105019791334,
0.297442375483455,0.346890171893556,0.386448409021636,0.411172307226686,
0.430951425790726,0.445785764713756,0.460620103636787,0.480399222200827,
0.505123120405877,0.544681357533957,0.594129153944058,0.653466509636178,
0.732582983892339,0.950153288096781),(0.387865544461669,1.07532234830543),
 .UNSPECIFIED.);
#258=B_SPLINE_SURFACE_WITH_KNOTS('',3,3,((#7852,#7853,#7854,#7855),(#7856,
#7857,#7858,#7859),(#7860,#7861,#7862,#7863),(#7864,#7865,#7866,#7867),
(#7868,#7869,#7870,#7871)),.UNSPECIFIED.,.F.,.F.,.F.,(4,1,4),(4,4),(0.0926071743138436,
0.549794245493252,1.00698131667266),(-0.258345759624713,0.83423653336345),
 .UNSPECIFIED.);
#259=B_SPLINE_SURFACE_WITH_KNOTS('',3,3,((#7920,#7921,#7922,#7923,#7924),
(#7925,#7926,#7927,#7928,#7929),(#7930,#7931,#7932,#7933,#7934),(#7935,
#7936,#7937,#7938,#7939)),.UNSPECIFIED.,.F.,.F.,.F.,(4,4),(4,1,4),(0.0222766078266025,
0.351953830453433),(0.259064634133173,0.483255076473896,0.707445518814619),
 .UNSPECIFIED.);
#260=B_SPLINE_SURFACE_WITH_KNOTS('',3,3,((#7950,#7951,#7952,#7953,#7954,
#7955),(#7956,#7957,#7958,#7959,#7960,#7961),(#7962,#7963,#7964,#7965,#7966,
#7967),(#7968,#7969,#7970,#7971,#7972,#7973),(#7974,#7975,#7976,#7977,#7978,
#7979),(#7980,#7981,#7982,#7983,#7984,#7985),(#7986,#7987,#7988,#7989,#7990,
#7991),(#7992,#7993,#7994,#7995,#7996,#7997),(#7998,#7999,#8000,#8001,#8002,
#8003)),.UNSPECIFIED.,.F.,.F.,.F.,(4,1,1,1,1,1,4),(4,1,1,4),(-0.00826537410325088,
0.244698224545389,0.371180023869708,0.497661823194028,0.624143622518348,
0.750625421842668,1.00358902049131),(-0.0242326937105817,0.234208013404954,
0.418808518487479,0.86184973068554),.UNSPECIFIED.);
#261=B_SPLINE_SURFACE_WITH_KNOTS('',3,3,((#8032,#8033,#8034,#8035,#8036,
#8037),(#8038,#8039,#8040,#8041,#8042,#8043),(#8044,#8045,#8046,#8047,#8048,
#8049),(#8050,#8051,#8052,#8053,#8054,#8055),(#8056,#8057,#8058,#8059,#8060,
#8061)),.UNSPECIFIED.,.F.,.F.,.F.,(4,1,4),(4,1,1,4),(-0.15623624783774,
0.42188187608113,1.),(0.0753549547947998,0.346801690559741,0.540692216106128,
1.00602947741746),.UNSPECIFIED.);
#262=B_SPLINE_SURFACE_WITH_KNOTS('',3,1,((#8131,#8132),(#8133,#8134),(#8135,
#8136),(#8137,#8138),(#8139,#8140),(#8141,#8142),(#8143,#8144),(#8145,#8146),
(#8147,#8148),(#8149,#8150)),.RULED_SURF.,.F.,.F.,.F.,(4,2,2,2,4),(2,2),
(0.856011363137419,0.889057293493936,0.916792970120452,0.944528646746968,
1.),(0.214915687240241,0.707724968074119),.UNSPECIFIED.);
#263=B_SPLINE_SURFACE_WITH_KNOTS('',3,1,((#8163,#8164,#8165),(#8166,#8167,
#8168),(#8169,#8170,#8171),(#8172,#8173,#8174),(#8175,#8176,#8177),(#8178,
#8179,#8180),(#8181,#8182,#8183),(#8184,#8185,#8186),(#8187,#8188,#8189),
(#8190,#8191,#8192),(#8193,#8194,#8195),(#8196,#8197,#8198),(#8199,#8200,
#8201),(#8202,#8203,#8204),(#8205,#8206,#8207),(#8208,#8209,#8210),(#8211,
#8212,#8213),(#8214,#8215,#8216),(#8217,#8218,#8219),(#8220,#8221,#8222),
(#8223,#8224,#8225),(#8226,#8227,#8228),(#8229,#8230,#8231),(#8232,#8233,
#8234),(#8235,#8236,#8237),(#8238,#8239,#8240),(#8241,#8242,#8243),(#8244,
#8245,#8246),(#8247,#8248,#8249),(#8250,#8251,#8252)),.RULED_SURF.,.F.,
 .F.,.F.,(4,2,2,2,2,2,2,2,2,2,2,2,2,2,4),(2,1,2),(0.,0.556229173975744,
0.583964850602259,0.611700527228776,0.639436203855292,0.667171880481808,
0.694907557108324,0.72264323373484,0.750378910361356,0.778114586987872,
0.833585940240904,0.889057293493936,0.916792970120452,0.944528646746968,
1.),(-0.00369316614009957,0.,0.619197823305416),.UNSPECIFIED.);
#264=B_SPLINE_SURFACE_WITH_KNOTS('',3,1,((#8283,#8284,#8285),(#8286,#8287,
#8288),(#8289,#8290,#8291),(#8292,#8293,#8294),(#8295,#8296,#8297),(#8298,
#8299,#8300),(#8301,#8302,#8303)),.RULED_SURF.,.F.,.F.,.F.,(4,3,4),(2,1,
2),(-0.100000000001236,0.,1.),(0.,1.,1.01),.PIECEWISE_BEZIER_KNOTS.);
#265=B_SPLINE_SURFACE_WITH_KNOTS('',3,1,((#8537,#8538),(#8539,#8540),(#8541,
#8542),(#8543,#8544),(#8545,#8546),(#8547,#8548),(#8549,#8550)),
 .RULED_SURF.,.F.,.F.,.F.,(4,3,4),(2,2),(0.,1.,1.05953340203647),(0.,1.),
 .PIECEWISE_BEZIER_KNOTS.);
#266=B_SPLINE_SURFACE_WITH_KNOTS('',3,1,((#8556,#8557,#8558,#8559),(#8560,
#8561,#8562,#8563),(#8564,#8565,#8566,#8567),(#8568,#8569,#8570,#8571),
(#8572,#8573,#8574,#8575),(#8576,#8577,#8578,#8579),(#8580,#8581,#8582,
#8583),(#8584,#8585,#8586,#8587),(#8588,#8589,#8590,#8591),(#8592,#8593,
#8594,#8595)),.RULED_SURF.,.F.,.F.,.F.,(4,3,3,4),(2,1,1,2),(-0.01,0.,1.,
1.01745639060196),(-0.0242326937105817,0.,1.,1.04451958295656),
 .PIECEWISE_BEZIER_KNOTS.);
#267=B_SPLINE_SURFACE_WITH_KNOTS('',3,1,((#8601,#8602,#8603),(#8604,#8605,
#8606),(#8607,#8608,#8609),(#8610,#8611,#8612),(#8613,#8614,#8615),(#8616,
#8617,#8618),(#8619,#8620,#8621),(#8622,#8623,#8624),(#8625,#8626,#8627),
(#8628,#8629,#8630),(#8631,#8632,#8633),(#8634,#8635,#8636),(#8637,#8638,
#8639),(#8640,#8641,#8642),(#8643,#8644,#8645),(#8646,#8647,#8648),(#8649,
#8650,#8651),(#8652,#8653,#8654),(#8655,#8656,#8657),(#8658,#8659,#8660),
(#8661,#8662,#8663),(#8664,#8665,#8666),(#8667,#8668,#8669),(#8670,#8671,
#8672),(#8673,#8674,#8675),(#8676,#8677,#8678),(#8679,#8680,#8681),(#8682,
#8683,#8684),(#8685,#8686,#8687),(#8688,#8689,#8690)),.RULED_SURF.,.F.,
 .F.,.F.,(4,2,2,2,2,2,2,2,2,2,2,2,2,2,4),(2,1,2),(0.,0.556229173975744,
0.58396485060226,0.611700527228776,0.639436203855292,0.667171880481808,
0.694907557108324,0.72264323373484,0.750378910361356,0.778114586987872,
0.833585940240904,0.889057293493936,0.916792970120452,0.944528646746968,
1.),(-0.0060010135988465,0.,1.),.UNSPECIFIED.);
#268=B_SPLINE_SURFACE_WITH_KNOTS('',3,1,((#8698,#8699),(#8700,#8701),(#8702,
#8703),(#8704,#8705)),.RULED_SURF.,.F.,.F.,.F.,(4,4),(2,2),(0.,1.),(0.,
1.),.PIECEWISE_BEZIER_KNOTS.);
#269=B_SPLINE_SURFACE_WITH_KNOTS('',3,3,((#8730,#8731,#8732,#8733),(#8734,
#8735,#8736,#8737),(#8738,#8739,#8740,#8741),(#8742,#8743,#8744,#8745),
(#8746,#8747,#8748,#8749)),.UNSPECIFIED.,.F.,.F.,.F.,(4,1,4),(4,4),(0.,
0.529766701018235,1.05953340203647),(0.0314153711915345,1.),
 .UNSPECIFIED.);
#270=B_SPLINE_SURFACE_WITH_KNOTS('',3,3,((#8768,#8769,#8770,#8771,#8772,
#8773),(#8774,#8775,#8776,#8777,#8778,#8779),(#8780,#8781,#8782,#8783,#8784,
#8785),(#8786,#8787,#8788,#8789,#8790,#8791),(#8792,#8793,#8794,#8795,#8796,
#8797),(#8798,#8799,#8800,#8801,#8802,#8803)),.UNSPECIFIED.,.F.,.F.,.F.,
(4,1,1,4),(4,1,1,4),(0.,0.450187101887818,0.637765061007743,0.900374203775637),
(0.12366618952343,0.367817885540458,0.542211954124049,0.960757718724668),
 .UNSPECIFIED.);
#271=B_SPLINE_CURVE_WITH_KNOTS('',3,(#5133,#5134,#5135,#5136),
 .UNSPECIFIED.,.F.,.F.,(4,4),(0.0102082735788154,0.0120055805504258),
 .UNSPECIFIED.);
#272=B_SPLINE_CURVE_WITH_KNOTS('',3,(#5138,#5139,#5140,#5141),
 .UNSPECIFIED.,.F.,.F.,(4,4),(0.0672080842160228,0.0747160555492557),
 .UNSPECIFIED.);
#273=B_SPLINE_CURVE_WITH_KNOTS('',3,(#5149,#5150,#5151,#5152),
 .UNSPECIFIED.,.F.,.F.,(4,4),(0.067390823286492,0.0748081487264461),
 .UNSPECIFIED.);
#274=B_SPLINE_CURVE_WITH_KNOTS('',3,(#5154,#5155,#5156,#5157),
 .UNSPECIFIED.,.F.,.F.,(4,4),(0.,0.0261393093720769),.UNSPECIFIED.);
#275=B_SPLINE_CURVE_WITH_KNOTS('',3,(#5159,#5160,#5161,#5162),
 .UNSPECIFIED.,.F.,.F.,(4,4),(0.0394492826908674,0.0470080979370795),
 .UNSPECIFIED.);
#276=B_SPLINE_CURVE_WITH_KNOTS('',3,(#5170,#5171,#5172,#5173),
 .UNSPECIFIED.,.F.,.F.,(4,4),(0.0505343143453538,0.057785964567531),
 .UNSPECIFIED.);
#277=B_SPLINE_CURVE_WITH_KNOTS('',3,(#5175,#5176,#5177,#5178),
 .UNSPECIFIED.,.F.,.F.,(4,4),(0.00992913066397379,0.0119911719953491),
 .UNSPECIFIED.);
#278=B_SPLINE_CURVE_WITH_KNOTS('',3,(#5412,#5413,#5414,#5415),
 .UNSPECIFIED.,.F.,.F.,(4,4),(0.,0.00263983594224342),.UNSPECIFIED.);
#279=B_SPLINE_CURVE_WITH_KNOTS('',3,(#5429,#5430,#5431,#5432),
 .UNSPECIFIED.,.F.,.F.,(4,4),(0.,0.00534502587688319),.UNSPECIFIED.);
#280=B_SPLINE_CURVE_WITH_KNOTS('',3,(#5433,#5434,#5435,#5436),
 .UNSPECIFIED.,.F.,.F.,(4,4),(2.17745320828978E-14,0.00340137883573727),
 .UNSPECIFIED.);
#281=B_SPLINE_CURVE_WITH_KNOTS('',3,(#5439,#5440,#5441,#5442,#5443,#5444,
#5445),.UNSPECIFIED.,.F.,.F.,(4,1,1,1,4),(4.79016176428845E-18,0.00217296108480438,
0.00434592216960876,0.00651888325441313,0.00869184433921751),
 .UNSPECIFIED.);
#282=B_SPLINE_CURVE_WITH_KNOTS('',3,(#5447,#5448,#5449,#5450,#5451,#5452,
#5453),.UNSPECIFIED.,.F.,.F.,(4,1,1,1,4),(4.87890977618477E-19,0.00147711684852317,
0.00295423369704635,0.00443135054556952,0.00590846739409269),
 .UNSPECIFIED.);
#283=B_SPLINE_CURVE_WITH_KNOTS('',3,(#5455,#5456,#5457,#5458),
 .UNSPECIFIED.,.F.,.F.,(4,4),(0.,0.00817295947061),.UNSPECIFIED.);
#284=B_SPLINE_CURVE_WITH_KNOTS('',3,(#5460,#5461,#5462,#5463),
 .UNSPECIFIED.,.F.,.F.,(4,4),(1.0842021724855E-19,0.00116929329667376),
 .UNSPECIFIED.);
#285=B_SPLINE_CURVE_WITH_KNOTS('',3,(#5465,#5466,#5467,#5468,#5469,#5470,
#5471,#5472,#5473),.UNSPECIFIED.,.F.,.F.,(4,1,1,1,1,1,4),(0.0020833591248043,
0.0045971820114429,0.00711100489808151,0.00836791634140081,0.00962482778472012,
0.0108817392280394,0.0121386506713587),.UNSPECIFIED.);
#286=B_SPLINE_CURVE_WITH_KNOTS('',3,(#5482,#5483,#5484,#5485),
 .UNSPECIFIED.,.F.,.F.,(4,4),(1.73472347597681E-18,0.0033615924614746),
 .UNSPECIFIED.);
#287=B_SPLINE_CURVE_WITH_KNOTS('',3,(#5540,#5541,#5542,#5543),
 .UNSPECIFIED.,.F.,.F.,(4,4),(3.46944695195361E-18,0.0196183963284747),
 .UNSPECIFIED.);
#288=B_SPLINE_CURVE_WITH_KNOTS('',3,(#5809,#5810,#5811,#5812),
 .UNSPECIFIED.,.F.,.F.,(4,4),(4.33680868994202E-19,0.00160883996179461),
 .UNSPECIFIED.);
#289=B_SPLINE_CURVE_WITH_KNOTS('',3,(#5815,#5816,#5817,#5818,#5819),
 .UNSPECIFIED.,.F.,.F.,(4,1,4),(2.20323540265612E-16,0.0042401804468456,
0.00848036089369098),.UNSPECIFIED.);
#290=B_SPLINE_CURVE_WITH_KNOTS('',3,(#5821,#5822,#5823,#5824,#5825),
 .UNSPECIFIED.,.F.,.F.,(4,1,4),(4.87890977618477E-19,0.002866745310272,
0.00573349062054401),.UNSPECIFIED.);
#291=B_SPLINE_CURVE_WITH_KNOTS('',3,(#5827,#5828,#5829,#5830),
 .UNSPECIFIED.,.F.,.F.,(4,4),(0.,0.00889214577331409),.UNSPECIFIED.);
#292=B_SPLINE_CURVE_WITH_KNOTS('',3,(#5832,#5833,#5834,#5835),
 .UNSPECIFIED.,.F.,.F.,(4,4),(4.02420152627863E-17,0.00275238163795131),
 .UNSPECIFIED.);
#293=B_SPLINE_CURVE_WITH_KNOTS('',3,(#5837,#5838,#5839,#5840,#5841,#5842,
#5843,#5844),.UNSPECIFIED.,.F.,.F.,(4,1,1,1,1,4),(0.00106931681551028,0.00362531756342726,
0.00618131831134423,0.00873731905926121,0.0100153194332197,0.0112933198071782),
 .UNSPECIFIED.);
#294=B_SPLINE_CURVE_WITH_KNOTS('',3,(#5845,#5846,#5847,#5848),
 .UNSPECIFIED.,.F.,.F.,(4,4),(1.35486234660355E-17,0.00478268073284863),
 .UNSPECIFIED.);
#295=B_SPLINE_CURVE_WITH_KNOTS('',3,(#5850,#5851,#5852,#5853),
 .UNSPECIFIED.,.F.,.F.,(4,4),(6.50521303491303E-19,0.00691523141881926),
 .UNSPECIFIED.);
#296=B_SPLINE_CURVE_WITH_KNOTS('',3,(#6105,#6106,#6107,#6108),
 .UNSPECIFIED.,.F.,.F.,(4,4),(0.,0.000666121584897545),.UNSPECIFIED.);
#297=B_SPLINE_CURVE_WITH_KNOTS('',3,(#6111,#6112,#6113,#6114),
 .UNSPECIFIED.,.F.,.F.,(4,4),(0.,0.00133425684905567),.UNSPECIFIED.);
#298=B_SPLINE_CURVE_WITH_KNOTS('',3,(#6116,#6117,#6118,#6119),
 .UNSPECIFIED.,.F.,.F.,(4,4),(0.,0.00496612839022085),.UNSPECIFIED.);
#299=B_SPLINE_CURVE_WITH_KNOTS('',3,(#6120,#6121,#6122,#6123),
 .UNSPECIFIED.,.F.,.F.,(4,4),(0.,0.00854926663053948),.UNSPECIFIED.);
#300=B_SPLINE_CURVE_WITH_KNOTS('',3,(#6125,#6126,#6127,#6128,#6129,#6130,
#6131,#6132),.UNSPECIFIED.,.F.,.F.,(4,1,1,1,1,4),(0.,0.00200878517042076,
0.00301317775563113,0.00401757034084151,0.00602635551126227,0.00803514068168302),
 .UNSPECIFIED.);
#301=B_SPLINE_CURVE_WITH_KNOTS('',3,(#6134,#6135,#6136,#6137,#6138,#6139,
#6140,#6141),.UNSPECIFIED.,.F.,.F.,(4,1,1,1,1,4),(0.00282825789152617,0.00554807382286183,
0.0082678897541975,0.00962779771986533,0.0109877056855332,0.0137075216168688),
 .UNSPECIFIED.);
#302=B_SPLINE_CURVE_WITH_KNOTS('',3,(#6142,#6143,#6144,#6145),
 .UNSPECIFIED.,.F.,.F.,(4,4),(0.,0.018486871495982),.UNSPECIFIED.);
#303=B_SPLINE_CURVE_WITH_KNOTS('',3,(#6147,#6148,#6149,#6150),
 .UNSPECIFIED.,.F.,.F.,(4,4),(0.0223750668341011,0.0272882767148271),
 .UNSPECIFIED.);
#304=B_SPLINE_CURVE_WITH_KNOTS('',3,(#6152,#6153,#6154,#6155,#6156),
 .UNSPECIFIED.,.F.,.F.,(4,1,4),(0.00400004968240917,0.00702233021856852,
0.0100446107547279),.UNSPECIFIED.);
#305=B_SPLINE_CURVE_WITH_KNOTS('',3,(#6158,#6159,#6160,#6161,#6162),
 .UNSPECIFIED.,.F.,.F.,(4,1,4),(0.0275771030731503,0.0305793566409577,0.0335816102087651),
 .UNSPECIFIED.);
#306=B_SPLINE_CURVE_WITH_KNOTS('',3,(#6164,#6165,#6166,#6167,#6168),
 .UNSPECIFIED.,.F.,.F.,(4,1,4),(0.,0.00632042127765031,0.0126408425553006),
 .UNSPECIFIED.);
#307=B_SPLINE_CURVE_WITH_KNOTS('',3,(#6185,#6186,#6187,#6188),
 .UNSPECIFIED.,.F.,.F.,(4,4),(0.0234266343199315,0.027953569438579),
 .UNSPECIFIED.);
#308=B_SPLINE_CURVE_WITH_KNOTS('',3,(#6214,#6215,#6216,#6217),
 .UNSPECIFIED.,.F.,.F.,(4,4),(0.,0.0194965979051346),.UNSPECIFIED.);
#309=B_SPLINE_CURVE_WITH_KNOTS('',3,(#6219,#6220,#6221,#6222,#6223),
 .UNSPECIFIED.,.F.,.F.,(4,1,4),(0.,0.00330241856589114,0.00660483713178228),
 .UNSPECIFIED.);
#310=B_SPLINE_CURVE_WITH_KNOTS('',3,(#6225,#6226,#6227,#6228),
 .UNSPECIFIED.,.F.,.F.,(4,4),(0.,0.0133947263262646),.UNSPECIFIED.);
#311=B_SPLINE_CURVE_WITH_KNOTS('',3,(#6259,#6260,#6261,#6262,#6263),
 .UNSPECIFIED.,.F.,.F.,(4,1,4),(0.,0.0084129024705657,0.0168258049411314),
 .UNSPECIFIED.);
#312=B_SPLINE_CURVE_WITH_KNOTS('',3,(#6265,#6266,#6267,#6268,#6269),
 .UNSPECIFIED.,.F.,.F.,(4,1,4),(3.87895961444886E-18,0.00348406295449942,
0.00696812590899884),.UNSPECIFIED.);
#313=B_SPLINE_CURVE_WITH_KNOTS('',3,(#6455,#6456,#6457,#6458),
 .UNSPECIFIED.,.F.,.F.,(4,4),(0.,0.00305806020446147),.UNSPECIFIED.);
#314=B_SPLINE_CURVE_WITH_KNOTS('',3,(#6460,#6461,#6462,#6463),
 .UNSPECIFIED.,.F.,.F.,(4,4),(0.,0.00382411630942702),.UNSPECIFIED.);
#315=B_SPLINE_CURVE_WITH_KNOTS('',3,(#6465,#6466,#6467,#6468),
 .UNSPECIFIED.,.F.,.F.,(4,4),(0.,0.00260004837873021),.UNSPECIFIED.);
#316=B_SPLINE_CURVE_WITH_KNOTS('',3,(#6469,#6470,#6471,#6472),
 .UNSPECIFIED.,.F.,.F.,(4,4),(0.0345394872291482,0.0400074075582608),
 .UNSPECIFIED.);
#317=B_SPLINE_CURVE_WITH_KNOTS('',3,(#6474,#6475,#6476,#6477),
 .UNSPECIFIED.,.F.,.F.,(4,4),(0.00437623601111875,0.0104902800233969),
 .UNSPECIFIED.);
#318=B_SPLINE_CURVE_WITH_KNOTS('',3,(#6479,#6480,#6481,#6482,#6483),
 .UNSPECIFIED.,.F.,.F.,(4,1,4),(0.0283094075833031,0.0311746985036927,0.0340399894240824),
 .UNSPECIFIED.);
#319=B_SPLINE_CURVE_WITH_KNOTS('',3,(#6484,#6485,#6486,#6487,#6488),
 .UNSPECIFIED.,.F.,.F.,(4,1,4),(0.00284169727743465,0.0081019449191135,
0.0133621925607924),.UNSPECIFIED.);
#320=B_SPLINE_CURVE_WITH_KNOTS('',3,(#6490,#6491,#6492,#6493,#6494,#6495,
#6496,#6497,#6498),.UNSPECIFIED.,.F.,.F.,(4,1,1,1,1,1,4),(0.,0.00101917189597291,
0.00203834379194582,0.00407668758389164,0.00611503137583746,0.00713420327181037,
0.00815337516778328),.UNSPECIFIED.);
#321=B_SPLINE_CURVE_WITH_KNOTS('',3,(#6500,#6501,#6502,#6503),
 .UNSPECIFIED.,.F.,.F.,(4,4),(0.,0.00874752337950744),.UNSPECIFIED.);
#322=B_SPLINE_CURVE_WITH_KNOTS('',3,(#6520,#6521,#6522,#6523),
 .UNSPECIFIED.,.F.,.F.,(4,4),(0.0239158419561695,0.0263903276744357),
 .UNSPECIFIED.);
#323=B_SPLINE_CURVE_WITH_KNOTS('',3,(#6611,#6612,#6613,#6614),
 .UNSPECIFIED.,.F.,.F.,(4,4),(5.04367751041548E-19,0.00277101073015185),
 .UNSPECIFIED.);
#324=B_SPLINE_CURVE_WITH_KNOTS('',3,(#6616,#6617,#6618,#6619),
 .UNSPECIFIED.,.F.,.F.,(4,4),(0.,0.00277101073015185),.UNSPECIFIED.);
#325=B_SPLINE_CURVE_WITH_KNOTS('',3,(#6623,#6624,#6625,#6626),
 .UNSPECIFIED.,.F.,.F.,(4,4),(0.0272845118789048,0.0300472559175996),
 .UNSPECIFIED.);
#326=B_SPLINE_CURVE_WITH_KNOTS('',3,(#6628,#6629,#6630,#6631),
 .UNSPECIFIED.,.F.,.F.,(4,4),(0.011659466149699,0.0144166445203213),
 .UNSPECIFIED.);
#327=B_SPLINE_CURVE_WITH_KNOTS('',3,(#6636,#6637,#6638,#6639),
 .UNSPECIFIED.,.F.,.F.,(4,4),(9.69739903612216E-19,0.00277101073015185),
 .UNSPECIFIED.);
#328=B_SPLINE_CURVE_WITH_KNOTS('',3,(#6641,#6642,#6643,#6644),
 .UNSPECIFIED.,.F.,.F.,(4,4),(0.,0.00277101073015185),.UNSPECIFIED.);
#329=B_SPLINE_CURVE_WITH_KNOTS('',3,(#6645,#6646,#6647,#6648),
 .UNSPECIFIED.,.F.,.F.,(4,4),(0.027438887427534,0.0302015485277895),
 .UNSPECIFIED.);
#330=B_SPLINE_CURVE_WITH_KNOTS('',3,(#6650,#6651,#6652,#6653),
 .UNSPECIFIED.,.F.,.F.,(4,4),(0.011659466149699,0.0144166445203212),
 .UNSPECIFIED.);
#331=B_SPLINE_CURVE_WITH_KNOTS('',3,(#6658,#6659,#6660,#6661),
 .UNSPECIFIED.,.F.,.F.,(4,4),(0.,0.00277101073015185),.UNSPECIFIED.);
#332=B_SPLINE_CURVE_WITH_KNOTS('',3,(#6663,#6664,#6665,#6666),
 .UNSPECIFIED.,.F.,.F.,(4,4),(3.08906221717056E-19,0.00277101073015186),
 .UNSPECIFIED.);
#333=B_SPLINE_CURVE_WITH_KNOTS('',3,(#6667,#6668,#6669,#6670),
 .UNSPECIFIED.,.F.,.F.,(4,4),(0.0262799905096909,0.0290432920422267),
 .UNSPECIFIED.);
#334=B_SPLINE_CURVE_WITH_KNOTS('',3,(#6672,#6673,#6674,#6675),
 .UNSPECIFIED.,.F.,.F.,(4,4),(0.011659466149699,0.0144166445203212),
 .UNSPECIFIED.);
#335=B_SPLINE_CURVE_WITH_KNOTS('',3,(#6680,#6681,#6682,#6683),
 .UNSPECIFIED.,.F.,.F.,(4,4),(1.77343646626406E-19,0.00277101073015185),
 .UNSPECIFIED.);
#336=B_SPLINE_CURVE_WITH_KNOTS('',3,(#6685,#6686,#6687,#6688),
 .UNSPECIFIED.,.F.,.F.,(4,4),(0.,0.00277101073015185),.UNSPECIFIED.);
#337=B_SPLINE_CURVE_WITH_KNOTS('',3,(#6689,#6690,#6691,#6692),
 .UNSPECIFIED.,.F.,.F.,(4,4),(0.0272845118789048,0.0300472559175996),
 .UNSPECIFIED.);
#338=B_SPLINE_CURVE_WITH_KNOTS('',3,(#6694,#6695,#6696,#6697),
 .UNSPECIFIED.,.F.,.F.,(4,4),(0.011659466149699,0.0144166445203213),
 .UNSPECIFIED.);
#339=B_SPLINE_CURVE_WITH_KNOTS('',3,(#6702,#6703,#6704,#6705),
 .UNSPECIFIED.,.F.,.F.,(4,4),(0.,0.00277101073015185),.UNSPECIFIED.);
#340=B_SPLINE_CURVE_WITH_KNOTS('',3,(#6707,#6708,#6709,#6710),
 .UNSPECIFIED.,.F.,.F.,(4,4),(0.,0.00277101073015186),.UNSPECIFIED.);
#341=B_SPLINE_CURVE_WITH_KNOTS('',3,(#6711,#6712,#6713,#6714),
 .UNSPECIFIED.,.F.,.F.,(4,4),(0.027438887427534,0.0302015485277895),
 .UNSPECIFIED.);
#342=B_SPLINE_CURVE_WITH_KNOTS('',3,(#6716,#6717,#6718,#6719),
 .UNSPECIFIED.,.F.,.F.,(4,4),(0.011659466149699,0.0144166445203212),
 .UNSPECIFIED.);
#343=B_SPLINE_CURVE_WITH_KNOTS('',3,(#6721,#6722,#6723,#6724),
 .UNSPECIFIED.,.F.,.F.,(4,4),(4.79016176428845E-18,0.00277101073015186),
 .UNSPECIFIED.);
#344=B_SPLINE_CURVE_WITH_KNOTS('',3,(#6726,#6727,#6728,#6729),
 .UNSPECIFIED.,.F.,.F.,(4,4),(2.26237194547647E-19,0.00277101073015186),
 .UNSPECIFIED.);
#345=B_SPLINE_CURVE_WITH_KNOTS('',3,(#6730,#6731,#6732,#6733),
 .UNSPECIFIED.,.F.,.F.,(4,4),(0.0262799905096909,0.0290432920422267),
 .UNSPECIFIED.);
#346=B_SPLINE_CURVE_WITH_KNOTS('',3,(#6735,#6736,#6737,#6738),
 .UNSPECIFIED.,.F.,.F.,(4,4),(0.011659466149699,0.0144166445203212),
 .UNSPECIFIED.);
#347=B_SPLINE_CURVE_WITH_KNOTS('',3,(#7083,#7084,#7085,#7086,#7087,#7088,
#7089,#7090,#7091,#7092,#7093,#7094,#7095),.UNSPECIFIED.,.F.,.F.,(4,1,1,
1,1,1,1,1,1,1,4),(3.33066907387547E-16,0.00053081504852789,0.00106163009705545,
0.001592445145583,0.00185785266984678,0.00212326019411056,0.00238866771837434,
0.00265407524263812,0.00318489029116568,0.00371570533969323,0.00424652038822079),
 .UNSPECIFIED.);
#348=B_SPLINE_CURVE_WITH_KNOTS('',3,(#7098,#7099,#7100,#7101),
 .UNSPECIFIED.,.F.,.F.,(4,4),(6.4511272438856E-5,0.00150951733048296),
 .UNSPECIFIED.);
#349=B_SPLINE_CURVE_WITH_KNOTS('',3,(#7102,#7103,#7104,#7105,#7106),
 .UNSPECIFIED.,.F.,.F.,(4,1,4),(0.00153002289871913,0.00465947646807291,
0.00778893003742669),.UNSPECIFIED.);
#350=B_SPLINE_CURVE_WITH_KNOTS('',3,(#7109,#7110,#7111,#7112,#7113,#7114),
 .UNSPECIFIED.,.F.,.F.,(4,1,1,4),(0.,0.0217272582235942,0.0325908873353913,
0.0434545164471884),.UNSPECIFIED.);
#351=B_SPLINE_CURVE_WITH_KNOTS('',3,(#7116,#7117,#7118,#7119),
 .UNSPECIFIED.,.F.,.F.,(4,4),(0.,0.0272927669756678),.UNSPECIFIED.);
#352=B_SPLINE_CURVE_WITH_KNOTS('',3,(#7121,#7122,#7123,#7124,#7125),
 .UNSPECIFIED.,.F.,.F.,(4,1,4),(0.,0.0146249984618418,0.0292499969236836),
 .UNSPECIFIED.);
#353=B_SPLINE_CURVE_WITH_KNOTS('',3,(#7127,#7128,#7129,#7130),
 .UNSPECIFIED.,.F.,.F.,(4,4),(0.,0.0120739687635682),.UNSPECIFIED.);
#354=B_SPLINE_CURVE_WITH_KNOTS('',3,(#7191,#7192,#7193,#7194,#7195,#7196),
 .UNSPECIFIED.,.F.,.F.,(4,1,1,4),(0.025173734511795,0.0289924835136606,
0.0309018580145933,0.0328112325155261),.UNSPECIFIED.);
#355=B_SPLINE_CURVE_WITH_KNOTS('',3,(#7198,#7199,#7200,#7201,#7202,#7203,
#7204,#7205,#7206,#7207,#7208),.UNSPECIFIED.,.F.,.F.,(4,1,1,1,1,1,1,1,4),
(0.037394732952652,0.039768275922133,0.0421418188916139,0.0433285903763544,
0.0445153618610949,0.0468889048305758,0.0492624478000568,0.0516359907695377,
0.0563830767084996),.UNSPECIFIED.);
#356=B_SPLINE_CURVE_WITH_KNOTS('',3,(#7222,#7223,#7224,#7225),
 .UNSPECIFIED.,.F.,.F.,(4,4),(0.,0.00563300700403187),.UNSPECIFIED.);
#357=B_SPLINE_CURVE_WITH_KNOTS('',3,(#7227,#7228,#7229,#7230,#7231),
 .UNSPECIFIED.,.F.,.F.,(4,1,4),(0.,0.0103240751476863,0.0206481502953726),
 .UNSPECIFIED.);
#358=B_SPLINE_CURVE_WITH_KNOTS('',3,(#7300,#7301,#7302,#7303,#7304,#7305,
#7306,#7307,#7308),.UNSPECIFIED.,.F.,.F.,(4,1,1,1,1,1,4),(0.131881208814191,
0.14283708864502,0.153792968475848,0.159270908391262,0.164748848306677,
0.170226788222091,0.175704728137505),.UNSPECIFIED.);
#359=B_SPLINE_CURVE_WITH_KNOTS('',3,(#7312,#7313,#7314,#7315),
 .UNSPECIFIED.,.F.,.F.,(4,4),(0.0785377635418413,0.102203208268613),
 .UNSPECIFIED.);
#360=B_SPLINE_CURVE_WITH_KNOTS('',3,(#7490,#7491,#7492,#7493),
 .UNSPECIFIED.,.F.,.F.,(4,4),(0.,0.0060802812066714),.UNSPECIFIED.);
#361=B_SPLINE_CURVE_WITH_KNOTS('',3,(#7496,#7497,#7498,#7499),
 .UNSPECIFIED.,.F.,.F.,(4,4),(0.0443513768950609,0.0544848700828588),
 .UNSPECIFIED.);
#362=B_SPLINE_CURVE_WITH_KNOTS('',3,(#7501,#7502,#7503,#7504),
 .UNSPECIFIED.,.F.,.F.,(4,4),(2.5438405243138E-16,0.00618161863961437),
 .UNSPECIFIED.);
#363=B_SPLINE_CURVE_WITH_KNOTS('',3,(#7506,#7507,#7508,#7509),
 .UNSPECIFIED.,.F.,.F.,(4,4),(0.13318617143445,0.735615461538947),
 .UNSPECIFIED.);
#364=B_SPLINE_CURVE_WITH_KNOTS('',3,(#7636,#7637,#7638,#7639,#7640,#7641,
#7642,#7643,#7644),.UNSPECIFIED.,.F.,.F.,(4,1,1,1,1,1,4),(0.,0.00400761673421604,
0.00801523346843208,0.0100190418355401,0.0120228502026481,0.0140266585697561,
0.0160304669368642),.UNSPECIFIED.);
#365=B_SPLINE_CURVE_WITH_KNOTS('',3,(#7646,#7647,#7648,#7649,#7650),
 .UNSPECIFIED.,.F.,.F.,(4,1,4),(0.,0.0013301692553068,0.0026603385106136),
 .UNSPECIFIED.);
#366=B_SPLINE_CURVE_WITH_KNOTS('',3,(#7652,#7653,#7654,#7655,#7656,#7657,
#7658,#7659,#7660,#7661,#7662,#7663,#7664,#7665),.UNSPECIFIED.,.F.,.F.,
(4,1,1,1,1,1,1,1,1,1,1,4),(0.0856821046073149,0.0985011749664486,0.104910710146015,
0.111320245325582,0.117729780505149,0.120934548094933,0.124139315684716,
0.127344083274499,0.130548850864283,0.133753618454066,0.135356002248958,
0.13695838604385),.UNSPECIFIED.);
#367=B_SPLINE_CURVE_WITH_KNOTS('',3,(#7696,#7697,#7698,#7699,#7700),
 .UNSPECIFIED.,.F.,.F.,(4,1,4),(0.0942787296494673,0.103578876001392,0.112879022353316),
 .UNSPECIFIED.);
#368=B_SPLINE_CURVE_WITH_KNOTS('',3,(#7701,#7702,#7703,#7704),
 .UNSPECIFIED.,.F.,.F.,(4,4),(0.,0.0164726354472777),.UNSPECIFIED.);
#369=B_SPLINE_CURVE_WITH_KNOTS('',3,(#7785,#7786,#7787,#7788,#7789,#7790,
#7791,#7792,#7793,#7794,#7795,#7796),.UNSPECIFIED.,.F.,.F.,(4,1,1,1,1,1,
1,1,1,4),(0.,0.00224523879142676,0.00449047758285352,0.00673571637428029,
0.00785833576999367,0.00898095516570705,0.0112261939571338,0.0134714327485606,
0.0157166715399873,0.0179619103314141),.UNSPECIFIED.);
#370=B_SPLINE_CURVE_WITH_KNOTS('',3,(#7797,#7798,#7799,#7800,#7801),
 .UNSPECIFIED.,.F.,.F.,(4,1,4),(2.77555756156289E-16,0.00256215641605355,
0.00512431283210682),.UNSPECIFIED.);
#371=B_SPLINE_CURVE_WITH_KNOTS('',3,(#7803,#7804,#7805,#7806),
 .UNSPECIFIED.,.F.,.F.,(4,4),(-2.8031360878364E-5,0.00314041985226703),
 .UNSPECIFIED.);
#372=B_SPLINE_CURVE_WITH_KNOTS('',3,(#7808,#7809,#7810,#7811,#7812,#7813,
#7814,#7815),.UNSPECIFIED.,.F.,.F.,(4,1,1,1,1,4),(0.0444983116456292,0.0476307414233205,
0.0507631712010118,0.0538956009787032,0.0554618158675488,0.0570280307563945),
 .UNSPECIFIED.);
#373=B_SPLINE_CURVE_WITH_KNOTS('',3,(#7872,#7873,#7874,#7875),
 .UNSPECIFIED.,.F.,.F.,(4,4),(0.,0.000367057702301091),.UNSPECIFIED.);
#374=B_SPLINE_CURVE_WITH_KNOTS('',3,(#7878,#7879,#7880,#7881),
 .UNSPECIFIED.,.F.,.F.,(4,4),(0.00317010269603254,0.00340553702084046),
 .UNSPECIFIED.);
#375=B_SPLINE_CURVE_WITH_KNOTS('',3,(#7883,#7884,#7885,#7886),
 .UNSPECIFIED.,.F.,.F.,(4,4),(0.,0.250187928259452),.UNSPECIFIED.);
#376=B_SPLINE_CURVE_WITH_KNOTS('',3,(#7888,#7889,#7890,#7891,#7892,#7893,
#7894),.UNSPECIFIED.,.F.,.F.,(4,1,1,1,4),(0.040066024952025,0.0424123747748242,
0.0447587245976234,0.0471050744204226,0.0494514242432218),.UNSPECIFIED.);
#377=B_SPLINE_CURVE_WITH_KNOTS('',3,(#7896,#7897,#7898,#7899,#7900),
 .UNSPECIFIED.,.F.,.F.,(4,1,4),(0.00396957718712324,0.00838609584954396,
0.0128026145119647),.UNSPECIFIED.);
#378=B_SPLINE_CURVE_WITH_KNOTS('',3,(#7902,#7903,#7904,#7905,#7906),
 .UNSPECIFIED.,.F.,.F.,(4,1,4),(0.,0.00738610008287782,0.0147722001657556),
 .UNSPECIFIED.);
#379=B_SPLINE_CURVE_WITH_KNOTS('',3,(#7908,#7909,#7910,#7911,#7912,#7913,
#7914),.UNSPECIFIED.,.F.,.F.,(4,1,1,1,4),(0.,0.00486862360779233,0.00973724721558465,
0.014605870823377,0.0194744944311693),.UNSPECIFIED.);
#380=B_SPLINE_CURVE_WITH_KNOTS('',3,(#7916,#7917,#7918,#7919),
 .UNSPECIFIED.,.F.,.F.,(4,4),(0.259773029159658,0.559617707756549),
 .UNSPECIFIED.);
#381=B_SPLINE_CURVE_WITH_KNOTS('',3,(#7940,#7941,#7942,#7943,#7944),
 .UNSPECIFIED.,.F.,.F.,(4,1,4),(0.000229506614726684,0.00335596703809679,
0.00648242746146689),.UNSPECIFIED.);
#382=B_SPLINE_CURVE_WITH_KNOTS('',3,(#7946,#7947,#7948,#7949),
 .UNSPECIFIED.,.F.,.F.,(4,4),(0.118875249361154,0.124087925780047),
 .UNSPECIFIED.);
#383=B_SPLINE_CURVE_WITH_KNOTS('',3,(#8004,#8005,#8006,#8007,#8008),
 .UNSPECIFIED.,.F.,.F.,(4,1,4),(3.26220272959157E-16,0.00179501855752647,
0.00359003711505261),.UNSPECIFIED.);
#384=B_SPLINE_CURVE_WITH_KNOTS('',3,(#8011,#8012,#8013,#8014),
 .UNSPECIFIED.,.F.,.F.,(4,4),(0.104687655642136,0.115116016982682),
 .UNSPECIFIED.);
#385=B_SPLINE_CURVE_WITH_KNOTS('',3,(#8016,#8017,#8018,#8019),
 .UNSPECIFIED.,.F.,.F.,(4,4),(0.0025615712514205,0.0169616397143448),
 .UNSPECIFIED.);
#386=B_SPLINE_CURVE_WITH_KNOTS('',3,(#8021,#8022,#8023,#8024,#8025),
 .UNSPECIFIED.,.F.,.F.,(4,1,4),(0.00423277046333416,0.467834355354991,0.931435940246647),
 .UNSPECIFIED.);
#387=B_SPLINE_CURVE_WITH_KNOTS('',3,(#8026,#8027,#8028,#8029,#8030,#8031),
 .UNSPECIFIED.,.F.,.F.,(4,1,1,4),(0.000402135707115989,0.00265270802690697,
0.00490328034669794,0.0094044249862799),.UNSPECIFIED.);
#388=B_SPLINE_CURVE_WITH_KNOTS('',3,(#8062,#8063,#8064,#8065),
 .UNSPECIFIED.,.F.,.F.,(4,4),(0.000372884447763605,0.00241074917368702),
 .UNSPECIFIED.);
#389=B_SPLINE_CURVE_WITH_KNOTS('',3,(#8068,#8069,#8070,#8071,#8072,#8073,
#8074,#8075,#8076,#8077,#8078,#8079,#8080),.UNSPECIFIED.,.F.,.F.,(4,1,1,
1,1,1,1,1,1,1,4),(3.5762240613455E-16,0.000850638469595372,0.00170127693919039,
0.0025519154087854,0.00297723464358291,0.00340255387838041,0.00382787311317792,
0.00425319234797543,0.00510383081757044,0.00595446928716546,0.00680510775676047),
 .UNSPECIFIED.);
#390=B_SPLINE_CURVE_WITH_KNOTS('',3,(#8081,#8082,#8083,#8084,#8085),
 .UNSPECIFIED.,.F.,.F.,(4,1,4),(0.000874688074570148,0.00638680534207601,
0.0118989226095819),.UNSPECIFIED.);
#391=B_SPLINE_CURVE_WITH_KNOTS('',3,(#8088,#8089,#8090,#8091,#8092),
 .UNSPECIFIED.,.F.,.F.,(4,1,4),(0.173637681967371,0.185329021993715,0.19702036202006),
 .UNSPECIFIED.);
#392=B_SPLINE_CURVE_WITH_KNOTS('',3,(#8094,#8095,#8096,#8097,#8098,#8099,
#8100),.UNSPECIFIED.,.F.,.F.,(4,1,1,1,4),(3.46944695195361E-18,0.00389335937599609,
0.00778671875199217,0.0116800781279883,0.0155734375039843),
 .UNSPECIFIED.);
#393=B_SPLINE_CURVE_WITH_KNOTS('',3,(#8102,#8103,#8104,#8105),
 .UNSPECIFIED.,.F.,.F.,(4,4),(0.,0.0157090003711376),.UNSPECIFIED.);
#394=B_SPLINE_CURVE_WITH_KNOTS('',3,(#8107,#8108,#8109,#8110),
 .UNSPECIFIED.,.F.,.F.,(4,4),(-7.36764334841227E-5,0.00260271238247976),
 .UNSPECIFIED.);
#395=B_SPLINE_CURVE_WITH_KNOTS('',3,(#8112,#8113,#8114,#8115),
 .UNSPECIFIED.,.F.,.F.,(4,4),(0.,0.00197795483748516),.UNSPECIFIED.);
#396=B_SPLINE_CURVE_WITH_KNOTS('',3,(#8117,#8118,#8119,#8120),
 .UNSPECIFIED.,.F.,.F.,(4,4),(0.100908056935146,0.102974820439438),
 .UNSPECIFIED.);
#397=B_SPLINE_CURVE_WITH_KNOTS('',3,(#8122,#8123,#8124,#8125),
 .UNSPECIFIED.,.F.,.F.,(4,4),(0.00185028840800064,0.0369999972394229),
 .UNSPECIFIED.);
#398=B_SPLINE_CURVE_WITH_KNOTS('',3,(#8127,#8128,#8129,#8130),
 .UNSPECIFIED.,.F.,.F.,(4,4),(0.00742435517796995,0.0189693811360442),
 .UNSPECIFIED.);
#399=B_SPLINE_CURVE_WITH_KNOTS('',3,(#8151,#8152,#8153,#8154,#8155),
 .UNSPECIFIED.,.F.,.F.,(4,1,4),(5.20417042793042E-18,0.00213529731236018,
0.00427059462472036),.UNSPECIFIED.);
#400=B_SPLINE_CURVE_WITH_KNOTS('',3,(#8159,#8160,#8161,#8162),
 .UNSPECIFIED.,.F.,.F.,(4,4),(-6.00000002820296E-8,0.00211670029577116),
 .UNSPECIFIED.);
#401=B_SPLINE_CURVE_WITH_KNOTS('',3,(#8256,#8257,#8258,#8259,#8260,#8261,
#8262,#8263,#8264,#8265,#8266),.UNSPECIFIED.,.F.,.F.,(4,1,1,1,1,1,1,1,4),
(0.0427518896535938,0.0475899087303259,0.0500089182686919,0.052427927807058,
0.053637432576241,0.054846937345424,0.0572659468837901,0.0596849564221561,
0.0621039659605222),.UNSPECIFIED.);
#402=B_SPLINE_CURVE_WITH_KNOTS('',3,(#8268,#8269,#8270,#8271),
 .UNSPECIFIED.,.F.,.F.,(4,4),(8.67361737988404E-18,0.0261549362257253),
 .UNSPECIFIED.);
#403=B_SPLINE_CURVE_WITH_KNOTS('',3,(#8273,#8274,#8275,#8276),
 .UNSPECIFIED.,.F.,.F.,(4,4),(0.0103789815970373,0.0124798795855554),
 .UNSPECIFIED.);
#404=B_SPLINE_CURVE_WITH_KNOTS('',3,(#8304,#8305,#8306,#8307,#8308,#8309),
 .UNSPECIFIED.,.F.,.F.,(4,1,1,4),(8.67361737988404E-18,0.00466732699388021,
0.00700099049082031,0.00933465398776041),.UNSPECIFIED.);
#405=B_SPLINE_CURVE_WITH_KNOTS('',3,(#8311,#8312,#8313,#8314),
 .UNSPECIFIED.,.F.,.F.,(4,4),(0.0204509228744246,0.0211902537640337),
 .UNSPECIFIED.);
#406=B_SPLINE_CURVE_WITH_KNOTS('',3,(#8321,#8322,#8323,#8324,#8325,#8326),
 .UNSPECIFIED.,.F.,.F.,(4,1,1,4),(0.,0.00794556941387415,0.0119183541208112,
0.0158911388277483),.UNSPECIFIED.);
#407=B_SPLINE_CURVE_WITH_KNOTS('',3,(#8338,#8339,#8340,#8341),
 .UNSPECIFIED.,.F.,.F.,(4,4),(0.00931326272984557,0.011357261445999),
 .UNSPECIFIED.);
#408=B_SPLINE_CURVE_WITH_KNOTS('',3,(#8349,#8350,#8351,#8352),
 .UNSPECIFIED.,.F.,.F.,(4,4),(0.000118774900293338,0.00234106665993046),
 .UNSPECIFIED.);
#409=B_SPLINE_CURVE_WITH_KNOTS('',3,(#8427,#8428,#8429,#8430,#8431,#8432,
#8433),.UNSPECIFIED.,.F.,.F.,(4,1,1,1,4),(0.00843554546301111,0.012538261646356,
0.0166409778297009,0.0207436940130458,0.0248464101963907),.UNSPECIFIED.);
#410=B_SPLINE_CURVE_WITH_KNOTS('',3,(#8435,#8436,#8437,#8438,#8439,#8440),
 .UNSPECIFIED.,.F.,.F.,(4,1,1,4),(0.,0.00744655465441523,0.0111698319816228,
0.0148931093088305),.UNSPECIFIED.);
#411=B_SPLINE_CURVE_WITH_KNOTS('',3,(#8441,#8442,#8443,#8444,#8445),
 .UNSPECIFIED.,.F.,.F.,(4,1,4),(0.,0.00780941997518959,0.0156188399503792),
 .UNSPECIFIED.);
#412=B_SPLINE_CURVE_WITH_KNOTS('',3,(#8447,#8448,#8449,#8450,#8451,#8452,
#8453),.UNSPECIFIED.,.F.,.F.,(4,1,1,1,4),(4.5102810375397E-17,0.00417373172349917,
0.0083474634469983,0.0125211951704974,0.0166949268939965),.UNSPECIFIED.);
#413=B_SPLINE_CURVE_WITH_KNOTS('',3,(#8526,#8527,#8528,#8529,#8530),
 .UNSPECIFIED.,.F.,.F.,(4,1,4),(0.,0.00664495609474335,0.0132899121894867),
 .UNSPECIFIED.);
#414=B_SPLINE_CURVE_WITH_KNOTS('',3,(#8531,#8532,#8533,#8534,#8535,#8536),
 .UNSPECIFIED.,.F.,.F.,(4,1,1,4),(1.11886302282795E-16,0.00687358727696165,
0.0103103809154424,0.0137471745539232),.UNSPECIFIED.);
#415=B_SPLINE_CURVE_WITH_KNOTS('',3,(#8750,#8751,#8752,#8753),
 .UNSPECIFIED.,.F.,.F.,(4,4),(1.21430643318376E-17,0.0287362396658125),
 .UNSPECIFIED.);
#416=B_SPLINE_CURVE_WITH_KNOTS('',3,(#8754,#8755,#8756,#8757),
 .UNSPECIFIED.,.F.,.F.,(4,4),(0.12403236520744,0.127262096090932),
 .UNSPECIFIED.);
#417=B_SPLINE_CURVE_WITH_KNOTS('',3,(#8759,#8760,#8761,#8762),
 .UNSPECIFIED.,.F.,.F.,(4,4),(0.,0.00214714870304308),.UNSPECIFIED.);
#418=B_SPLINE_CURVE_WITH_KNOTS('',3,(#8764,#8765,#8766,#8767),
 .UNSPECIFIED.,.F.,.F.,(4,4),(0.107501649584036,0.124992184473997),
 .UNSPECIFIED.);
#419=B_SPLINE_CURVE_WITH_KNOTS('',3,(#8804,#8805,#8806,#8807),
 .UNSPECIFIED.,.F.,.F.,(4,4),(0.,0.0257929893150514),.UNSPECIFIED.);
#420=B_SPLINE_CURVE_WITH_KNOTS('',3,(#8808,#8809,#8810,#8811),
 .UNSPECIFIED.,.F.,.F.,(4,4),(0.0233194356596515,0.0452253620644223),
 .UNSPECIFIED.);
#421=LINE('',#5106,#620);
#422=LINE('',#5109,#621);
#423=LINE('',#5111,#622);
#424=LINE('',#5113,#623);
#425=LINE('',#5117,#624);
#426=LINE('',#5119,#625);
#427=LINE('',#5121,#626);
#428=LINE('',#5125,#627);
#429=LINE('',#5127,#628);
#430=LINE('',#5129,#629);
#431=LINE('',#5131,#630);
#432=LINE('',#5143,#631);
#433=LINE('',#5145,#632);
#434=LINE('',#5147,#633);
#435=LINE('',#5164,#634);
#436=LINE('',#5166,#635);
#437=LINE('',#5168,#636);
#438=LINE('',#5180,#637);
#439=LINE('',#5182,#638);
#440=LINE('',#5184,#639);
#441=LINE('',#5185,#640);
#442=LINE('',#5187,#641);
#443=LINE('',#5189,#642);
#444=LINE('',#5418,#643);
#445=LINE('',#5426,#644);
#446=LINE('',#5427,#645);
#447=LINE('',#5545,#646);
#448=LINE('',#5586,#647);
#449=LINE('',#5855,#648);
#450=LINE('',#5862,#649);
#451=LINE('',#5867,#650);
#452=LINE('',#5869,#651);
#453=LINE('',#5878,#652);
#454=LINE('',#5880,#653);
#455=LINE('',#5882,#654);
#456=LINE('',#5884,#655);
#457=LINE('',#5886,#656);
#458=LINE('',#5888,#657);
#459=LINE('',#5890,#658);
#460=LINE('',#5892,#659);
#461=LINE('',#5894,#660);
#462=LINE('',#5897,#661);
#463=LINE('',#5899,#662);
#464=LINE('',#5901,#663);
#465=LINE('',#5903,#664);
#466=LINE('',#5905,#665);
#467=LINE('',#5907,#666);
#468=LINE('',#5908,#667);
#469=LINE('',#5910,#668);
#470=LINE('',#5912,#669);
#471=LINE('',#6528,#670);
#472=LINE('',#6530,#671);
#473=LINE('',#6533,#672);
#474=LINE('',#6535,#673);
#475=LINE('',#6538,#674);
#476=LINE('',#6540,#675);
#477=LINE('',#6545,#676);
#478=LINE('',#6548,#677);
#479=LINE('',#6550,#678);
#480=LINE('',#6552,#679);
#481=LINE('',#6554,#680);
#482=LINE('',#6556,#681);
#483=LINE('',#6560,#682);
#484=LINE('',#6562,#683);
#485=LINE('',#6564,#684);
#486=LINE('',#6566,#685);
#487=LINE('',#6568,#686);
#488=LINE('',#6570,#687);
#489=LINE('',#6572,#688);
#490=LINE('',#6574,#689);
#491=LINE('',#6576,#690);
#492=LINE('',#6578,#691);
#493=LINE('',#6580,#692);
#494=LINE('',#6582,#693);
#495=LINE('',#6608,#694);
#496=LINE('',#6621,#695);
#497=LINE('',#6633,#696);
#498=LINE('',#6655,#697);
#499=LINE('',#6677,#698);
#500=LINE('',#6699,#699);
#501=LINE('',#6815,#700);
#502=LINE('',#6818,#701);
#503=LINE('',#6820,#702);
#504=LINE('',#6822,#703);
#505=LINE('',#6824,#704);
#506=LINE('',#6826,#705);
#507=LINE('',#6830,#706);
#508=LINE('',#6832,#707);
#509=LINE('',#6834,#708);
#510=LINE('',#6836,#709);
#511=LINE('',#6838,#710);
#512=LINE('',#6840,#711);
#513=LINE('',#6842,#712);
#514=LINE('',#6844,#713);
#515=LINE('',#6846,#714);
#516=LINE('',#6848,#715);
#517=LINE('',#6850,#716);
#518=LINE('',#6852,#717);
#519=LINE('',#6877,#718);
#520=LINE('',#6880,#719);
#521=LINE('',#6882,#720);
#522=LINE('',#6884,#721);
#523=LINE('',#6886,#722);
#524=LINE('',#6888,#723);
#525=LINE('',#6892,#724);
#526=LINE('',#6894,#725);
#527=LINE('',#6896,#726);
#528=LINE('',#6898,#727);
#529=LINE('',#6900,#728);
#530=LINE('',#6902,#729);
#531=LINE('',#6904,#730);
#532=LINE('',#6906,#731);
#533=LINE('',#6908,#732);
#534=LINE('',#6910,#733);
#535=LINE('',#6912,#734);
#536=LINE('',#6914,#735);
#537=LINE('',#6934,#736);
#538=LINE('',#6937,#737);
#539=LINE('',#6939,#738);
#540=LINE('',#6941,#739);
#541=LINE('',#6945,#740);
#542=LINE('',#6949,#741);
#543=LINE('',#6951,#742);
#544=LINE('',#6953,#743);
#545=LINE('',#6957,#744);
#546=LINE('',#6961,#745);
#547=LINE('',#6963,#746);
#548=LINE('',#6965,#747);
#549=LINE('',#6967,#748);
#550=LINE('',#6969,#749);
#551=LINE('',#6971,#750);
#552=LINE('',#6973,#751);
#553=LINE('',#6975,#752);
#554=LINE('',#6977,#753);
#555=LINE('',#6981,#754);
#556=LINE('',#6985,#755);
#557=LINE('',#6987,#756);
#558=LINE('',#6989,#757);
#559=LINE('',#7210,#758);
#560=LINE('',#7212,#759);
#561=LINE('',#7216,#760);
#562=LINE('',#7218,#761);
#563=LINE('',#7220,#762);
#564=LINE('',#7262,#763);
#565=LINE('',#7265,#764);
#566=LINE('',#7267,#765);
#567=LINE('',#7269,#766);
#568=LINE('',#7310,#767);
#569=LINE('',#7311,#768);
#570=LINE('',#7330,#769);
#571=LINE('',#7332,#770);
#572=LINE('',#7334,#771);
#573=LINE('',#7343,#772);
#574=LINE('',#7345,#773);
#575=LINE('',#7347,#774);
#576=LINE('',#7438,#775);
#577=LINE('',#7439,#776);
#578=LINE('',#8157,#777);
#579=LINE('',#8253,#778);
#580=LINE('',#8278,#779);
#581=LINE('',#8280,#780);
#582=LINE('',#8315,#781);
#583=LINE('',#8317,#782);
#584=LINE('',#8319,#783);
#585=LINE('',#8333,#784);
#586=LINE('',#8336,#785);
#587=LINE('',#8343,#786);
#588=LINE('',#8345,#787);
#589=LINE('',#8347,#788);
#590=LINE('',#8354,#789);
#591=LINE('',#8551,#790);
#592=LINE('',#8553,#791);
#593=LINE('',#8555,#792);
#594=LINE('',#8596,#793);
#595=LINE('',#8598,#794);
#596=LINE('',#8600,#795);
#597=LINE('',#8691,#796);
#598=LINE('',#8695,#797);
#599=LINE('',#8697,#798);
#600=LINE('',#8706,#799);
#601=LINE('',#8707,#800);
#602=LINE('',#8711,#801);
#603=LINE('',#8724,#802);
#604=LINE('',#8726,#803);
#605=LINE('',#8816,#804);
#606=LINE('',#8830,#805);
#607=LINE('',#8832,#806);
#608=LINE('',#8860,#807);
#609=LINE('',#8863,#808);
#610=LINE('',#8865,#809);
#611=LINE('',#8867,#810);
#612=LINE('',#8869,#811);
#613=LINE('',#8871,#812);
#614=LINE('',#8873,#813);
#615=LINE('',#8875,#814);
#616=LINE('',#8877,#815);
#617=LINE('',#8879,#816);
#618=LINE('',#8881,#817);
#619=LINE('',#8882,#818);
#620=VECTOR('',#4223,1.);
#621=VECTOR('',#4224,1.);
#622=VECTOR('',#4225,1.);
#623=VECTOR('',#4226,1.);
#624=VECTOR('',#4229,1.);
#625=VECTOR('',#4230,1.);
#626=VECTOR('',#4231,1.);
#627=VECTOR('',#4234,1.);
#628=VECTOR('',#4235,1.);
#629=VECTOR('',#4236,1.);
#630=VECTOR('',#4237,1.);
#631=VECTOR('',#4238,1.);
#632=VECTOR('',#4239,1.);
#633=VECTOR('',#4240,1.);
#634=VECTOR('',#4241,1.);
#635=VECTOR('',#4242,1.);
#636=VECTOR('',#4243,1.);
#637=VECTOR('',#4246,1.);
#638=VECTOR('',#4247,1.);
#639=VECTOR('',#4248,1.);
#640=VECTOR('',#4249,1.);
#641=VECTOR('',#4250,1.);
#642=VECTOR('',#4251,1.);
#643=VECTOR('',#4252,1.);
#644=VECTOR('',#4259,1.);
#645=VECTOR('',#4260,1.);
#646=VECTOR('',#4261,1.);
#647=VECTOR('',#4266,1.);
#648=VECTOR('',#4267,1.);
#649=VECTOR('',#4276,1.);
#650=VECTOR('',#4283,1.);
#651=VECTOR('',#4286,1.);
#652=VECTOR('',#4299,1.);
#653=VECTOR('',#4300,1.);
#654=VECTOR('',#4301,1.);
#655=VECTOR('',#4302,1.);
#656=VECTOR('',#4303,1.);
#657=VECTOR('',#4306,1.);
#658=VECTOR('',#4309,1.);
#659=VECTOR('',#4312,1.);
#660=VECTOR('',#4315,1.);
#661=VECTOR('',#4320,1.);
#662=VECTOR('',#4321,1.);
#663=VECTOR('',#4322,1.);
#664=VECTOR('',#4323,1.);
#665=VECTOR('',#4324,1.);
#666=VECTOR('',#4327,1.);
#667=VECTOR('',#4328,1.);
#668=VECTOR('',#4331,1.);
#669=VECTOR('',#4334,1.);
#670=VECTOR('',#4345,1.);
#671=VECTOR('',#4348,1.);
#672=VECTOR('',#4353,1.);
#673=VECTOR('',#4356,1.);
#674=VECTOR('',#4361,1.);
#675=VECTOR('',#4364,1.);
#676=VECTOR('',#4373,1.);
#677=VECTOR('',#4374,1.);
#678=VECTOR('',#4375,1.);
#679=VECTOR('',#4376,1.);
#680=VECTOR('',#4377,1.);
#681=VECTOR('',#4378,1.);
#682=VECTOR('',#4383,1.);
#683=VECTOR('',#4384,1.);
#684=VECTOR('',#4385,1.);
#685=VECTOR('',#4388,1.);
#686=VECTOR('',#4389,1.);
#687=VECTOR('',#4392,1.);
#688=VECTOR('',#4393,1.);
#689=VECTOR('',#4396,1.);
#690=VECTOR('',#4397,1.);
#691=VECTOR('',#4400,1.);
#692=VECTOR('',#4401,1.);
#693=VECTOR('',#4404,1.);
#694=VECTOR('',#4441,1.);
#695=VECTOR('',#4442,1.);
#696=VECTOR('',#4445,1.);
#697=VECTOR('',#4448,1.);
#698=VECTOR('',#4451,1.);
#699=VECTOR('',#4454,1.);
#700=VECTOR('',#4579,1.);
#701=VECTOR('',#4580,1.);
#702=VECTOR('',#4581,1.);
#703=VECTOR('',#4582,1.);
#704=VECTOR('',#4583,1.);
#705=VECTOR('',#4584,1.);
#706=VECTOR('',#4589,1.);
#707=VECTOR('',#4590,1.);
#708=VECTOR('',#4591,1.);
#709=VECTOR('',#4594,1.);
#710=VECTOR('',#4595,1.);
#711=VECTOR('',#4598,1.);
#712=VECTOR('',#4599,1.);
#713=VECTOR('',#4602,1.);
#714=VECTOR('',#4603,1.);
#715=VECTOR('',#4606,1.);
#716=VECTOR('',#4607,1.);
#717=VECTOR('',#4610,1.);
#718=VECTOR('',#4649,1.);
#719=VECTOR('',#4650,1.);
#720=VECTOR('',#4651,1.);
#721=VECTOR('',#4652,1.);
#722=VECTOR('',#4653,1.);
#723=VECTOR('',#4654,1.);
#724=VECTOR('',#4659,1.);
#725=VECTOR('',#4660,1.);
#726=VECTOR('',#4661,1.);
#727=VECTOR('',#4664,1.);
#728=VECTOR('',#4665,1.);
#729=VECTOR('',#4668,1.);
#730=VECTOR('',#4669,1.);
#731=VECTOR('',#4672,1.);
#732=VECTOR('',#4673,1.);
#733=VECTOR('',#4676,1.);
#734=VECTOR('',#4677,1.);
#735=VECTOR('',#4680,1.);
#736=VECTOR('',#4709,1.);
#737=VECTOR('',#4710,1.);
#738=VECTOR('',#4711,1.);
#739=VECTOR('',#4712,1.);
#740=VECTOR('',#4717,1.);
#741=VECTOR('',#4722,1.);
#742=VECTOR('',#4723,1.);
#743=VECTOR('',#4724,1.);
#744=VECTOR('',#4729,1.);
#745=VECTOR('',#4734,1.);
#746=VECTOR('',#4735,1.);
#747=VECTOR('',#4736,1.);
#748=VECTOR('',#4739,1.);
#749=VECTOR('',#4740,1.);
#750=VECTOR('',#4741,1.);
#751=VECTOR('',#4744,1.);
#752=VECTOR('',#4745,1.);
#753=VECTOR('',#4746,1.);
#754=VECTOR('',#4751,1.);
#755=VECTOR('',#4756,1.);
#756=VECTOR('',#4757,1.);
#757=VECTOR('',#4758,1.);
#758=VECTOR('',#4835,1.);
#759=VECTOR('',#4836,1.);
#760=VECTOR('',#4839,1.);
#761=VECTOR('',#4840,1.);
#762=VECTOR('',#4841,1.);
#763=VECTOR('',#4842,1.);
#764=VECTOR('',#4843,1.);
#765=VECTOR('',#4844,1.);
#766=VECTOR('',#4845,1.);
#767=VECTOR('',#4846,1.);
#768=VECTOR('',#4847,1.);
#769=VECTOR('',#4848,1.);
#770=VECTOR('',#4849,1.);
#771=VECTOR('',#4850,1.);
#772=VECTOR('',#4851,1.);
#773=VECTOR('',#4852,1.);
#774=VECTOR('',#4853,1.);
#775=VECTOR('',#4854,1.);
#776=VECTOR('',#4855,1.);
#777=VECTOR('',#4934,1.);
#778=VECTOR('',#4935,1.);
#779=VECTOR('',#4936,1.);
#780=VECTOR('',#4937,1.);
#781=VECTOR('',#4940,1.);
#782=VECTOR('',#4941,1.);
#783=VECTOR('',#4942,1.);
#784=VECTOR('',#4951,1.);
#785=VECTOR('',#4952,1.);
#786=VECTOR('',#4953,1.);
#787=VECTOR('',#4954,1.);
#788=VECTOR('',#4955,1.);
#789=VECTOR('',#4956,1.);
#790=VECTOR('',#4957,1.);
#791=VECTOR('',#4958,1.);
#792=VECTOR('',#4959,1.);
#793=VECTOR('',#4960,1.);
#794=VECTOR('',#4961,1.);
#795=VECTOR('',#4962,1.);
#796=VECTOR('',#4963,1.);
#797=VECTOR('',#4966,1.);
#798=VECTOR('',#4967,1.);
#799=VECTOR('',#4968,1.);
#800=VECTOR('',#4969,1.);
#801=VECTOR('',#4974,1.);
#802=VECTOR('',#4989,1.);
#803=VECTOR('',#4992,1.);
#804=VECTOR('',#5003,1.);
#805=VECTOR('',#5020,1.);
#806=VECTOR('',#5023,1.);
#807=VECTOR('',#5076,1.);
#808=VECTOR('',#5077,1.);
#809=VECTOR('',#5078,1.);
#810=VECTOR('',#5079,1.);
#811=VECTOR('',#5082,1.);
#812=VECTOR('',#5083,1.);
#813=VECTOR('',#5084,1.);
#814=VECTOR('',#5087,1.);
#815=VECTOR('',#5088,1.);
#816=VECTOR('',#5089,1.);
#817=VECTOR('',#5092,1.);
#818=VECTOR('',#5093,1.);
#819=ORIENTED_EDGE('',*,*,#1783,.F.);
#820=ORIENTED_EDGE('',*,*,#1784,.F.);
#821=ORIENTED_EDGE('',*,*,#1785,.F.);
#822=ORIENTED_EDGE('',*,*,#1786,.F.);
#823=ORIENTED_EDGE('',*,*,#1787,.F.);
#824=ORIENTED_EDGE('',*,*,#1788,.F.);
#825=ORIENTED_EDGE('',*,*,#1789,.F.);
#826=ORIENTED_EDGE('',*,*,#1790,.F.);
#827=ORIENTED_EDGE('',*,*,#1791,.F.);
#828=ORIENTED_EDGE('',*,*,#1792,.F.);
#829=ORIENTED_EDGE('',*,*,#1793,.F.);
#830=ORIENTED_EDGE('',*,*,#1794,.F.);
#831=ORIENTED_EDGE('',*,*,#1795,.F.);
#832=ORIENTED_EDGE('',*,*,#1796,.F.);
#833=ORIENTED_EDGE('',*,*,#1797,.F.);
#834=ORIENTED_EDGE('',*,*,#1798,.T.);
#835=ORIENTED_EDGE('',*,*,#1799,.T.);
#836=ORIENTED_EDGE('',*,*,#1800,.T.);
#837=ORIENTED_EDGE('',*,*,#1801,.T.);
#838=ORIENTED_EDGE('',*,*,#1802,.T.);
#839=ORIENTED_EDGE('',*,*,#1803,.T.);
#840=ORIENTED_EDGE('',*,*,#1804,.T.);
#841=ORIENTED_EDGE('',*,*,#1805,.T.);
#842=ORIENTED_EDGE('',*,*,#1806,.F.);
#843=ORIENTED_EDGE('',*,*,#1807,.F.);
#844=ORIENTED_EDGE('',*,*,#1808,.F.);
#845=ORIENTED_EDGE('',*,*,#1809,.T.);
#846=ORIENTED_EDGE('',*,*,#1810,.T.);
#847=ORIENTED_EDGE('',*,*,#1811,.F.);
#848=ORIENTED_EDGE('',*,*,#1812,.T.);
#849=ORIENTED_EDGE('',*,*,#1813,.T.);
#850=ORIENTED_EDGE('',*,*,#1796,.T.);
#851=ORIENTED_EDGE('',*,*,#1814,.F.);
#852=ORIENTED_EDGE('',*,*,#1815,.F.);
#853=ORIENTED_EDGE('',*,*,#1816,.T.);
#854=ORIENTED_EDGE('',*,*,#1786,.T.);
#855=ORIENTED_EDGE('',*,*,#1817,.F.);
#856=ORIENTED_EDGE('',*,*,#1818,.T.);
#857=ORIENTED_EDGE('',*,*,#1819,.F.);
#858=ORIENTED_EDGE('',*,*,#1820,.F.);
#859=ORIENTED_EDGE('',*,*,#1821,.F.);
#860=ORIENTED_EDGE('',*,*,#1822,.F.);
#861=ORIENTED_EDGE('',*,*,#1790,.T.);
#862=ORIENTED_EDGE('',*,*,#1789,.T.);
#863=ORIENTED_EDGE('',*,*,#1788,.T.);
#864=ORIENTED_EDGE('',*,*,#1823,.T.);
#865=ORIENTED_EDGE('',*,*,#1824,.T.);
#866=ORIENTED_EDGE('',*,*,#1825,.T.);
#867=ORIENTED_EDGE('',*,*,#1826,.T.);
#868=ORIENTED_EDGE('',*,*,#1827,.T.);
#869=ORIENTED_EDGE('',*,*,#1828,.T.);
#870=ORIENTED_EDGE('',*,*,#1829,.T.);
#871=ORIENTED_EDGE('',*,*,#1830,.F.);
#872=ORIENTED_EDGE('',*,*,#1787,.T.);
#873=ORIENTED_EDGE('',*,*,#1831,.T.);
#874=ORIENTED_EDGE('',*,*,#1823,.F.);
#875=ORIENTED_EDGE('',*,*,#1832,.F.);
#876=ORIENTED_EDGE('',*,*,#1833,.T.);
#877=ORIENTED_EDGE('',*,*,#1834,.F.);
#878=ORIENTED_EDGE('',*,*,#1818,.F.);
#879=ORIENTED_EDGE('',*,*,#1822,.T.);
#880=ORIENTED_EDGE('',*,*,#1835,.F.);
#881=ORIENTED_EDGE('',*,*,#1836,.F.);
#882=ORIENTED_EDGE('',*,*,#1791,.T.);
#883=ORIENTED_EDGE('',*,*,#1837,.F.);
#884=ORIENTED_EDGE('',*,*,#1838,.F.);
#885=ORIENTED_EDGE('',*,*,#1839,.F.);
#886=ORIENTED_EDGE('',*,*,#1840,.F.);
#887=ORIENTED_EDGE('',*,*,#1841,.F.);
#888=ORIENTED_EDGE('',*,*,#1842,.F.);
#889=ORIENTED_EDGE('',*,*,#1843,.F.);
#890=ORIENTED_EDGE('',*,*,#1844,.F.);
#891=ORIENTED_EDGE('',*,*,#1845,.F.);
#892=ORIENTED_EDGE('',*,*,#1794,.T.);
#893=ORIENTED_EDGE('',*,*,#1793,.T.);
#894=ORIENTED_EDGE('',*,*,#1792,.T.);
#895=ORIENTED_EDGE('',*,*,#1836,.T.);
#896=ORIENTED_EDGE('',*,*,#1846,.F.);
#897=ORIENTED_EDGE('',*,*,#1847,.F.);
#898=ORIENTED_EDGE('',*,*,#1848,.F.);
#899=ORIENTED_EDGE('',*,*,#1833,.F.);
#900=ORIENTED_EDGE('',*,*,#1849,.F.);
#901=ORIENTED_EDGE('',*,*,#1795,.T.);
#902=ORIENTED_EDGE('',*,*,#1845,.T.);
#903=ORIENTED_EDGE('',*,*,#1850,.T.);
#904=ORIENTED_EDGE('',*,*,#1834,.T.);
#905=ORIENTED_EDGE('',*,*,#1848,.T.);
#906=ORIENTED_EDGE('',*,*,#1847,.T.);
#907=ORIENTED_EDGE('',*,*,#1846,.T.);
#908=ORIENTED_EDGE('',*,*,#1835,.T.);
#909=ORIENTED_EDGE('',*,*,#1821,.T.);
#910=ORIENTED_EDGE('',*,*,#1820,.T.);
#911=ORIENTED_EDGE('',*,*,#1819,.T.);
#912=ORIENTED_EDGE('',*,*,#1831,.F.);
#913=ORIENTED_EDGE('',*,*,#1816,.F.);
#914=ORIENTED_EDGE('',*,*,#1851,.F.);
#915=ORIENTED_EDGE('',*,*,#1824,.F.);
#916=ORIENTED_EDGE('',*,*,#1814,.T.);
#917=ORIENTED_EDGE('',*,*,#1849,.T.);
#918=ORIENTED_EDGE('',*,*,#1844,.T.);
#919=ORIENTED_EDGE('',*,*,#1852,.T.);
#920=ORIENTED_EDGE('',*,*,#1852,.F.);
#921=ORIENTED_EDGE('',*,*,#1843,.T.);
#922=ORIENTED_EDGE('',*,*,#1832,.T.);
#923=ORIENTED_EDGE('',*,*,#1817,.T.);
#924=ORIENTED_EDGE('',*,*,#1851,.T.);
#925=ORIENTED_EDGE('',*,*,#1815,.T.);
#926=ORIENTED_EDGE('',*,*,#1853,.T.);
#927=ORIENTED_EDGE('',*,*,#1783,.T.);
#928=ORIENTED_EDGE('',*,*,#1854,.T.);
#929=ORIENTED_EDGE('',*,*,#1784,.T.);
#930=ORIENTED_EDGE('',*,*,#1842,.T.);
#931=ORIENTED_EDGE('',*,*,#1855,.F.);
#932=ORIENTED_EDGE('',*,*,#1856,.F.);
#933=ORIENTED_EDGE('',*,*,#1857,.F.);
#934=ORIENTED_EDGE('',*,*,#1858,.F.);
#935=ORIENTED_EDGE('',*,*,#1859,.F.);
#936=ORIENTED_EDGE('',*,*,#1854,.F.);
#937=ORIENTED_EDGE('',*,*,#1837,.T.);
#938=ORIENTED_EDGE('',*,*,#1859,.T.);
#939=ORIENTED_EDGE('',*,*,#1860,.F.);
#940=ORIENTED_EDGE('',*,*,#1838,.T.);
#941=ORIENTED_EDGE('',*,*,#1860,.T.);
#942=ORIENTED_EDGE('',*,*,#1858,.T.);
#943=ORIENTED_EDGE('',*,*,#1861,.F.);
#944=ORIENTED_EDGE('',*,*,#1839,.T.);
#945=ORIENTED_EDGE('',*,*,#1861,.T.);
#946=ORIENTED_EDGE('',*,*,#1857,.T.);
#947=ORIENTED_EDGE('',*,*,#1862,.F.);
#948=ORIENTED_EDGE('',*,*,#1840,.T.);
#949=ORIENTED_EDGE('',*,*,#1862,.T.);
#950=ORIENTED_EDGE('',*,*,#1856,.T.);
#951=ORIENTED_EDGE('',*,*,#1863,.F.);
#952=ORIENTED_EDGE('',*,*,#1841,.T.);
#953=ORIENTED_EDGE('',*,*,#1863,.T.);
#954=ORIENTED_EDGE('',*,*,#1855,.T.);
#955=ORIENTED_EDGE('',*,*,#1830,.T.);
#956=ORIENTED_EDGE('',*,*,#1864,.T.);
#957=ORIENTED_EDGE('',*,*,#1865,.T.);
#958=ORIENTED_EDGE('',*,*,#1866,.T.);
#959=ORIENTED_EDGE('',*,*,#1867,.T.);
#960=ORIENTED_EDGE('',*,*,#1868,.T.);
#961=ORIENTED_EDGE('',*,*,#1853,.F.);
#962=ORIENTED_EDGE('',*,*,#1869,.T.);
#963=ORIENTED_EDGE('',*,*,#1867,.F.);
#964=ORIENTED_EDGE('',*,*,#1870,.F.);
#965=ORIENTED_EDGE('',*,*,#1826,.F.);
#966=ORIENTED_EDGE('',*,*,#1870,.T.);
#967=ORIENTED_EDGE('',*,*,#1866,.F.);
#968=ORIENTED_EDGE('',*,*,#1871,.F.);
#969=ORIENTED_EDGE('',*,*,#1827,.F.);
#970=ORIENTED_EDGE('',*,*,#1871,.T.);
#971=ORIENTED_EDGE('',*,*,#1865,.F.);
#972=ORIENTED_EDGE('',*,*,#1872,.F.);
#973=ORIENTED_EDGE('',*,*,#1828,.F.);
#974=ORIENTED_EDGE('',*,*,#1872,.T.);
#975=ORIENTED_EDGE('',*,*,#1864,.F.);
#976=ORIENTED_EDGE('',*,*,#1829,.F.);
#977=ORIENTED_EDGE('',*,*,#1868,.F.);
#978=ORIENTED_EDGE('',*,*,#1869,.F.);
#979=ORIENTED_EDGE('',*,*,#1825,.F.);
#980=ORIENTED_EDGE('',*,*,#1873,.T.);
#981=ORIENTED_EDGE('',*,*,#1874,.F.);
#982=ORIENTED_EDGE('',*,*,#1875,.F.);
#983=ORIENTED_EDGE('',*,*,#1809,.F.);
#984=ORIENTED_EDGE('',*,*,#1876,.F.);
#985=ORIENTED_EDGE('',*,*,#1877,.F.);
#986=ORIENTED_EDGE('',*,*,#1878,.F.);
#987=ORIENTED_EDGE('',*,*,#1805,.F.);
#988=ORIENTED_EDGE('',*,*,#1879,.T.);
#989=ORIENTED_EDGE('',*,*,#1880,.T.);
#990=ORIENTED_EDGE('',*,*,#1881,.T.);
#991=ORIENTED_EDGE('',*,*,#1882,.T.);
#992=ORIENTED_EDGE('',*,*,#1883,.F.);
#993=ORIENTED_EDGE('',*,*,#1810,.F.);
#994=ORIENTED_EDGE('',*,*,#1875,.T.);
#995=ORIENTED_EDGE('',*,*,#1884,.F.);
#996=ORIENTED_EDGE('',*,*,#1885,.T.);
#997=ORIENTED_EDGE('',*,*,#1883,.T.);
#998=ORIENTED_EDGE('',*,*,#1886,.T.);
#999=ORIENTED_EDGE('',*,*,#1887,.F.);
#1000=ORIENTED_EDGE('',*,*,#1879,.F.);
#1001=ORIENTED_EDGE('',*,*,#1804,.F.);
#1002=ORIENTED_EDGE('',*,*,#1888,.T.);
#1003=ORIENTED_EDGE('',*,*,#1889,.T.);
#1004=ORIENTED_EDGE('',*,*,#1799,.F.);
#1005=ORIENTED_EDGE('',*,*,#1890,.T.);
#1006=ORIENTED_EDGE('',*,*,#1891,.T.);
#1007=ORIENTED_EDGE('',*,*,#1892,.T.);
#1008=ORIENTED_EDGE('',*,*,#1887,.T.);
#1009=ORIENTED_EDGE('',*,*,#1893,.T.);
#1010=ORIENTED_EDGE('',*,*,#1894,.T.);
#1011=ORIENTED_EDGE('',*,*,#1895,.T.);
#1012=ORIENTED_EDGE('',*,*,#1888,.F.);
#1013=ORIENTED_EDGE('',*,*,#1803,.F.);
#1014=ORIENTED_EDGE('',*,*,#1896,.T.);
#1015=ORIENTED_EDGE('',*,*,#1897,.T.);
#1016=ORIENTED_EDGE('',*,*,#1898,.T.);
#1017=ORIENTED_EDGE('',*,*,#1899,.T.);
#1018=ORIENTED_EDGE('',*,*,#1890,.F.);
#1019=ORIENTED_EDGE('',*,*,#1798,.F.);
#1020=ORIENTED_EDGE('',*,*,#1900,.F.);
#1021=ORIENTED_EDGE('',*,*,#1886,.F.);
#1022=ORIENTED_EDGE('',*,*,#1882,.F.);
#1023=ORIENTED_EDGE('',*,*,#1881,.F.);
#1024=ORIENTED_EDGE('',*,*,#1880,.F.);
#1025=ORIENTED_EDGE('',*,*,#1889,.F.);
#1026=ORIENTED_EDGE('',*,*,#1895,.F.);
#1027=ORIENTED_EDGE('',*,*,#1894,.F.);
#1028=ORIENTED_EDGE('',*,*,#1893,.F.);
#1029=ORIENTED_EDGE('',*,*,#1884,.T.);
#1030=ORIENTED_EDGE('',*,*,#1874,.T.);
#1031=ORIENTED_EDGE('',*,*,#1901,.T.);
#1032=ORIENTED_EDGE('',*,*,#1811,.T.);
#1033=ORIENTED_EDGE('',*,*,#1785,.T.);
#1034=ORIENTED_EDGE('',*,*,#1813,.F.);
#1035=ORIENTED_EDGE('',*,*,#1902,.F.);
#1036=ORIENTED_EDGE('',*,*,#1891,.F.);
#1037=ORIENTED_EDGE('',*,*,#1899,.F.);
#1038=ORIENTED_EDGE('',*,*,#1797,.T.);
#1039=ORIENTED_EDGE('',*,*,#1812,.F.);
#1040=ORIENTED_EDGE('',*,*,#1901,.F.);
#1041=ORIENTED_EDGE('',*,*,#1873,.F.);
#1042=ORIENTED_EDGE('',*,*,#1885,.F.);
#1043=ORIENTED_EDGE('',*,*,#1892,.F.);
#1044=ORIENTED_EDGE('',*,*,#1902,.T.);
#1045=ORIENTED_EDGE('',*,*,#1898,.F.);
#1046=ORIENTED_EDGE('',*,*,#1903,.T.);
#1047=ORIENTED_EDGE('',*,*,#1800,.F.);
#1048=ORIENTED_EDGE('',*,*,#1897,.F.);
#1049=ORIENTED_EDGE('',*,*,#1904,.T.);
#1050=ORIENTED_EDGE('',*,*,#1801,.F.);
#1051=ORIENTED_EDGE('',*,*,#1903,.F.);
#1052=ORIENTED_EDGE('',*,*,#1896,.F.);
#1053=ORIENTED_EDGE('',*,*,#1802,.F.);
#1054=ORIENTED_EDGE('',*,*,#1904,.F.);
#1055=ORIENTED_EDGE('',*,*,#1878,.T.);
#1056=ORIENTED_EDGE('',*,*,#1905,.T.);
#1057=ORIENTED_EDGE('',*,*,#1806,.T.);
#1058=ORIENTED_EDGE('',*,*,#1905,.F.);
#1059=ORIENTED_EDGE('',*,*,#1877,.T.);
#1060=ORIENTED_EDGE('',*,*,#1906,.T.);
#1061=ORIENTED_EDGE('',*,*,#1807,.T.);
#1062=ORIENTED_EDGE('',*,*,#1906,.F.);
#1063=ORIENTED_EDGE('',*,*,#1876,.T.);
#1064=ORIENTED_EDGE('',*,*,#1808,.T.);
#1065=ORIENTED_EDGE('',*,*,#1850,.F.);
#1066=ORIENTED_EDGE('',*,*,#1900,.T.);
#1067=ORIENTED_EDGE('',*,*,#1907,.F.);
#1068=ORIENTED_EDGE('',*,*,#1908,.F.);
#1069=ORIENTED_EDGE('',*,*,#1909,.F.);
#1070=ORIENTED_EDGE('',*,*,#1910,.F.);
#1071=ORIENTED_EDGE('',*,*,#1911,.F.);
#1072=ORIENTED_EDGE('',*,*,#1912,.F.);
#1073=ORIENTED_EDGE('',*,*,#1913,.T.);
#1074=ORIENTED_EDGE('',*,*,#1907,.T.);
#1075=ORIENTED_EDGE('',*,*,#1914,.F.);
#1076=ORIENTED_EDGE('',*,*,#1915,.F.);
#1077=ORIENTED_EDGE('',*,*,#1916,.T.);
#1078=ORIENTED_EDGE('',*,*,#1912,.T.);
#1079=ORIENTED_EDGE('',*,*,#1917,.F.);
#1080=ORIENTED_EDGE('',*,*,#1918,.F.);
#1081=ORIENTED_EDGE('',*,*,#1914,.T.);
#1082=ORIENTED_EDGE('',*,*,#1911,.T.);
#1083=ORIENTED_EDGE('',*,*,#1919,.F.);
#1084=ORIENTED_EDGE('',*,*,#1920,.F.);
#1085=ORIENTED_EDGE('',*,*,#1917,.T.);
#1086=ORIENTED_EDGE('',*,*,#1910,.T.);
#1087=ORIENTED_EDGE('',*,*,#1921,.F.);
#1088=ORIENTED_EDGE('',*,*,#1922,.F.);
#1089=ORIENTED_EDGE('',*,*,#1919,.T.);
#1090=ORIENTED_EDGE('',*,*,#1909,.T.);
#1091=ORIENTED_EDGE('',*,*,#1923,.F.);
#1092=ORIENTED_EDGE('',*,*,#1924,.F.);
#1093=ORIENTED_EDGE('',*,*,#1921,.T.);
#1094=ORIENTED_EDGE('',*,*,#1908,.T.);
#1095=ORIENTED_EDGE('',*,*,#1916,.F.);
#1096=ORIENTED_EDGE('',*,*,#1925,.F.);
#1097=ORIENTED_EDGE('',*,*,#1923,.T.);
#1098=ORIENTED_EDGE('',*,*,#1915,.T.);
#1099=ORIENTED_EDGE('',*,*,#1918,.T.);
#1100=ORIENTED_EDGE('',*,*,#1920,.T.);
#1101=ORIENTED_EDGE('',*,*,#1922,.T.);
#1102=ORIENTED_EDGE('',*,*,#1924,.T.);
#1103=ORIENTED_EDGE('',*,*,#1925,.T.);
#1104=ORIENTED_EDGE('',*,*,#1913,.F.);
#1105=ORIENTED_EDGE('',*,*,#1926,.T.);
#1106=ORIENTED_EDGE('',*,*,#1927,.F.);
#1107=ORIENTED_EDGE('',*,*,#1928,.F.);
#1108=ORIENTED_EDGE('',*,*,#1928,.T.);
#1109=ORIENTED_EDGE('',*,*,#1926,.F.);
#1110=ORIENTED_EDGE('',*,*,#1929,.T.);
#1111=ORIENTED_EDGE('',*,*,#1927,.T.);
#1112=ORIENTED_EDGE('',*,*,#1930,.T.);
#1113=ORIENTED_EDGE('',*,*,#1929,.F.);
#1114=ORIENTED_EDGE('',*,*,#1930,.F.);
#1115=ORIENTED_EDGE('',*,*,#1931,.T.);
#1116=ORIENTED_EDGE('',*,*,#1932,.T.);
#1117=ORIENTED_EDGE('',*,*,#1933,.F.);
#1118=ORIENTED_EDGE('',*,*,#1934,.T.);
#1119=ORIENTED_EDGE('',*,*,#1935,.T.);
#1120=ORIENTED_EDGE('',*,*,#1936,.T.);
#1121=ORIENTED_EDGE('',*,*,#1937,.T.);
#1122=ORIENTED_EDGE('',*,*,#1938,.T.);
#1123=ORIENTED_EDGE('',*,*,#1939,.F.);
#1124=ORIENTED_EDGE('',*,*,#1940,.T.);
#1125=ORIENTED_EDGE('',*,*,#1941,.T.);
#1126=ORIENTED_EDGE('',*,*,#1933,.T.);
#1127=ORIENTED_EDGE('',*,*,#1942,.T.);
#1128=ORIENTED_EDGE('',*,*,#1943,.T.);
#1129=ORIENTED_EDGE('',*,*,#1944,.F.);
#1130=ORIENTED_EDGE('',*,*,#1945,.T.);
#1131=ORIENTED_EDGE('',*,*,#1946,.T.);
#1132=ORIENTED_EDGE('',*,*,#1939,.T.);
#1133=ORIENTED_EDGE('',*,*,#1947,.T.);
#1134=ORIENTED_EDGE('',*,*,#1948,.T.);
#1135=ORIENTED_EDGE('',*,*,#1949,.F.);
#1136=ORIENTED_EDGE('',*,*,#1950,.T.);
#1137=ORIENTED_EDGE('',*,*,#1951,.T.);
#1138=ORIENTED_EDGE('',*,*,#1944,.T.);
#1139=ORIENTED_EDGE('',*,*,#1952,.T.);
#1140=ORIENTED_EDGE('',*,*,#1953,.T.);
#1141=ORIENTED_EDGE('',*,*,#1954,.F.);
#1142=ORIENTED_EDGE('',*,*,#1955,.T.);
#1143=ORIENTED_EDGE('',*,*,#1956,.T.);
#1144=ORIENTED_EDGE('',*,*,#1949,.T.);
#1145=ORIENTED_EDGE('',*,*,#1957,.T.);
#1146=ORIENTED_EDGE('',*,*,#1958,.T.);
#1147=ORIENTED_EDGE('',*,*,#1936,.F.);
#1148=ORIENTED_EDGE('',*,*,#1959,.T.);
#1149=ORIENTED_EDGE('',*,*,#1960,.T.);
#1150=ORIENTED_EDGE('',*,*,#1954,.T.);
#1151=ORIENTED_EDGE('',*,*,#1961,.T.);
#1152=ORIENTED_EDGE('',*,*,#1962,.T.);
#1153=ORIENTED_EDGE('',*,*,#1960,.F.);
#1154=ORIENTED_EDGE('',*,*,#1963,.T.);
#1155=ORIENTED_EDGE('',*,*,#1955,.F.);
#1156=ORIENTED_EDGE('',*,*,#1964,.T.);
#1157=ORIENTED_EDGE('',*,*,#1959,.F.);
#1158=ORIENTED_EDGE('',*,*,#1935,.F.);
#1159=ORIENTED_EDGE('',*,*,#1956,.F.);
#1160=ORIENTED_EDGE('',*,*,#1965,.T.);
#1161=ORIENTED_EDGE('',*,*,#1950,.F.);
#1162=ORIENTED_EDGE('',*,*,#1966,.T.);
#1163=ORIENTED_EDGE('',*,*,#1940,.F.);
#1164=ORIENTED_EDGE('',*,*,#1946,.F.);
#1165=ORIENTED_EDGE('',*,*,#1951,.F.);
#1166=ORIENTED_EDGE('',*,*,#1967,.T.);
#1167=ORIENTED_EDGE('',*,*,#1945,.F.);
#1168=ORIENTED_EDGE('',*,*,#1968,.F.);
#1169=ORIENTED_EDGE('',*,*,#1952,.F.);
#1170=ORIENTED_EDGE('',*,*,#1948,.F.);
#1171=ORIENTED_EDGE('',*,*,#1969,.F.);
#1172=ORIENTED_EDGE('',*,*,#1947,.F.);
#1173=ORIENTED_EDGE('',*,*,#1943,.F.);
#1174=ORIENTED_EDGE('',*,*,#1970,.F.);
#1175=ORIENTED_EDGE('',*,*,#1942,.F.);
#1176=ORIENTED_EDGE('',*,*,#1938,.F.);
#1177=ORIENTED_EDGE('',*,*,#1962,.F.);
#1178=ORIENTED_EDGE('',*,*,#1971,.F.);
#1179=ORIENTED_EDGE('',*,*,#1937,.F.);
#1180=ORIENTED_EDGE('',*,*,#1972,.F.);
#1181=ORIENTED_EDGE('',*,*,#1961,.F.);
#1182=ORIENTED_EDGE('',*,*,#1958,.F.);
#1183=ORIENTED_EDGE('',*,*,#1973,.F.);
#1184=ORIENTED_EDGE('',*,*,#1932,.F.);
#1185=ORIENTED_EDGE('',*,*,#1974,.F.);
#1186=ORIENTED_EDGE('',*,*,#1957,.F.);
#1187=ORIENTED_EDGE('',*,*,#1953,.F.);
#1188=ORIENTED_EDGE('',*,*,#1941,.F.);
#1189=ORIENTED_EDGE('',*,*,#1975,.T.);
#1190=ORIENTED_EDGE('',*,*,#1934,.F.);
#1191=ORIENTED_EDGE('',*,*,#1975,.F.);
#1192=ORIENTED_EDGE('',*,*,#1966,.F.);
#1193=ORIENTED_EDGE('',*,*,#1967,.F.);
#1194=ORIENTED_EDGE('',*,*,#1965,.F.);
#1195=ORIENTED_EDGE('',*,*,#1963,.F.);
#1196=ORIENTED_EDGE('',*,*,#1964,.F.);
#1197=ORIENTED_EDGE('',*,*,#1973,.T.);
#1198=ORIENTED_EDGE('',*,*,#1976,.T.);
#1199=ORIENTED_EDGE('',*,*,#1931,.F.);
#1200=ORIENTED_EDGE('',*,*,#1977,.T.);
#1201=ORIENTED_EDGE('',*,*,#1976,.F.);
#1202=ORIENTED_EDGE('',*,*,#1977,.F.);
#1203=ORIENTED_EDGE('',*,*,#1972,.T.);
#1204=ORIENTED_EDGE('',*,*,#1974,.T.);
#1205=ORIENTED_EDGE('',*,*,#1968,.T.);
#1206=ORIENTED_EDGE('',*,*,#1969,.T.);
#1207=ORIENTED_EDGE('',*,*,#1970,.T.);
#1208=ORIENTED_EDGE('',*,*,#1971,.T.);
#1209=ORIENTED_EDGE('',*,*,#1978,.T.);
#1210=ORIENTED_EDGE('',*,*,#1979,.T.);
#1211=ORIENTED_EDGE('',*,*,#1978,.F.);
#1212=ORIENTED_EDGE('',*,*,#1980,.T.);
#1213=ORIENTED_EDGE('',*,*,#1979,.F.);
#1214=ORIENTED_EDGE('',*,*,#1981,.T.);
#1215=ORIENTED_EDGE('',*,*,#1980,.F.);
#1216=ORIENTED_EDGE('',*,*,#1981,.F.);
#1217=ORIENTED_EDGE('',*,*,#1982,.T.);
#1218=ORIENTED_EDGE('',*,*,#1983,.T.);
#1219=ORIENTED_EDGE('',*,*,#1982,.F.);
#1220=ORIENTED_EDGE('',*,*,#1984,.T.);
#1221=ORIENTED_EDGE('',*,*,#1983,.F.);
#1222=ORIENTED_EDGE('',*,*,#1985,.T.);
#1223=ORIENTED_EDGE('',*,*,#1986,.T.);
#1224=ORIENTED_EDGE('',*,*,#1987,.T.);
#1225=ORIENTED_EDGE('',*,*,#1986,.F.);
#1226=ORIENTED_EDGE('',*,*,#1988,.T.);
#1227=ORIENTED_EDGE('',*,*,#1987,.F.);
#1228=ORIENTED_EDGE('',*,*,#1989,.T.);
#1229=ORIENTED_EDGE('',*,*,#1988,.F.);
#1230=ORIENTED_EDGE('',*,*,#1989,.F.);
#1231=ORIENTED_EDGE('',*,*,#1985,.F.);
#1232=ORIENTED_EDGE('',*,*,#1984,.F.);
#1233=ORIENTED_EDGE('',*,*,#1990,.F.);
#1234=ORIENTED_EDGE('',*,*,#1991,.F.);
#1235=ORIENTED_EDGE('',*,*,#1992,.F.);
#1236=ORIENTED_EDGE('',*,*,#1993,.F.);
#1237=ORIENTED_EDGE('',*,*,#1994,.F.);
#1238=ORIENTED_EDGE('',*,*,#1995,.F.);
#1239=ORIENTED_EDGE('',*,*,#1996,.T.);
#1240=ORIENTED_EDGE('',*,*,#1990,.T.);
#1241=ORIENTED_EDGE('',*,*,#1997,.F.);
#1242=ORIENTED_EDGE('',*,*,#1998,.F.);
#1243=ORIENTED_EDGE('',*,*,#1999,.T.);
#1244=ORIENTED_EDGE('',*,*,#1995,.T.);
#1245=ORIENTED_EDGE('',*,*,#2000,.F.);
#1246=ORIENTED_EDGE('',*,*,#2001,.F.);
#1247=ORIENTED_EDGE('',*,*,#1997,.T.);
#1248=ORIENTED_EDGE('',*,*,#1994,.T.);
#1249=ORIENTED_EDGE('',*,*,#2002,.F.);
#1250=ORIENTED_EDGE('',*,*,#2003,.F.);
#1251=ORIENTED_EDGE('',*,*,#2000,.T.);
#1252=ORIENTED_EDGE('',*,*,#1993,.T.);
#1253=ORIENTED_EDGE('',*,*,#2004,.F.);
#1254=ORIENTED_EDGE('',*,*,#2005,.F.);
#1255=ORIENTED_EDGE('',*,*,#2002,.T.);
#1256=ORIENTED_EDGE('',*,*,#1992,.T.);
#1257=ORIENTED_EDGE('',*,*,#2006,.F.);
#1258=ORIENTED_EDGE('',*,*,#2007,.F.);
#1259=ORIENTED_EDGE('',*,*,#2004,.T.);
#1260=ORIENTED_EDGE('',*,*,#1991,.T.);
#1261=ORIENTED_EDGE('',*,*,#1999,.F.);
#1262=ORIENTED_EDGE('',*,*,#2008,.F.);
#1263=ORIENTED_EDGE('',*,*,#2006,.T.);
#1264=ORIENTED_EDGE('',*,*,#1998,.T.);
#1265=ORIENTED_EDGE('',*,*,#2001,.T.);
#1266=ORIENTED_EDGE('',*,*,#2003,.T.);
#1267=ORIENTED_EDGE('',*,*,#2005,.T.);
#1268=ORIENTED_EDGE('',*,*,#2007,.T.);
#1269=ORIENTED_EDGE('',*,*,#2008,.T.);
#1270=ORIENTED_EDGE('',*,*,#1996,.F.);
#1271=ORIENTED_EDGE('',*,*,#2009,.T.);
#1272=ORIENTED_EDGE('',*,*,#2010,.F.);
#1273=ORIENTED_EDGE('',*,*,#2011,.F.);
#1274=ORIENTED_EDGE('',*,*,#2011,.T.);
#1275=ORIENTED_EDGE('',*,*,#2009,.F.);
#1276=ORIENTED_EDGE('',*,*,#2012,.T.);
#1277=ORIENTED_EDGE('',*,*,#2010,.T.);
#1278=ORIENTED_EDGE('',*,*,#2013,.T.);
#1279=ORIENTED_EDGE('',*,*,#2012,.F.);
#1280=ORIENTED_EDGE('',*,*,#2013,.F.);
#1281=ORIENTED_EDGE('',*,*,#2014,.F.);
#1282=ORIENTED_EDGE('',*,*,#2015,.F.);
#1283=ORIENTED_EDGE('',*,*,#2016,.F.);
#1284=ORIENTED_EDGE('',*,*,#2017,.F.);
#1285=ORIENTED_EDGE('',*,*,#2018,.F.);
#1286=ORIENTED_EDGE('',*,*,#2019,.F.);
#1287=ORIENTED_EDGE('',*,*,#2020,.T.);
#1288=ORIENTED_EDGE('',*,*,#2014,.T.);
#1289=ORIENTED_EDGE('',*,*,#2021,.F.);
#1290=ORIENTED_EDGE('',*,*,#2022,.F.);
#1291=ORIENTED_EDGE('',*,*,#2023,.T.);
#1292=ORIENTED_EDGE('',*,*,#2019,.T.);
#1293=ORIENTED_EDGE('',*,*,#2024,.F.);
#1294=ORIENTED_EDGE('',*,*,#2025,.F.);
#1295=ORIENTED_EDGE('',*,*,#2021,.T.);
#1296=ORIENTED_EDGE('',*,*,#2018,.T.);
#1297=ORIENTED_EDGE('',*,*,#2026,.F.);
#1298=ORIENTED_EDGE('',*,*,#2027,.F.);
#1299=ORIENTED_EDGE('',*,*,#2024,.T.);
#1300=ORIENTED_EDGE('',*,*,#2017,.T.);
#1301=ORIENTED_EDGE('',*,*,#2028,.F.);
#1302=ORIENTED_EDGE('',*,*,#2029,.F.);
#1303=ORIENTED_EDGE('',*,*,#2026,.T.);
#1304=ORIENTED_EDGE('',*,*,#2016,.T.);
#1305=ORIENTED_EDGE('',*,*,#2030,.F.);
#1306=ORIENTED_EDGE('',*,*,#2031,.F.);
#1307=ORIENTED_EDGE('',*,*,#2028,.T.);
#1308=ORIENTED_EDGE('',*,*,#2015,.T.);
#1309=ORIENTED_EDGE('',*,*,#2023,.F.);
#1310=ORIENTED_EDGE('',*,*,#2032,.F.);
#1311=ORIENTED_EDGE('',*,*,#2030,.T.);
#1312=ORIENTED_EDGE('',*,*,#2022,.T.);
#1313=ORIENTED_EDGE('',*,*,#2025,.T.);
#1314=ORIENTED_EDGE('',*,*,#2027,.T.);
#1315=ORIENTED_EDGE('',*,*,#2029,.T.);
#1316=ORIENTED_EDGE('',*,*,#2031,.T.);
#1317=ORIENTED_EDGE('',*,*,#2032,.T.);
#1318=ORIENTED_EDGE('',*,*,#2020,.F.);
#1319=ORIENTED_EDGE('',*,*,#2033,.T.);
#1320=ORIENTED_EDGE('',*,*,#2034,.F.);
#1321=ORIENTED_EDGE('',*,*,#2035,.F.);
#1322=ORIENTED_EDGE('',*,*,#2035,.T.);
#1323=ORIENTED_EDGE('',*,*,#2033,.F.);
#1324=ORIENTED_EDGE('',*,*,#2036,.T.);
#1325=ORIENTED_EDGE('',*,*,#2034,.T.);
#1326=ORIENTED_EDGE('',*,*,#2037,.T.);
#1327=ORIENTED_EDGE('',*,*,#2036,.F.);
#1328=ORIENTED_EDGE('',*,*,#2037,.F.);
#1329=ORIENTED_EDGE('',*,*,#2038,.F.);
#1330=ORIENTED_EDGE('',*,*,#2039,.F.);
#1331=ORIENTED_EDGE('',*,*,#2040,.T.);
#1332=ORIENTED_EDGE('',*,*,#2041,.T.);
#1333=ORIENTED_EDGE('',*,*,#2042,.T.);
#1334=ORIENTED_EDGE('',*,*,#2043,.F.);
#1335=ORIENTED_EDGE('',*,*,#2044,.F.);
#1336=ORIENTED_EDGE('',*,*,#2039,.T.);
#1337=ORIENTED_EDGE('',*,*,#2045,.F.);
#1338=ORIENTED_EDGE('',*,*,#2046,.F.);
#1339=ORIENTED_EDGE('',*,*,#2047,.T.);
#1340=ORIENTED_EDGE('',*,*,#2043,.T.);
#1341=ORIENTED_EDGE('',*,*,#2048,.T.);
#1342=ORIENTED_EDGE('',*,*,#2049,.F.);
#1343=ORIENTED_EDGE('',*,*,#2050,.F.);
#1344=ORIENTED_EDGE('',*,*,#2046,.T.);
#1345=ORIENTED_EDGE('',*,*,#2051,.T.);
#1346=ORIENTED_EDGE('',*,*,#2052,.F.);
#1347=ORIENTED_EDGE('',*,*,#2053,.F.);
#1348=ORIENTED_EDGE('',*,*,#2049,.T.);
#1349=ORIENTED_EDGE('',*,*,#2054,.F.);
#1350=ORIENTED_EDGE('',*,*,#2055,.F.);
#1351=ORIENTED_EDGE('',*,*,#2056,.T.);
#1352=ORIENTED_EDGE('',*,*,#2052,.T.);
#1353=ORIENTED_EDGE('',*,*,#2057,.T.);
#1354=ORIENTED_EDGE('',*,*,#2058,.F.);
#1355=ORIENTED_EDGE('',*,*,#2059,.F.);
#1356=ORIENTED_EDGE('',*,*,#2055,.T.);
#1357=ORIENTED_EDGE('',*,*,#2060,.T.);
#1358=ORIENTED_EDGE('',*,*,#2061,.F.);
#1359=ORIENTED_EDGE('',*,*,#2062,.F.);
#1360=ORIENTED_EDGE('',*,*,#2058,.T.);
#1361=ORIENTED_EDGE('',*,*,#2063,.F.);
#1362=ORIENTED_EDGE('',*,*,#2064,.F.);
#1363=ORIENTED_EDGE('',*,*,#2065,.T.);
#1364=ORIENTED_EDGE('',*,*,#2061,.T.);
#1365=ORIENTED_EDGE('',*,*,#2066,.T.);
#1366=ORIENTED_EDGE('',*,*,#2067,.F.);
#1367=ORIENTED_EDGE('',*,*,#2068,.T.);
#1368=ORIENTED_EDGE('',*,*,#2069,.F.);
#1369=ORIENTED_EDGE('',*,*,#2070,.T.);
#1370=ORIENTED_EDGE('',*,*,#2071,.F.);
#1371=ORIENTED_EDGE('',*,*,#2072,.T.);
#1372=ORIENTED_EDGE('',*,*,#2073,.F.);
#1373=ORIENTED_EDGE('',*,*,#2074,.T.);
#1374=ORIENTED_EDGE('',*,*,#2075,.F.);
#1375=ORIENTED_EDGE('',*,*,#2076,.T.);
#1376=ORIENTED_EDGE('',*,*,#2077,.F.);
#1377=ORIENTED_EDGE('',*,*,#2078,.T.);
#1378=ORIENTED_EDGE('',*,*,#2079,.F.);
#1379=ORIENTED_EDGE('',*,*,#2080,.T.);
#1380=ORIENTED_EDGE('',*,*,#2081,.F.);
#1381=ORIENTED_EDGE('',*,*,#2082,.T.);
#1382=ORIENTED_EDGE('',*,*,#2083,.F.);
#1383=ORIENTED_EDGE('',*,*,#2084,.T.);
#1384=ORIENTED_EDGE('',*,*,#2085,.F.);
#1385=ORIENTED_EDGE('',*,*,#2086,.F.);
#1386=ORIENTED_EDGE('',*,*,#2041,.F.);
#1387=ORIENTED_EDGE('',*,*,#2087,.T.);
#1388=ORIENTED_EDGE('',*,*,#2064,.T.);
#1389=ORIENTED_EDGE('',*,*,#2084,.F.);
#1390=ORIENTED_EDGE('',*,*,#2082,.F.);
#1391=ORIENTED_EDGE('',*,*,#2080,.F.);
#1392=ORIENTED_EDGE('',*,*,#2078,.F.);
#1393=ORIENTED_EDGE('',*,*,#2076,.F.);
#1394=ORIENTED_EDGE('',*,*,#2074,.F.);
#1395=ORIENTED_EDGE('',*,*,#2072,.F.);
#1396=ORIENTED_EDGE('',*,*,#2070,.F.);
#1397=ORIENTED_EDGE('',*,*,#2068,.F.);
#1398=ORIENTED_EDGE('',*,*,#2066,.F.);
#1399=ORIENTED_EDGE('',*,*,#2040,.F.);
#1400=ORIENTED_EDGE('',*,*,#2044,.T.);
#1401=ORIENTED_EDGE('',*,*,#2047,.F.);
#1402=ORIENTED_EDGE('',*,*,#2050,.T.);
#1403=ORIENTED_EDGE('',*,*,#2053,.T.);
#1404=ORIENTED_EDGE('',*,*,#2056,.F.);
#1405=ORIENTED_EDGE('',*,*,#2059,.T.);
#1406=ORIENTED_EDGE('',*,*,#2062,.T.);
#1407=ORIENTED_EDGE('',*,*,#2065,.F.);
#1408=ORIENTED_EDGE('',*,*,#2087,.F.);
#1409=ORIENTED_EDGE('',*,*,#2085,.T.);
#1410=ORIENTED_EDGE('',*,*,#2083,.T.);
#1411=ORIENTED_EDGE('',*,*,#2081,.T.);
#1412=ORIENTED_EDGE('',*,*,#2079,.T.);
#1413=ORIENTED_EDGE('',*,*,#2077,.T.);
#1414=ORIENTED_EDGE('',*,*,#2075,.T.);
#1415=ORIENTED_EDGE('',*,*,#2073,.T.);
#1416=ORIENTED_EDGE('',*,*,#2071,.T.);
#1417=ORIENTED_EDGE('',*,*,#2069,.T.);
#1418=ORIENTED_EDGE('',*,*,#2067,.T.);
#1419=ORIENTED_EDGE('',*,*,#2038,.T.);
#1420=ORIENTED_EDGE('',*,*,#2086,.T.);
#1421=ORIENTED_EDGE('',*,*,#2063,.T.);
#1422=ORIENTED_EDGE('',*,*,#2060,.F.);
#1423=ORIENTED_EDGE('',*,*,#2057,.F.);
#1424=ORIENTED_EDGE('',*,*,#2054,.T.);
#1425=ORIENTED_EDGE('',*,*,#2051,.F.);
#1426=ORIENTED_EDGE('',*,*,#2048,.F.);
#1427=ORIENTED_EDGE('',*,*,#2045,.T.);
#1428=ORIENTED_EDGE('',*,*,#2042,.F.);
#1429=ORIENTED_EDGE('',*,*,#2088,.F.);
#1430=ORIENTED_EDGE('',*,*,#2089,.T.);
#1431=ORIENTED_EDGE('',*,*,#2090,.F.);
#1432=ORIENTED_EDGE('',*,*,#2091,.F.);
#1433=ORIENTED_EDGE('',*,*,#2092,.F.);
#1434=ORIENTED_EDGE('',*,*,#2093,.T.);
#1435=ORIENTED_EDGE('',*,*,#2094,.T.);
#1436=ORIENTED_EDGE('',*,*,#2091,.T.);
#1437=ORIENTED_EDGE('',*,*,#2095,.T.);
#1438=ORIENTED_EDGE('',*,*,#2096,.T.);
#1439=ORIENTED_EDGE('',*,*,#2097,.T.);
#1440=ORIENTED_EDGE('',*,*,#2098,.F.);
#1441=ORIENTED_EDGE('',*,*,#2099,.F.);
#1442=ORIENTED_EDGE('',*,*,#2100,.F.);
#1443=ORIENTED_EDGE('',*,*,#2101,.T.);
#1444=ORIENTED_EDGE('',*,*,#2102,.T.);
#1445=ORIENTED_EDGE('',*,*,#2103,.F.);
#1446=ORIENTED_EDGE('',*,*,#2104,.F.);
#1447=ORIENTED_EDGE('',*,*,#2105,.F.);
#1448=ORIENTED_EDGE('',*,*,#2106,.F.);
#1449=ORIENTED_EDGE('',*,*,#2107,.T.);
#1450=ORIENTED_EDGE('',*,*,#2108,.T.);
#1451=ORIENTED_EDGE('',*,*,#2109,.F.);
#1452=ORIENTED_EDGE('',*,*,#2102,.F.);
#1453=ORIENTED_EDGE('',*,*,#2110,.T.);
#1454=ORIENTED_EDGE('',*,*,#2106,.T.);
#1455=ORIENTED_EDGE('',*,*,#2111,.F.);
#1456=ORIENTED_EDGE('',*,*,#2097,.F.);
#1457=ORIENTED_EDGE('',*,*,#2112,.T.);
#1458=ORIENTED_EDGE('',*,*,#2100,.T.);
#1459=ORIENTED_EDGE('',*,*,#2113,.F.);
#1460=ORIENTED_EDGE('',*,*,#2114,.F.);
#1461=ORIENTED_EDGE('',*,*,#2115,.T.);
#1462=ORIENTED_EDGE('',*,*,#2114,.T.);
#1463=ORIENTED_EDGE('',*,*,#2116,.F.);
#1464=ORIENTED_EDGE('',*,*,#2117,.F.);
#1465=ORIENTED_EDGE('',*,*,#2118,.T.);
#1466=ORIENTED_EDGE('',*,*,#2119,.T.);
#1467=ORIENTED_EDGE('',*,*,#2117,.T.);
#1468=ORIENTED_EDGE('',*,*,#2120,.F.);
#1469=ORIENTED_EDGE('',*,*,#2121,.F.);
#1470=ORIENTED_EDGE('',*,*,#2108,.F.);
#1471=ORIENTED_EDGE('',*,*,#2122,.T.);
#1472=ORIENTED_EDGE('',*,*,#2123,.T.);
#1473=ORIENTED_EDGE('',*,*,#2124,.T.);
#1474=ORIENTED_EDGE('',*,*,#2125,.T.);
#1475=ORIENTED_EDGE('',*,*,#2126,.T.);
#1476=ORIENTED_EDGE('',*,*,#2127,.T.);
#1477=ORIENTED_EDGE('',*,*,#2099,.T.);
#1478=ORIENTED_EDGE('',*,*,#2098,.T.);
#1479=ORIENTED_EDGE('',*,*,#2111,.T.);
#1480=ORIENTED_EDGE('',*,*,#2105,.T.);
#1481=ORIENTED_EDGE('',*,*,#2121,.T.);
#1482=ORIENTED_EDGE('',*,*,#2120,.T.);
#1483=ORIENTED_EDGE('',*,*,#2116,.T.);
#1484=ORIENTED_EDGE('',*,*,#2113,.T.);
#1485=ORIENTED_EDGE('',*,*,#2128,.T.);
#1486=ORIENTED_EDGE('',*,*,#2129,.T.);
#1487=ORIENTED_EDGE('',*,*,#2107,.F.);
#1488=ORIENTED_EDGE('',*,*,#2110,.F.);
#1489=ORIENTED_EDGE('',*,*,#2101,.F.);
#1490=ORIENTED_EDGE('',*,*,#2115,.F.);
#1491=ORIENTED_EDGE('',*,*,#2118,.F.);
#1492=ORIENTED_EDGE('',*,*,#2119,.F.);
#1493=ORIENTED_EDGE('',*,*,#2130,.F.);
#1494=ORIENTED_EDGE('',*,*,#2131,.T.);
#1495=ORIENTED_EDGE('',*,*,#2132,.T.);
#1496=ORIENTED_EDGE('',*,*,#2133,.F.);
#1497=ORIENTED_EDGE('',*,*,#2134,.T.);
#1498=ORIENTED_EDGE('',*,*,#2135,.F.);
#1499=ORIENTED_EDGE('',*,*,#2136,.F.);
#1500=ORIENTED_EDGE('',*,*,#2103,.T.);
#1501=ORIENTED_EDGE('',*,*,#2109,.T.);
#1502=ORIENTED_EDGE('',*,*,#2133,.T.);
#1503=ORIENTED_EDGE('',*,*,#2137,.T.);
#1504=ORIENTED_EDGE('',*,*,#2093,.F.);
#1505=ORIENTED_EDGE('',*,*,#2138,.F.);
#1506=ORIENTED_EDGE('',*,*,#2139,.F.);
#1507=ORIENTED_EDGE('',*,*,#2135,.T.);
#1508=ORIENTED_EDGE('',*,*,#2140,.T.);
#1509=ORIENTED_EDGE('',*,*,#2141,.T.);
#1510=ORIENTED_EDGE('',*,*,#2142,.T.);
#1511=ORIENTED_EDGE('',*,*,#2131,.F.);
#1512=ORIENTED_EDGE('',*,*,#2143,.T.);
#1513=ORIENTED_EDGE('',*,*,#2096,.F.);
#1514=ORIENTED_EDGE('',*,*,#2144,.T.);
#1515=ORIENTED_EDGE('',*,*,#2094,.F.);
#1516=ORIENTED_EDGE('',*,*,#2137,.F.);
#1517=ORIENTED_EDGE('',*,*,#2132,.F.);
#1518=ORIENTED_EDGE('',*,*,#2142,.F.);
#1519=ORIENTED_EDGE('',*,*,#2141,.F.);
#1520=ORIENTED_EDGE('',*,*,#2140,.F.);
#1521=ORIENTED_EDGE('',*,*,#2134,.F.);
#1522=ORIENTED_EDGE('',*,*,#2112,.F.);
#1523=ORIENTED_EDGE('',*,*,#2145,.T.);
#1524=ORIENTED_EDGE('',*,*,#2146,.T.);
#1525=ORIENTED_EDGE('',*,*,#2147,.T.);
#1526=ORIENTED_EDGE('',*,*,#2148,.T.);
#1527=ORIENTED_EDGE('',*,*,#2149,.T.);
#1528=ORIENTED_EDGE('',*,*,#2150,.F.);
#1529=ORIENTED_EDGE('',*,*,#2151,.F.);
#1530=ORIENTED_EDGE('',*,*,#2136,.T.);
#1531=ORIENTED_EDGE('',*,*,#2139,.T.);
#1532=ORIENTED_EDGE('',*,*,#2130,.T.);
#1533=ORIENTED_EDGE('',*,*,#2138,.T.);
#1534=ORIENTED_EDGE('',*,*,#2092,.T.);
#1535=ORIENTED_EDGE('',*,*,#2104,.T.);
#1536=ORIENTED_EDGE('',*,*,#2151,.T.);
#1537=ORIENTED_EDGE('',*,*,#2129,.F.);
#1538=ORIENTED_EDGE('',*,*,#2150,.T.);
#1539=ORIENTED_EDGE('',*,*,#2128,.F.);
#1540=ORIENTED_EDGE('',*,*,#2152,.F.);
#1541=ORIENTED_EDGE('',*,*,#2089,.F.);
#1542=ORIENTED_EDGE('',*,*,#2088,.T.);
#1543=ORIENTED_EDGE('',*,*,#2152,.T.);
#1544=ORIENTED_EDGE('',*,*,#2145,.F.);
#1545=ORIENTED_EDGE('',*,*,#2127,.F.);
#1546=ORIENTED_EDGE('',*,*,#2146,.F.);
#1547=ORIENTED_EDGE('',*,*,#2126,.F.);
#1548=ORIENTED_EDGE('',*,*,#2147,.F.);
#1549=ORIENTED_EDGE('',*,*,#2125,.F.);
#1550=ORIENTED_EDGE('',*,*,#2148,.F.);
#1551=ORIENTED_EDGE('',*,*,#2124,.F.);
#1552=ORIENTED_EDGE('',*,*,#2149,.F.);
#1553=ORIENTED_EDGE('',*,*,#2123,.F.);
#1554=ORIENTED_EDGE('',*,*,#2143,.F.);
#1555=ORIENTED_EDGE('',*,*,#2122,.F.);
#1556=ORIENTED_EDGE('',*,*,#2090,.T.);
#1557=ORIENTED_EDGE('',*,*,#2144,.F.);
#1558=ORIENTED_EDGE('',*,*,#2095,.F.);
#1559=ORIENTED_EDGE('',*,*,#2153,.F.);
#1560=ORIENTED_EDGE('',*,*,#2154,.T.);
#1561=ORIENTED_EDGE('',*,*,#2155,.F.);
#1562=ORIENTED_EDGE('',*,*,#2156,.F.);
#1563=ORIENTED_EDGE('',*,*,#2157,.F.);
#1564=ORIENTED_EDGE('',*,*,#2158,.T.);
#1565=ORIENTED_EDGE('',*,*,#2159,.T.);
#1566=ORIENTED_EDGE('',*,*,#2160,.F.);
#1567=ORIENTED_EDGE('',*,*,#2161,.F.);
#1568=ORIENTED_EDGE('',*,*,#2160,.T.);
#1569=ORIENTED_EDGE('',*,*,#2162,.T.);
#1570=ORIENTED_EDGE('',*,*,#2163,.F.);
#1571=ORIENTED_EDGE('',*,*,#2164,.T.);
#1572=ORIENTED_EDGE('',*,*,#2165,.F.);
#1573=ORIENTED_EDGE('',*,*,#2166,.F.);
#1574=ORIENTED_EDGE('',*,*,#2155,.T.);
#1575=ORIENTED_EDGE('',*,*,#2167,.T.);
#1576=ORIENTED_EDGE('',*,*,#2168,.F.);
#1577=ORIENTED_EDGE('',*,*,#2169,.T.);
#1578=ORIENTED_EDGE('',*,*,#2170,.F.);
#1579=ORIENTED_EDGE('',*,*,#2171,.T.);
#1580=ORIENTED_EDGE('',*,*,#2172,.F.);
#1581=ORIENTED_EDGE('',*,*,#2173,.T.);
#1582=ORIENTED_EDGE('',*,*,#2174,.T.);
#1583=ORIENTED_EDGE('',*,*,#2175,.T.);
#1584=ORIENTED_EDGE('',*,*,#2176,.F.);
#1585=ORIENTED_EDGE('',*,*,#2177,.F.);
#1586=ORIENTED_EDGE('',*,*,#2178,.F.);
#1587=ORIENTED_EDGE('',*,*,#2171,.F.);
#1588=ORIENTED_EDGE('',*,*,#2179,.T.);
#1589=ORIENTED_EDGE('',*,*,#2180,.T.);
#1590=ORIENTED_EDGE('',*,*,#2181,.T.);
#1591=ORIENTED_EDGE('',*,*,#2182,.T.);
#1592=ORIENTED_EDGE('',*,*,#2183,.F.);
#1593=ORIENTED_EDGE('',*,*,#2184,.T.);
#1594=ORIENTED_EDGE('',*,*,#2185,.T.);
#1595=ORIENTED_EDGE('',*,*,#2186,.F.);
#1596=ORIENTED_EDGE('',*,*,#2187,.T.);
#1597=ORIENTED_EDGE('',*,*,#2188,.T.);
#1598=ORIENTED_EDGE('',*,*,#2180,.F.);
#1599=ORIENTED_EDGE('',*,*,#2189,.T.);
#1600=ORIENTED_EDGE('',*,*,#2190,.T.);
#1601=ORIENTED_EDGE('',*,*,#2182,.F.);
#1602=ORIENTED_EDGE('',*,*,#2191,.T.);
#1603=ORIENTED_EDGE('',*,*,#2192,.T.);
#1604=ORIENTED_EDGE('',*,*,#2193,.F.);
#1605=ORIENTED_EDGE('',*,*,#2194,.T.);
#1606=ORIENTED_EDGE('',*,*,#2195,.T.);
#1607=ORIENTED_EDGE('',*,*,#2196,.F.);
#1608=ORIENTED_EDGE('',*,*,#2197,.F.);
#1609=ORIENTED_EDGE('',*,*,#2198,.T.);
#1610=ORIENTED_EDGE('',*,*,#2199,.T.);
#1611=ORIENTED_EDGE('',*,*,#2200,.F.);
#1612=ORIENTED_EDGE('',*,*,#2201,.T.);
#1613=ORIENTED_EDGE('',*,*,#2202,.T.);
#1614=ORIENTED_EDGE('',*,*,#2203,.T.);
#1615=ORIENTED_EDGE('',*,*,#2204,.F.);
#1616=ORIENTED_EDGE('',*,*,#2185,.F.);
#1617=ORIENTED_EDGE('',*,*,#2205,.T.);
#1618=ORIENTED_EDGE('',*,*,#2206,.T.);
#1619=ORIENTED_EDGE('',*,*,#2203,.F.);
#1620=ORIENTED_EDGE('',*,*,#2207,.F.);
#1621=ORIENTED_EDGE('',*,*,#2208,.F.);
#1622=ORIENTED_EDGE('',*,*,#2209,.T.);
#1623=ORIENTED_EDGE('',*,*,#2172,.T.);
#1624=ORIENTED_EDGE('',*,*,#2181,.F.);
#1625=ORIENTED_EDGE('',*,*,#2194,.F.);
#1626=ORIENTED_EDGE('',*,*,#2210,.F.);
#1627=ORIENTED_EDGE('',*,*,#2199,.F.);
#1628=ORIENTED_EDGE('',*,*,#2186,.T.);
#1629=ORIENTED_EDGE('',*,*,#2208,.T.);
#1630=ORIENTED_EDGE('',*,*,#2211,.F.);
#1631=ORIENTED_EDGE('',*,*,#2212,.F.);
#1632=ORIENTED_EDGE('',*,*,#2213,.T.);
#1633=ORIENTED_EDGE('',*,*,#2212,.T.);
#1634=ORIENTED_EDGE('',*,*,#2214,.F.);
#1635=ORIENTED_EDGE('',*,*,#2215,.F.);
#1636=ORIENTED_EDGE('',*,*,#2216,.T.);
#1637=ORIENTED_EDGE('',*,*,#2217,.T.);
#1638=ORIENTED_EDGE('',*,*,#2218,.T.);
#1639=ORIENTED_EDGE('',*,*,#2215,.T.);
#1640=ORIENTED_EDGE('',*,*,#2219,.F.);
#1641=ORIENTED_EDGE('',*,*,#2220,.F.);
#1642=ORIENTED_EDGE('',*,*,#2220,.T.);
#1643=ORIENTED_EDGE('',*,*,#2221,.F.);
#1644=ORIENTED_EDGE('',*,*,#2192,.F.);
#1645=ORIENTED_EDGE('',*,*,#2222,.T.);
#1646=ORIENTED_EDGE('',*,*,#2223,.T.);
#1647=ORIENTED_EDGE('',*,*,#2214,.T.);
#1648=ORIENTED_EDGE('',*,*,#2224,.T.);
#1649=ORIENTED_EDGE('',*,*,#2221,.T.);
#1650=ORIENTED_EDGE('',*,*,#2219,.T.);
#1651=ORIENTED_EDGE('',*,*,#2225,.F.);
#1652=ORIENTED_EDGE('',*,*,#2226,.F.);
#1653=ORIENTED_EDGE('',*,*,#2195,.F.);
#1654=ORIENTED_EDGE('',*,*,#2227,.F.);
#1655=ORIENTED_EDGE('',*,*,#2228,.F.);
#1656=ORIENTED_EDGE('',*,*,#2229,.F.);
#1657=ORIENTED_EDGE('',*,*,#2191,.F.);
#1658=ORIENTED_EDGE('',*,*,#2188,.F.);
#1659=ORIENTED_EDGE('',*,*,#2187,.F.);
#1660=ORIENTED_EDGE('',*,*,#2213,.F.);
#1661=ORIENTED_EDGE('',*,*,#2216,.F.);
#1662=ORIENTED_EDGE('',*,*,#2218,.F.);
#1663=ORIENTED_EDGE('',*,*,#2217,.F.);
#1664=ORIENTED_EDGE('',*,*,#2222,.F.);
#1665=ORIENTED_EDGE('',*,*,#2211,.T.);
#1666=ORIENTED_EDGE('',*,*,#2207,.T.);
#1667=ORIENTED_EDGE('',*,*,#2202,.F.);
#1668=ORIENTED_EDGE('',*,*,#2230,.T.);
#1669=ORIENTED_EDGE('',*,*,#2200,.T.);
#1670=ORIENTED_EDGE('',*,*,#2210,.T.);
#1671=ORIENTED_EDGE('',*,*,#2193,.T.);
#1672=ORIENTED_EDGE('',*,*,#2231,.T.);
#1673=ORIENTED_EDGE('',*,*,#2232,.T.);
#1674=ORIENTED_EDGE('',*,*,#2230,.F.);
#1675=ORIENTED_EDGE('',*,*,#2201,.F.);
#1676=ORIENTED_EDGE('',*,*,#2231,.F.);
#1677=ORIENTED_EDGE('',*,*,#2224,.F.);
#1678=ORIENTED_EDGE('',*,*,#2184,.F.);
#1679=ORIENTED_EDGE('',*,*,#2233,.F.);
#1680=ORIENTED_EDGE('',*,*,#2165,.T.);
#1681=ORIENTED_EDGE('',*,*,#2234,.T.);
#1682=ORIENTED_EDGE('',*,*,#2235,.F.);
#1683=ORIENTED_EDGE('',*,*,#2236,.T.);
#1684=ORIENTED_EDGE('',*,*,#2205,.F.);
#1685=ORIENTED_EDGE('',*,*,#2158,.F.);
#1686=ORIENTED_EDGE('',*,*,#2237,.F.);
#1687=ORIENTED_EDGE('',*,*,#2177,.T.);
#1688=ORIENTED_EDGE('',*,*,#2238,.T.);
#1689=ORIENTED_EDGE('',*,*,#2239,.T.);
#1690=ORIENTED_EDGE('',*,*,#2164,.F.);
#1691=ORIENTED_EDGE('',*,*,#2240,.T.);
#1692=ORIENTED_EDGE('',*,*,#2162,.F.);
#1693=ORIENTED_EDGE('',*,*,#2159,.F.);
#1694=ORIENTED_EDGE('',*,*,#2238,.F.);
#1695=ORIENTED_EDGE('',*,*,#2176,.T.);
#1696=ORIENTED_EDGE('',*,*,#2241,.F.);
#1697=ORIENTED_EDGE('',*,*,#2234,.F.);
#1698=ORIENTED_EDGE('',*,*,#2242,.T.);
#1699=ORIENTED_EDGE('',*,*,#2178,.T.);
#1700=ORIENTED_EDGE('',*,*,#2237,.T.);
#1701=ORIENTED_EDGE('',*,*,#2157,.T.);
#1702=ORIENTED_EDGE('',*,*,#2156,.T.);
#1703=ORIENTED_EDGE('',*,*,#2166,.T.);
#1704=ORIENTED_EDGE('',*,*,#2233,.T.);
#1705=ORIENTED_EDGE('',*,*,#2183,.T.);
#1706=ORIENTED_EDGE('',*,*,#2190,.F.);
#1707=ORIENTED_EDGE('',*,*,#2196,.T.);
#1708=ORIENTED_EDGE('',*,*,#2243,.T.);
#1709=ORIENTED_EDGE('',*,*,#2244,.T.);
#1710=ORIENTED_EDGE('',*,*,#2245,.T.);
#1711=ORIENTED_EDGE('',*,*,#2246,.T.);
#1712=ORIENTED_EDGE('',*,*,#2247,.T.);
#1713=ORIENTED_EDGE('',*,*,#2236,.F.);
#1714=ORIENTED_EDGE('',*,*,#2248,.F.);
#1715=ORIENTED_EDGE('',*,*,#2204,.T.);
#1716=ORIENTED_EDGE('',*,*,#2206,.F.);
#1717=ORIENTED_EDGE('',*,*,#2198,.F.);
#1718=ORIENTED_EDGE('',*,*,#2249,.F.);
#1719=ORIENTED_EDGE('',*,*,#2174,.F.);
#1720=ORIENTED_EDGE('',*,*,#2173,.F.);
#1721=ORIENTED_EDGE('',*,*,#2209,.F.);
#1722=ORIENTED_EDGE('',*,*,#2250,.T.);
#1723=ORIENTED_EDGE('',*,*,#2248,.T.);
#1724=ORIENTED_EDGE('',*,*,#2235,.T.);
#1725=ORIENTED_EDGE('',*,*,#2241,.T.);
#1726=ORIENTED_EDGE('',*,*,#2175,.F.);
#1727=ORIENTED_EDGE('',*,*,#2249,.T.);
#1728=ORIENTED_EDGE('',*,*,#2197,.T.);
#1729=ORIENTED_EDGE('',*,*,#2239,.F.);
#1730=ORIENTED_EDGE('',*,*,#2223,.F.);
#1731=ORIENTED_EDGE('',*,*,#2250,.F.);
#1732=ORIENTED_EDGE('',*,*,#2232,.F.);
#1733=ORIENTED_EDGE('',*,*,#2168,.T.);
#1734=ORIENTED_EDGE('',*,*,#2251,.T.);
#1735=ORIENTED_EDGE('',*,*,#2251,.F.);
#1736=ORIENTED_EDGE('',*,*,#2169,.F.);
#1737=ORIENTED_EDGE('',*,*,#2229,.T.);
#1738=ORIENTED_EDGE('',*,*,#2247,.F.);
#1739=ORIENTED_EDGE('',*,*,#2228,.T.);
#1740=ORIENTED_EDGE('',*,*,#2246,.F.);
#1741=ORIENTED_EDGE('',*,*,#2227,.T.);
#1742=ORIENTED_EDGE('',*,*,#2245,.F.);
#1743=ORIENTED_EDGE('',*,*,#2226,.T.);
#1744=ORIENTED_EDGE('',*,*,#2244,.F.);
#1745=ORIENTED_EDGE('',*,*,#2225,.T.);
#1746=ORIENTED_EDGE('',*,*,#2243,.F.);
#1747=ORIENTED_EDGE('',*,*,#2170,.T.);
#1748=ORIENTED_EDGE('',*,*,#2242,.F.);
#1749=ORIENTED_EDGE('',*,*,#2189,.F.);
#1750=ORIENTED_EDGE('',*,*,#2179,.F.);
#1751=ORIENTED_EDGE('',*,*,#2153,.T.);
#1752=ORIENTED_EDGE('',*,*,#2161,.T.);
#1753=ORIENTED_EDGE('',*,*,#2240,.F.);
#1754=ORIENTED_EDGE('',*,*,#2163,.T.);
#1755=ORIENTED_EDGE('',*,*,#2252,.T.);
#1756=ORIENTED_EDGE('',*,*,#2252,.F.);
#1757=ORIENTED_EDGE('',*,*,#2167,.F.);
#1758=ORIENTED_EDGE('',*,*,#2154,.F.);
#1759=ORIENTED_EDGE('',*,*,#2253,.F.);
#1760=ORIENTED_EDGE('',*,*,#2254,.F.);
#1761=ORIENTED_EDGE('',*,*,#2255,.T.);
#1762=ORIENTED_EDGE('',*,*,#2256,.T.);
#1763=ORIENTED_EDGE('',*,*,#2257,.T.);
#1764=ORIENTED_EDGE('',*,*,#2258,.F.);
#1765=ORIENTED_EDGE('',*,*,#2259,.F.);
#1766=ORIENTED_EDGE('',*,*,#2254,.T.);
#1767=ORIENTED_EDGE('',*,*,#2260,.T.);
#1768=ORIENTED_EDGE('',*,*,#2261,.F.);
#1769=ORIENTED_EDGE('',*,*,#2262,.F.);
#1770=ORIENTED_EDGE('',*,*,#2258,.T.);
#1771=ORIENTED_EDGE('',*,*,#2263,.F.);
#1772=ORIENTED_EDGE('',*,*,#2256,.F.);
#1773=ORIENTED_EDGE('',*,*,#2264,.T.);
#1774=ORIENTED_EDGE('',*,*,#2261,.T.);
#1775=ORIENTED_EDGE('',*,*,#2255,.F.);
#1776=ORIENTED_EDGE('',*,*,#2259,.T.);
#1777=ORIENTED_EDGE('',*,*,#2262,.T.);
#1778=ORIENTED_EDGE('',*,*,#2264,.F.);
#1779=ORIENTED_EDGE('',*,*,#2253,.T.);
#1780=ORIENTED_EDGE('',*,*,#2263,.T.);
#1781=ORIENTED_EDGE('',*,*,#2260,.F.);
#1782=ORIENTED_EDGE('',*,*,#2257,.F.);
#1783=EDGE_CURVE('',#2265,#2265,#2618,.T.);
#1784=EDGE_CURVE('',#2266,#2266,#2619,.T.);
#1785=EDGE_CURVE('',#2267,#2268,#421,.T.);
#1786=EDGE_CURVE('',#2269,#2267,#422,.T.);
#1787=EDGE_CURVE('',#2270,#2269,#423,.T.);
#1788=EDGE_CURVE('',#2271,#2270,#424,.T.);
#1789=EDGE_CURVE('',#2272,#2271,#2620,.T.);
#1790=EDGE_CURVE('',#2273,#2272,#425,.F.);
#1791=EDGE_CURVE('',#2274,#2273,#426,.F.);
#1792=EDGE_CURVE('',#2275,#2274,#427,.T.);
#1793=EDGE_CURVE('',#2276,#2275,#2621,.F.);
#1794=EDGE_CURVE('',#2277,#2276,#428,.F.);
#1795=EDGE_CURVE('',#2278,#2277,#429,.T.);
#1796=EDGE_CURVE('',#2279,#2278,#430,.T.);
#1797=EDGE_CURVE('',#2280,#2279,#431,.T.);
#1798=EDGE_CURVE('',#2280,#2281,#271,.F.);
#1799=EDGE_CURVE('',#2281,#2282,#272,.T.);
#1800=EDGE_CURVE('',#2282,#2283,#432,.T.);
#1801=EDGE_CURVE('',#2283,#2284,#433,.T.);
#1802=EDGE_CURVE('',#2284,#2285,#434,.T.);
#1803=EDGE_CURVE('',#2285,#2286,#273,.F.);
#1804=EDGE_CURVE('',#2286,#2287,#274,.T.);
#1805=EDGE_CURVE('',#2287,#2288,#275,.T.);
#1806=EDGE_CURVE('',#2289,#2288,#435,.T.);
#1807=EDGE_CURVE('',#2290,#2289,#436,.T.);
#1808=EDGE_CURVE('',#2291,#2290,#437,.T.);
#1809=EDGE_CURVE('',#2291,#2292,#276,.F.);
#1810=EDGE_CURVE('',#2292,#2268,#277,.T.);
#1811=EDGE_CURVE('',#2293,#2267,#438,.T.);
#1812=EDGE_CURVE('',#2293,#2294,#439,.T.);
#1813=EDGE_CURVE('',#2294,#2279,#440,.T.);
#1814=EDGE_CURVE('',#2295,#2278,#441,.T.);
#1815=EDGE_CURVE('',#2296,#2295,#442,.T.);
#1816=EDGE_CURVE('',#2296,#2269,#443,.T.);
#1817=EDGE_CURVE('',#2297,#2298,#278,.T.);
#1818=EDGE_CURVE('',#2297,#2299,#444,.T.);
#1819=EDGE_CURVE('',#2300,#2299,#2622,.T.);
#1820=EDGE_CURVE('',#2301,#2300,#2623,.T.);
#1821=EDGE_CURVE('',#2302,#2301,#2624,.T.);
#1822=EDGE_CURVE('',#2273,#2302,#445,.T.);
#1823=EDGE_CURVE('',#2270,#2303,#446,.T.);
#1824=EDGE_CURVE('',#2303,#2298,#279,.T.);
#1825=EDGE_CURVE('',#2304,#2305,#280,.T.);
#1826=EDGE_CURVE('',#2305,#2306,#281,.T.);
#1827=EDGE_CURVE('',#2306,#2307,#282,.T.);
#1828=EDGE_CURVE('',#2307,#2308,#283,.T.);
#1829=EDGE_CURVE('',#2308,#2309,#284,.T.);
#1830=EDGE_CURVE('',#2304,#2309,#285,.T.);
#1831=EDGE_CURVE('',#2269,#2303,#286,.T.);
#1832=EDGE_CURVE('',#2310,#2297,#287,.T.);
#1833=EDGE_CURVE('',#2310,#2311,#447,.T.);
#1834=EDGE_CURVE('',#2299,#2311,#2625,.T.);
#1835=EDGE_CURVE('',#2312,#2302,#2626,.T.);
#1836=EDGE_CURVE('',#2274,#2312,#448,.T.);
#1837=EDGE_CURVE('',#2313,#2314,#288,.T.);
#1838=EDGE_CURVE('',#2315,#2313,#289,.T.);
#1839=EDGE_CURVE('',#2316,#2315,#290,.T.);
#1840=EDGE_CURVE('',#2317,#2316,#291,.T.);
#1841=EDGE_CURVE('',#2318,#2317,#292,.T.);
#1842=EDGE_CURVE('',#2314,#2318,#293,.T.);
#1843=EDGE_CURVE('',#2319,#2310,#294,.T.);
#1844=EDGE_CURVE('',#2320,#2319,#295,.T.);
#1845=EDGE_CURVE('',#2277,#2320,#449,.T.);
#1846=EDGE_CURVE('',#2321,#2312,#2627,.T.);
#1847=EDGE_CURVE('',#2322,#2321,#2628,.T.);
#1848=EDGE_CURVE('',#2311,#2322,#2629,.T.);
#1849=EDGE_CURVE('',#2278,#2320,#450,.T.);
#1850=EDGE_CURVE('',#2323,#2323,#2630,.F.);
#1851=EDGE_CURVE('',#2298,#2296,#451,.T.);
#1852=EDGE_CURVE('',#2319,#2295,#452,.T.);
#1853=EDGE_CURVE('',#2324,#2324,#2631,.F.);
#1854=EDGE_CURVE('',#2325,#2325,#2632,.F.);
#1855=EDGE_CURVE('',#2326,#2318,#453,.T.);
#1856=EDGE_CURVE('',#2327,#2326,#454,.T.);
#1857=EDGE_CURVE('',#2328,#2327,#455,.T.);
#1858=EDGE_CURVE('',#2329,#2328,#456,.T.);
#1859=EDGE_CURVE('',#2314,#2329,#457,.T.);
#1860=EDGE_CURVE('',#2313,#2329,#458,.T.);
#1861=EDGE_CURVE('',#2315,#2328,#459,.T.);
#1862=EDGE_CURVE('',#2316,#2327,#460,.T.);
#1863=EDGE_CURVE('',#2317,#2326,#461,.T.);
#1864=EDGE_CURVE('',#2309,#2330,#462,.T.);
#1865=EDGE_CURVE('',#2330,#2331,#463,.T.);
#1866=EDGE_CURVE('',#2331,#2332,#464,.T.);
#1867=EDGE_CURVE('',#2332,#2333,#465,.T.);
#1868=EDGE_CURVE('',#2333,#2304,#466,.T.);
#1869=EDGE_CURVE('',#2305,#2333,#467,.T.);
#1870=EDGE_CURVE('',#2306,#2332,#468,.T.);
#1871=EDGE_CURVE('',#2307,#2331,#469,.T.);
#1872=EDGE_CURVE('',#2308,#2330,#470,.T.);
#1873=EDGE_CURVE('',#2334,#2335,#296,.T.);
#1874=EDGE_CURVE('',#2336,#2335,#297,.T.);
#1875=EDGE_CURVE('',#2292,#2336,#298,.T.);
#1876=EDGE_CURVE('',#2337,#2291,#299,.T.);
#1877=EDGE_CURVE('',#2338,#2337,#300,.T.);
#1878=EDGE_CURVE('',#2288,#2338,#301,.T.);
#1879=EDGE_CURVE('',#2287,#2339,#302,.T.);
#1880=EDGE_CURVE('',#2339,#2340,#303,.T.);
#1881=EDGE_CURVE('',#2340,#2341,#304,.T.);
#1882=EDGE_CURVE('',#2341,#2342,#305,.F.);
#1883=EDGE_CURVE('',#2334,#2342,#306,.T.);
#1884=EDGE_CURVE('',#2268,#2336,#307,.T.);
#1885=EDGE_CURVE('',#2343,#2334,#308,.T.);
#1886=EDGE_CURVE('',#2342,#2344,#309,.T.);
#1887=EDGE_CURVE('',#2343,#2344,#310,.T.);
#1888=EDGE_CURVE('',#2286,#2345,#311,.T.);
#1889=EDGE_CURVE('',#2345,#2339,#312,.T.);
#1890=EDGE_CURVE('',#2281,#2346,#313,.T.);
#1891=EDGE_CURVE('',#2346,#2347,#314,.T.);
#1892=EDGE_CURVE('',#2347,#2343,#315,.T.);
#1893=EDGE_CURVE('',#2344,#2348,#316,.T.);
#1894=EDGE_CURVE('',#2348,#2349,#317,.T.);
#1895=EDGE_CURVE('',#2349,#2345,#318,.F.);
#1896=EDGE_CURVE('',#2285,#2350,#319,.T.);
#1897=EDGE_CURVE('',#2350,#2351,#320,.T.);
#1898=EDGE_CURVE('',#2351,#2282,#321,.T.);
#1899=EDGE_CURVE('',#2280,#2346,#322,.T.);
#1900=EDGE_CURVE('',#2352,#2352,#2633,.F.);
#1901=EDGE_CURVE('',#2335,#2293,#471,.T.);
#1902=EDGE_CURVE('',#2347,#2294,#472,.T.);
#1903=EDGE_CURVE('',#2351,#2283,#473,.T.);
#1904=EDGE_CURVE('',#2350,#2284,#474,.T.);
#1905=EDGE_CURVE('',#2338,#2289,#475,.T.);
#1906=EDGE_CURVE('',#2337,#2290,#476,.T.);
#1907=EDGE_CURVE('',#2353,#2354,#477,.T.);
#1908=EDGE_CURVE('',#2355,#2353,#478,.T.);
#1909=EDGE_CURVE('',#2356,#2355,#479,.T.);
#1910=EDGE_CURVE('',#2357,#2356,#480,.T.);
#1911=EDGE_CURVE('',#2358,#2357,#481,.T.);
#1912=EDGE_CURVE('',#2354,#2358,#482,.T.);
#1913=EDGE_CURVE('',#2359,#2359,#2634,.T.);
#1914=EDGE_CURVE('',#2360,#2354,#483,.T.);
#1915=EDGE_CURVE('',#2361,#2360,#484,.T.);
#1916=EDGE_CURVE('',#2361,#2353,#485,.T.);
#1917=EDGE_CURVE('',#2362,#2358,#486,.T.);
#1918=EDGE_CURVE('',#2360,#2362,#487,.T.);
#1919=EDGE_CURVE('',#2363,#2357,#488,.T.);
#1920=EDGE_CURVE('',#2362,#2363,#489,.T.);
#1921=EDGE_CURVE('',#2364,#2356,#490,.T.);
#1922=EDGE_CURVE('',#2363,#2364,#491,.T.);
#1923=EDGE_CURVE('',#2365,#2355,#492,.T.);
#1924=EDGE_CURVE('',#2364,#2365,#493,.T.);
#1925=EDGE_CURVE('',#2365,#2361,#494,.T.);
#1926=EDGE_CURVE('',#2366,#2366,#2635,.F.);
#1927=EDGE_CURVE('',#2367,#2367,#2636,.T.);
#1928=EDGE_CURVE('',#2368,#2368,#2637,.T.);
#1929=EDGE_CURVE('',#2369,#2369,#2638,.F.);
#1930=EDGE_CURVE('',#2370,#2370,#2639,.T.);
#1931=EDGE_CURVE('',#2371,#2371,#2640,.F.);
#1932=EDGE_CURVE('',#2372,#2372,#2641,.T.);
#1933=EDGE_CURVE('',#2373,#2374,#495,.T.);
#1934=EDGE_CURVE('',#2373,#2375,#323,.T.);
#1935=EDGE_CURVE('',#2375,#2376,#324,.T.);
#1936=EDGE_CURVE('',#2376,#2377,#496,.T.);
#1937=EDGE_CURVE('',#2377,#2378,#325,.T.);
#1938=EDGE_CURVE('',#2378,#2374,#326,.T.);
#1939=EDGE_CURVE('',#2379,#2380,#497,.T.);
#1940=EDGE_CURVE('',#2379,#2381,#327,.T.);
#1941=EDGE_CURVE('',#2381,#2373,#328,.T.);
#1942=EDGE_CURVE('',#2374,#2382,#329,.T.);
#1943=EDGE_CURVE('',#2382,#2380,#330,.T.);
#1944=EDGE_CURVE('',#2383,#2384,#498,.T.);
#1945=EDGE_CURVE('',#2383,#2385,#331,.T.);
#1946=EDGE_CURVE('',#2385,#2379,#332,.T.);
#1947=EDGE_CURVE('',#2380,#2386,#333,.T.);
#1948=EDGE_CURVE('',#2386,#2384,#334,.T.);
#1949=EDGE_CURVE('',#2387,#2388,#499,.T.);
#1950=EDGE_CURVE('',#2387,#2389,#335,.T.);
#1951=EDGE_CURVE('',#2389,#2383,#336,.T.);
#1952=EDGE_CURVE('',#2384,#2390,#337,.T.);
#1953=EDGE_CURVE('',#2390,#2388,#338,.T.);
#1954=EDGE_CURVE('',#2391,#2392,#500,.T.);
#1955=EDGE_CURVE('',#2391,#2393,#339,.T.);
#1956=EDGE_CURVE('',#2393,#2387,#340,.T.);
#1957=EDGE_CURVE('',#2388,#2394,#341,.T.);
#1958=EDGE_CURVE('',#2394,#2392,#342,.T.);
#1959=EDGE_CURVE('',#2376,#2395,#343,.T.);
#1960=EDGE_CURVE('',#2395,#2391,#344,.T.);
#1961=EDGE_CURVE('',#2392,#2396,#345,.T.);
#1962=EDGE_CURVE('',#2396,#2377,#346,.T.);
#1963=EDGE_CURVE('',#2395,#2393,#2642,.T.);
#1964=EDGE_CURVE('',#2375,#2395,#2643,.T.);
#1965=EDGE_CURVE('',#2393,#2389,#2644,.T.);
#1966=EDGE_CURVE('',#2385,#2381,#2645,.T.);
#1967=EDGE_CURVE('',#2389,#2385,#2646,.T.);
#1968=EDGE_CURVE('',#2390,#2386,#2647,.T.);
#1969=EDGE_CURVE('',#2386,#2382,#2648,.T.);
#1970=EDGE_CURVE('',#2382,#2378,#2649,.T.);
#1971=EDGE_CURVE('',#2378,#2396,#2650,.T.);
#1972=EDGE_CURVE('',#2396,#2394,#2651,.T.);
#1973=EDGE_CURVE('',#2397,#2397,#2652,.T.);
#1974=EDGE_CURVE('',#2394,#2390,#2653,.T.);
#1975=EDGE_CURVE('',#2381,#2375,#2654,.T.);
#1976=EDGE_CURVE('',#2398,#2398,#2655,.F.);
#1977=EDGE_CURVE('',#2399,#2399,#2656,.T.);
#1978=EDGE_CURVE('',#2400,#2400,#2657,.T.);
#1979=EDGE_CURVE('',#2401,#2401,#2658,.T.);
#1980=EDGE_CURVE('',#2402,#2402,#2659,.T.);
#1981=EDGE_CURVE('',#2403,#2403,#2660,.T.);
#1982=EDGE_CURVE('',#2404,#2404,#2661,.T.);
#1983=EDGE_CURVE('',#2405,#2405,#2662,.T.);
#1984=EDGE_CURVE('',#2406,#2406,#2663,.F.);
#1985=EDGE_CURVE('',#2407,#2407,#2664,.T.);
#1986=EDGE_CURVE('',#2408,#2408,#2665,.T.);
#1987=EDGE_CURVE('',#2409,#2409,#2666,.T.);
#1988=EDGE_CURVE('',#2410,#2410,#2667,.T.);
#1989=EDGE_CURVE('',#2411,#2411,#2668,.T.);
#1990=EDGE_CURVE('',#2412,#2413,#501,.T.);
#1991=EDGE_CURVE('',#2414,#2412,#502,.T.);
#1992=EDGE_CURVE('',#2415,#2414,#503,.T.);
#1993=EDGE_CURVE('',#2416,#2415,#504,.T.);
#1994=EDGE_CURVE('',#2417,#2416,#505,.T.);
#1995=EDGE_CURVE('',#2413,#2417,#506,.T.);
#1996=EDGE_CURVE('',#2418,#2418,#2669,.T.);
#1997=EDGE_CURVE('',#2419,#2413,#507,.T.);
#1998=EDGE_CURVE('',#2420,#2419,#508,.T.);
#1999=EDGE_CURVE('',#2420,#2412,#509,.T.);
#2000=EDGE_CURVE('',#2421,#2417,#510,.T.);
#2001=EDGE_CURVE('',#2419,#2421,#511,.T.);
#2002=EDGE_CURVE('',#2422,#2416,#512,.T.);
#2003=EDGE_CURVE('',#2421,#2422,#513,.T.);
#2004=EDGE_CURVE('',#2423,#2415,#514,.T.);
#2005=EDGE_CURVE('',#2422,#2423,#515,.T.);
#2006=EDGE_CURVE('',#2424,#2414,#516,.T.);
#2007=EDGE_CURVE('',#2423,#2424,#517,.T.);
#2008=EDGE_CURVE('',#2424,#2420,#518,.T.);
#2009=EDGE_CURVE('',#2425,#2425,#2670,.F.);
#2010=EDGE_CURVE('',#2426,#2426,#2671,.T.);
#2011=EDGE_CURVE('',#2427,#2427,#2672,.T.);
#2012=EDGE_CURVE('',#2428,#2428,#2673,.F.);
#2013=EDGE_CURVE('',#2429,#2429,#2674,.T.);
#2014=EDGE_CURVE('',#2430,#2431,#519,.T.);
#2015=EDGE_CURVE('',#2432,#2430,#520,.T.);
#2016=EDGE_CURVE('',#2433,#2432,#521,.T.);
#2017=EDGE_CURVE('',#2434,#2433,#522,.T.);
#2018=EDGE_CURVE('',#2435,#2434,#523,.T.);
#2019=EDGE_CURVE('',#2431,#2435,#524,.T.);
#2020=EDGE_CURVE('',#2436,#2436,#2675,.T.);
#2021=EDGE_CURVE('',#2437,#2431,#525,.T.);
#2022=EDGE_CURVE('',#2438,#2437,#526,.T.);
#2023=EDGE_CURVE('',#2438,#2430,#527,.T.);
#2024=EDGE_CURVE('',#2439,#2435,#528,.T.);
#2025=EDGE_CURVE('',#2437,#2439,#529,.T.);
#2026=EDGE_CURVE('',#2440,#2434,#530,.T.);
#2027=EDGE_CURVE('',#2439,#2440,#531,.T.);
#2028=EDGE_CURVE('',#2441,#2433,#532,.T.);
#2029=EDGE_CURVE('',#2440,#2441,#533,.T.);
#2030=EDGE_CURVE('',#2442,#2432,#534,.T.);
#2031=EDGE_CURVE('',#2441,#2442,#535,.T.);
#2032=EDGE_CURVE('',#2442,#2438,#536,.T.);
#2033=EDGE_CURVE('',#2443,#2443,#2676,.F.);
#2034=EDGE_CURVE('',#2444,#2444,#2677,.T.);
#2035=EDGE_CURVE('',#2445,#2445,#2678,.T.);
#2036=EDGE_CURVE('',#2446,#2446,#2679,.F.);
#2037=EDGE_CURVE('',#2447,#2447,#2680,.T.);
#2038=EDGE_CURVE('',#2448,#2449,#537,.T.);
#2039=EDGE_CURVE('',#2450,#2448,#538,.T.);
#2040=EDGE_CURVE('',#2450,#2451,#539,.T.);
#2041=EDGE_CURVE('',#2451,#2449,#540,.T.);
#2042=EDGE_CURVE('',#2448,#2452,#2681,.T.);
#2043=EDGE_CURVE('',#2453,#2452,#541,.T.);
#2044=EDGE_CURVE('',#2450,#2453,#2682,.T.);
#2045=EDGE_CURVE('',#2454,#2452,#542,.T.);
#2046=EDGE_CURVE('',#2455,#2454,#543,.T.);
#2047=EDGE_CURVE('',#2455,#2453,#544,.T.);
#2048=EDGE_CURVE('',#2454,#2456,#2683,.T.);
#2049=EDGE_CURVE('',#2457,#2456,#545,.T.);
#2050=EDGE_CURVE('',#2455,#2457,#2684,.T.);
#2051=EDGE_CURVE('',#2456,#2458,#546,.T.);
#2052=EDGE_CURVE('',#2459,#2458,#547,.T.);
#2053=EDGE_CURVE('',#2457,#2459,#548,.T.);
#2054=EDGE_CURVE('',#2460,#2458,#549,.T.);
#2055=EDGE_CURVE('',#2461,#2460,#550,.T.);
#2056=EDGE_CURVE('',#2461,#2459,#551,.T.);
#2057=EDGE_CURVE('',#2460,#2462,#552,.T.);
#2058=EDGE_CURVE('',#2463,#2462,#553,.T.);
#2059=EDGE_CURVE('',#2461,#2463,#554,.T.);
#2060=EDGE_CURVE('',#2462,#2464,#2685,.T.);
#2061=EDGE_CURVE('',#2465,#2464,#555,.T.);
#2062=EDGE_CURVE('',#2463,#2465,#2686,.T.);
#2063=EDGE_CURVE('',#2466,#2464,#556,.T.);
#2064=EDGE_CURVE('',#2467,#2466,#557,.T.);
#2065=EDGE_CURVE('',#2467,#2465,#558,.T.);
#2066=EDGE_CURVE('',#2468,#2468,#2687,.T.);
#2067=EDGE_CURVE('',#2469,#2469,#2688,.T.);
#2068=EDGE_CURVE('',#2470,#2470,#2689,.T.);
#2069=EDGE_CURVE('',#2471,#2471,#2690,.T.);
#2070=EDGE_CURVE('',#2472,#2472,#2691,.T.);
#2071=EDGE_CURVE('',#2473,#2473,#2692,.T.);
#2072=EDGE_CURVE('',#2474,#2474,#2693,.T.);
#2073=EDGE_CURVE('',#2475,#2475,#2694,.T.);
#2074=EDGE_CURVE('',#2476,#2476,#2695,.T.);
#2075=EDGE_CURVE('',#2477,#2477,#2696,.T.);
#2076=EDGE_CURVE('',#2478,#2478,#2697,.T.);
#2077=EDGE_CURVE('',#2479,#2479,#2698,.T.);
#2078=EDGE_CURVE('',#2480,#2480,#2699,.T.);
#2079=EDGE_CURVE('',#2481,#2481,#2700,.T.);
#2080=EDGE_CURVE('',#2482,#2482,#2701,.T.);
#2081=EDGE_CURVE('',#2483,#2483,#2702,.T.);
#2082=EDGE_CURVE('',#2484,#2484,#2703,.T.);
#2083=EDGE_CURVE('',#2485,#2485,#2704,.T.);
#2084=EDGE_CURVE('',#2486,#2486,#2705,.T.);
#2085=EDGE_CURVE('',#2487,#2487,#2706,.T.);
#2086=EDGE_CURVE('',#2449,#2466,#2707,.T.);
#2087=EDGE_CURVE('',#2451,#2467,#2708,.T.);
#2088=EDGE_CURVE('',#2488,#2489,#347,.T.);
#2089=EDGE_CURVE('',#2488,#2489,#348,.T.);
#2090=EDGE_CURVE('',#2490,#2491,#349,.T.);
#2091=EDGE_CURVE('',#2492,#2490,#350,.T.);
#2092=EDGE_CURVE('',#2493,#2492,#351,.T.);
#2093=EDGE_CURVE('',#2493,#2494,#352,.T.);
#2094=EDGE_CURVE('',#2494,#2491,#353,.T.);
#2095=EDGE_CURVE('',#2490,#2495,#354,.T.);
#2096=EDGE_CURVE('',#2495,#2496,#355,.T.);
#2097=EDGE_CURVE('',#2496,#2497,#559,.T.);
#2098=EDGE_CURVE('',#2498,#2497,#560,.T.);
#2099=EDGE_CURVE('',#2499,#2498,#2709,.F.);
#2100=EDGE_CURVE('',#2500,#2499,#561,.T.);
#2101=EDGE_CURVE('',#2500,#2501,#562,.F.);
#2102=EDGE_CURVE('',#2501,#2502,#563,.T.);
#2103=EDGE_CURVE('',#2503,#2502,#356,.T.);
#2104=EDGE_CURVE('',#2492,#2503,#357,.T.);
#2105=EDGE_CURVE('',#2504,#2505,#564,.F.);
#2106=EDGE_CURVE('',#2506,#2504,#565,.T.);
#2107=EDGE_CURVE('',#2506,#2507,#566,.F.);
#2108=EDGE_CURVE('',#2507,#2505,#567,.T.);
#2109=EDGE_CURVE('',#2502,#2508,#358,.T.);
#2110=EDGE_CURVE('',#2501,#2506,#568,.F.);
#2111=EDGE_CURVE('',#2497,#2504,#569,.T.);
#2112=EDGE_CURVE('',#2496,#2508,#359,.T.);
#2113=EDGE_CURVE('',#2509,#2499,#570,.F.);
#2114=EDGE_CURVE('',#2510,#2509,#571,.T.);
#2115=EDGE_CURVE('',#2510,#2500,#572,.T.);
#2116=EDGE_CURVE('',#2511,#2509,#573,.F.);
#2117=EDGE_CURVE('',#2512,#2511,#574,.T.);
#2118=EDGE_CURVE('',#2512,#2510,#575,.T.);
#2119=EDGE_CURVE('',#2507,#2512,#576,.T.);
#2120=EDGE_CURVE('',#2513,#2511,#577,.T.);
#2121=EDGE_CURVE('',#2505,#2513,#2710,.F.);
#2122=EDGE_CURVE('',#2514,#2514,#2711,.T.);
#2123=EDGE_CURVE('',#2515,#2515,#2712,.T.);
#2124=EDGE_CURVE('',#2516,#2516,#2713,.T.);
#2125=EDGE_CURVE('',#2517,#2517,#2714,.T.);
#2126=EDGE_CURVE('',#2518,#2518,#2715,.T.);
#2127=EDGE_CURVE('',#2519,#2519,#2716,.T.);
#2128=EDGE_CURVE('',#2520,#2520,#2717,.T.);
#2129=EDGE_CURVE('',#2521,#2521,#2718,.T.);
#2130=EDGE_CURVE('',#2522,#2523,#360,.T.);
#2131=EDGE_CURVE('',#2522,#2524,#361,.F.);
#2132=EDGE_CURVE('',#2524,#2525,#362,.T.);
#2133=EDGE_CURVE('',#2523,#2525,#363,.T.);
#2134=EDGE_CURVE('',#2508,#2526,#364,.T.);
#2135=EDGE_CURVE('',#2527,#2526,#365,.T.);
#2136=EDGE_CURVE('',#2503,#2527,#366,.T.);
#2137=EDGE_CURVE('',#2525,#2494,#367,.T.);
#2138=EDGE_CURVE('',#2523,#2493,#368,.T.);
#2139=EDGE_CURVE('',#2527,#2522,#369,.T.);
#2140=EDGE_CURVE('',#2526,#2528,#370,.T.);
#2141=EDGE_CURVE('',#2528,#2529,#371,.T.);
#2142=EDGE_CURVE('',#2529,#2524,#372,.F.);
#2143=EDGE_CURVE('',#2530,#2530,#2719,.F.);
#2144=EDGE_CURVE('',#2495,#2491,#2720,.T.);
#2145=EDGE_CURVE('',#2531,#2531,#2721,.F.);
#2146=EDGE_CURVE('',#2532,#2532,#2722,.F.);
#2147=EDGE_CURVE('',#2533,#2533,#2723,.F.);
#2148=EDGE_CURVE('',#2534,#2534,#2724,.F.);
#2149=EDGE_CURVE('',#2535,#2535,#2725,.F.);
#2150=EDGE_CURVE('',#2536,#2536,#2726,.T.);
#2151=EDGE_CURVE('',#2537,#2537,#2727,.T.);
#2152=EDGE_CURVE('',#2489,#2488,#2728,.T.);
#2153=EDGE_CURVE('',#2538,#2539,#373,.T.);
#2154=EDGE_CURVE('',#2538,#2540,#374,.T.);
#2155=EDGE_CURVE('',#2541,#2540,#375,.T.);
#2156=EDGE_CURVE('',#2542,#2541,#376,.F.);
#2157=EDGE_CURVE('',#2543,#2542,#377,.T.);
#2158=EDGE_CURVE('',#2543,#2544,#378,.T.);
#2159=EDGE_CURVE('',#2544,#2545,#379,.T.);
#2160=EDGE_CURVE('',#2539,#2545,#380,.T.);
#2161=EDGE_CURVE('',#2539,#2546,#381,.T.);
#2162=EDGE_CURVE('',#2545,#2546,#382,.F.);
#2163=EDGE_CURVE('',#2547,#2548,#383,.T.);
#2164=EDGE_CURVE('',#2547,#2549,#384,.F.);
#2165=EDGE_CURVE('',#2550,#2549,#385,.F.);
#2166=EDGE_CURVE('',#2541,#2550,#386,.T.);
#2167=EDGE_CURVE('',#2540,#2548,#387,.T.);
#2168=EDGE_CURVE('',#2551,#2552,#388,.T.);
#2169=EDGE_CURVE('',#2551,#2552,#389,.T.);
#2170=EDGE_CURVE('',#2553,#2554,#390,.T.);
#2171=EDGE_CURVE('',#2553,#2555,#391,.T.);
#2172=EDGE_CURVE('',#2556,#2555,#392,.T.);
#2173=EDGE_CURVE('',#2556,#2557,#393,.T.);
#2174=EDGE_CURVE('',#2557,#2558,#394,.T.);
#2175=EDGE_CURVE('',#2558,#2559,#395,.T.);
#2176=EDGE_CURVE('',#2560,#2559,#396,.T.);
#2177=EDGE_CURVE('',#2561,#2560,#397,.F.);
#2178=EDGE_CURVE('',#2554,#2561,#398,.T.);
#2179=EDGE_CURVE('',#2553,#2562,#399,.T.);
#2180=EDGE_CURVE('',#2562,#2563,#578,.T.);
#2181=EDGE_CURVE('',#2563,#2555,#400,.T.);
#2182=EDGE_CURVE('',#2564,#2565,#579,.T.);
#2183=EDGE_CURVE('',#2566,#2565,#401,.T.);
#2184=EDGE_CURVE('',#2566,#2567,#402,.T.);
#2185=EDGE_CURVE('',#2567,#2568,#403,.T.);
#2186=EDGE_CURVE('',#2569,#2568,#580,.T.);
#2187=EDGE_CURVE('',#2569,#2570,#581,.F.);
#2188=EDGE_CURVE('',#2570,#2564,#2729,.F.);
#2189=EDGE_CURVE('',#2562,#2571,#404,.T.);
#2190=EDGE_CURVE('',#2571,#2565,#405,.F.);
#2191=EDGE_CURVE('',#2564,#2572,#582,.T.);
#2192=EDGE_CURVE('',#2572,#2573,#583,.T.);
#2193=EDGE_CURVE('',#2574,#2573,#584,.F.);
#2194=EDGE_CURVE('',#2574,#2563,#406,.T.);
#2195=EDGE_CURVE('',#2575,#2575,#2730,.T.);
#2196=EDGE_CURVE('',#2576,#2576,#2731,.T.);
#2197=EDGE_CURVE('',#2577,#2578,#585,.F.);
#2198=EDGE_CURVE('',#2577,#2579,#586,.T.);
#2199=EDGE_CURVE('',#2579,#2580,#407,.T.);
#2200=EDGE_CURVE('',#2581,#2580,#587,.T.);
#2201=EDGE_CURVE('',#2581,#2582,#588,.F.);
#2202=EDGE_CURVE('',#2582,#2583,#589,.T.);
#2203=EDGE_CURVE('',#2583,#2584,#408,.T.);
#2204=EDGE_CURVE('',#2578,#2584,#590,.F.);
#2205=EDGE_CURVE('',#2567,#2585,#409,.T.);
#2206=EDGE_CURVE('',#2585,#2584,#410,.T.);
#2207=EDGE_CURVE('',#2586,#2583,#411,.T.);
#2208=EDGE_CURVE('',#2568,#2586,#412,.T.);
#2209=EDGE_CURVE('',#2579,#2556,#413,.T.);
#2210=EDGE_CURVE('',#2580,#2574,#414,.T.);
#2211=EDGE_CURVE('',#2587,#2586,#591,.T.);
#2212=EDGE_CURVE('',#2588,#2587,#592,.T.);
#2213=EDGE_CURVE('',#2588,#2569,#593,.F.);
#2214=EDGE_CURVE('',#2589,#2587,#594,.T.);
#2215=EDGE_CURVE('',#2590,#2589,#595,.T.);
#2216=EDGE_CURVE('',#2590,#2588,#596,.T.);
#2217=EDGE_CURVE('',#2591,#2592,#597,.F.);
#2218=EDGE_CURVE('',#2592,#2590,#2732,.F.);
#2219=EDGE_CURVE('',#2593,#2589,#598,.F.);
#2220=EDGE_CURVE('',#2591,#2593,#599,.T.);
#2221=EDGE_CURVE('',#2573,#2593,#600,.F.);
#2222=EDGE_CURVE('',#2572,#2591,#601,.T.);
#2223=EDGE_CURVE('',#2594,#2594,#2733,.T.);
#2224=EDGE_CURVE('',#2587,#2573,#602,.T.);
#2225=EDGE_CURVE('',#2595,#2595,#2734,.T.);
#2226=EDGE_CURVE('',#2596,#2596,#2735,.T.);
#2227=EDGE_CURVE('',#2597,#2597,#2736,.T.);
#2228=EDGE_CURVE('',#2598,#2598,#2737,.T.);
#2229=EDGE_CURVE('',#2599,#2599,#2738,.T.);
#2230=EDGE_CURVE('',#2582,#2587,#603,.F.);
#2231=EDGE_CURVE('',#2573,#2581,#604,.T.);
#2232=EDGE_CURVE('',#2600,#2600,#2739,.T.);
#2233=EDGE_CURVE('',#2550,#2566,#415,.T.);
#2234=EDGE_CURVE('',#2549,#2601,#416,.F.);
#2235=EDGE_CURVE('',#2602,#2601,#417,.T.);
#2236=EDGE_CURVE('',#2602,#2585,#418,.F.);
#2237=EDGE_CURVE('',#2561,#2543,#419,.T.);
#2238=EDGE_CURVE('',#2560,#2544,#420,.F.);
#2239=EDGE_CURVE('',#2603,#2603,#2740,.F.);
#2240=EDGE_CURVE('',#2547,#2546,#2741,.T.);
#2241=EDGE_CURVE('',#2601,#2559,#605,.T.);
#2242=EDGE_CURVE('',#2571,#2554,#2742,.T.);
#2243=EDGE_CURVE('',#2604,#2604,#2743,.T.);
#2244=EDGE_CURVE('',#2605,#2605,#2744,.T.);
#2245=EDGE_CURVE('',#2606,#2606,#2745,.T.);
#2246=EDGE_CURVE('',#2607,#2607,#2746,.T.);
#2247=EDGE_CURVE('',#2608,#2608,#2747,.T.);
#2248=EDGE_CURVE('',#2578,#2602,#606,.T.);
#2249=EDGE_CURVE('',#2558,#2577,#607,.F.);
#2250=EDGE_CURVE('',#2609,#2609,#2748,.F.);
#2251=EDGE_CURVE('',#2552,#2551,#2749,.T.);
#2252=EDGE_CURVE('',#2548,#2538,#2750,.T.);
#2253=EDGE_CURVE('',#2610,#2611,#608,.T.);
#2254=EDGE_CURVE('',#2612,#2610,#609,.T.);
#2255=EDGE_CURVE('',#2612,#2613,#610,.T.);
#2256=EDGE_CURVE('',#2613,#2611,#611,.T.);
#2257=EDGE_CURVE('',#2610,#2614,#612,.T.);
#2258=EDGE_CURVE('',#2615,#2614,#613,.T.);
#2259=EDGE_CURVE('',#2612,#2615,#614,.T.);
#2260=EDGE_CURVE('',#2614,#2616,#615,.T.);
#2261=EDGE_CURVE('',#2617,#2616,#616,.T.);
#2262=EDGE_CURVE('',#2615,#2617,#617,.T.);
#2263=EDGE_CURVE('',#2611,#2616,#618,.T.);
#2264=EDGE_CURVE('',#2613,#2617,#619,.T.);
#2265=VERTEX_POINT('',#5103);
#2266=VERTEX_POINT('',#5105);
#2267=VERTEX_POINT('',#5107);
#2268=VERTEX_POINT('',#5108);
#2269=VERTEX_POINT('',#5110);
#2270=VERTEX_POINT('',#5112);
#2271=VERTEX_POINT('',#5114);
#2272=VERTEX_POINT('',#5116);
#2273=VERTEX_POINT('',#5118);
#2274=VERTEX_POINT('',#5120);
#2275=VERTEX_POINT('',#5122);
#2276=VERTEX_POINT('',#5124);
#2277=VERTEX_POINT('',#5126);
#2278=VERTEX_POINT('',#5128);
#2279=VERTEX_POINT('',#5130);
#2280=VERTEX_POINT('',#5132);
#2281=VERTEX_POINT('',#5137);
#2282=VERTEX_POINT('',#5142);
#2283=VERTEX_POINT('',#5144);
#2284=VERTEX_POINT('',#5146);
#2285=VERTEX_POINT('',#5148);
#2286=VERTEX_POINT('',#5153);
#2287=VERTEX_POINT('',#5158);
#2288=VERTEX_POINT('',#5163);
#2289=VERTEX_POINT('',#5165);
#2290=VERTEX_POINT('',#5167);
#2291=VERTEX_POINT('',#5169);
#2292=VERTEX_POINT('',#5174);
#2293=VERTEX_POINT('',#5181);
#2294=VERTEX_POINT('',#5183);
#2295=VERTEX_POINT('',#5186);
#2296=VERTEX_POINT('',#5188);
#2297=VERTEX_POINT('',#5416);
#2298=VERTEX_POINT('',#5417);
#2299=VERTEX_POINT('',#5419);
#2300=VERTEX_POINT('',#5421);
#2301=VERTEX_POINT('',#5423);
#2302=VERTEX_POINT('',#5425);
#2303=VERTEX_POINT('',#5428);
#2304=VERTEX_POINT('',#5437);
#2305=VERTEX_POINT('',#5438);
#2306=VERTEX_POINT('',#5446);
#2307=VERTEX_POINT('',#5454);
#2308=VERTEX_POINT('',#5459);
#2309=VERTEX_POINT('',#5464);
#2310=VERTEX_POINT('',#5544);
#2311=VERTEX_POINT('',#5546);
#2312=VERTEX_POINT('',#5585);
#2313=VERTEX_POINT('',#5813);
#2314=VERTEX_POINT('',#5814);
#2315=VERTEX_POINT('',#5820);
#2316=VERTEX_POINT('',#5826);
#2317=VERTEX_POINT('',#5831);
#2318=VERTEX_POINT('',#5836);
#2319=VERTEX_POINT('',#5849);
#2320=VERTEX_POINT('',#5854);
#2321=VERTEX_POINT('',#5857);
#2322=VERTEX_POINT('',#5859);
#2323=VERTEX_POINT('',#5865);
#2324=VERTEX_POINT('',#5873);
#2325=VERTEX_POINT('',#5876);
#2326=VERTEX_POINT('',#5879);
#2327=VERTEX_POINT('',#5881);
#2328=VERTEX_POINT('',#5883);
#2329=VERTEX_POINT('',#5885);
#2330=VERTEX_POINT('',#5898);
#2331=VERTEX_POINT('',#5900);
#2332=VERTEX_POINT('',#5902);
#2333=VERTEX_POINT('',#5904);
#2334=VERTEX_POINT('',#6109);
#2335=VERTEX_POINT('',#6110);
#2336=VERTEX_POINT('',#6115);
#2337=VERTEX_POINT('',#6124);
#2338=VERTEX_POINT('',#6133);
#2339=VERTEX_POINT('',#6146);
#2340=VERTEX_POINT('',#6151);
#2341=VERTEX_POINT('',#6157);
#2342=VERTEX_POINT('',#6163);
#2343=VERTEX_POINT('',#6218);
#2344=VERTEX_POINT('',#6224);
#2345=VERTEX_POINT('',#6264);
#2346=VERTEX_POINT('',#6459);
#2347=VERTEX_POINT('',#6464);
#2348=VERTEX_POINT('',#6473);
#2349=VERTEX_POINT('',#6478);
#2350=VERTEX_POINT('',#6489);
#2351=VERTEX_POINT('',#6499);
#2352=VERTEX_POINT('',#6526);
#2353=VERTEX_POINT('',#6546);
#2354=VERTEX_POINT('',#6547);
#2355=VERTEX_POINT('',#6549);
#2356=VERTEX_POINT('',#6551);
#2357=VERTEX_POINT('',#6553);
#2358=VERTEX_POINT('',#6555);
#2359=VERTEX_POINT('',#6558);
#2360=VERTEX_POINT('',#6561);
#2361=VERTEX_POINT('',#6563);
#2362=VERTEX_POINT('',#6567);
#2363=VERTEX_POINT('',#6571);
#2364=VERTEX_POINT('',#6575);
#2365=VERTEX_POINT('',#6579);
#2366=VERTEX_POINT('',#6586);
#2367=VERTEX_POINT('',#6589);
#2368=VERTEX_POINT('',#6591);
#2369=VERTEX_POINT('',#6595);
#2370=VERTEX_POINT('',#6598);
#2371=VERTEX_POINT('',#6604);
#2372=VERTEX_POINT('',#6606);
#2373=VERTEX_POINT('',#6609);
#2374=VERTEX_POINT('',#6610);
#2375=VERTEX_POINT('',#6615);
#2376=VERTEX_POINT('',#6620);
#2377=VERTEX_POINT('',#6622);
#2378=VERTEX_POINT('',#6627);
#2379=VERTEX_POINT('',#6634);
#2380=VERTEX_POINT('',#6635);
#2381=VERTEX_POINT('',#6640);
#2382=VERTEX_POINT('',#6649);
#2383=VERTEX_POINT('',#6656);
#2384=VERTEX_POINT('',#6657);
#2385=VERTEX_POINT('',#6662);
#2386=VERTEX_POINT('',#6671);
#2387=VERTEX_POINT('',#6678);
#2388=VERTEX_POINT('',#6679);
#2389=VERTEX_POINT('',#6684);
#2390=VERTEX_POINT('',#6693);
#2391=VERTEX_POINT('',#6700);
#2392=VERTEX_POINT('',#6701);
#2393=VERTEX_POINT('',#6706);
#2394=VERTEX_POINT('',#6715);
#2395=VERTEX_POINT('',#6725);
#2396=VERTEX_POINT('',#6734);
#2397=VERTEX_POINT('',#6761);
#2398=VERTEX_POINT('',#6769);
#2399=VERTEX_POINT('',#6772);
#2400=VERTEX_POINT('',#6777);
#2401=VERTEX_POINT('',#6780);
#2402=VERTEX_POINT('',#6783);
#2403=VERTEX_POINT('',#6786);
#2404=VERTEX_POINT('',#6789);
#2405=VERTEX_POINT('',#6792);
#2406=VERTEX_POINT('',#6795);
#2407=VERTEX_POINT('',#6798);
#2408=VERTEX_POINT('',#6800);
#2409=VERTEX_POINT('',#6803);
#2410=VERTEX_POINT('',#6806);
#2411=VERTEX_POINT('',#6809);
#2412=VERTEX_POINT('',#6816);
#2413=VERTEX_POINT('',#6817);
#2414=VERTEX_POINT('',#6819);
#2415=VERTEX_POINT('',#6821);
#2416=VERTEX_POINT('',#6823);
#2417=VERTEX_POINT('',#6825);
#2418=VERTEX_POINT('',#6828);
#2419=VERTEX_POINT('',#6831);
#2420=VERTEX_POINT('',#6833);
#2421=VERTEX_POINT('',#6837);
#2422=VERTEX_POINT('',#6841);
#2423=VERTEX_POINT('',#6845);
#2424=VERTEX_POINT('',#6849);
#2425=VERTEX_POINT('',#6856);
#2426=VERTEX_POINT('',#6859);
#2427=VERTEX_POINT('',#6861);
#2428=VERTEX_POINT('',#6865);
#2429=VERTEX_POINT('',#6868);
#2430=VERTEX_POINT('',#6878);
#2431=VERTEX_POINT('',#6879);
#2432=VERTEX_POINT('',#6881);
#2433=VERTEX_POINT('',#6883);
#2434=VERTEX_POINT('',#6885);
#2435=VERTEX_POINT('',#6887);
#2436=VERTEX_POINT('',#6890);
#2437=VERTEX_POINT('',#6893);
#2438=VERTEX_POINT('',#6895);
#2439=VERTEX_POINT('',#6899);
#2440=VERTEX_POINT('',#6903);
#2441=VERTEX_POINT('',#6907);
#2442=VERTEX_POINT('',#6911);
#2443=VERTEX_POINT('',#6918);
#2444=VERTEX_POINT('',#6921);
#2445=VERTEX_POINT('',#6923);
#2446=VERTEX_POINT('',#6927);
#2447=VERTEX_POINT('',#6930);
#2448=VERTEX_POINT('',#6935);
#2449=VERTEX_POINT('',#6936);
#2450=VERTEX_POINT('',#6938);
#2451=VERTEX_POINT('',#6940);
#2452=VERTEX_POINT('',#6944);
#2453=VERTEX_POINT('',#6946);
#2454=VERTEX_POINT('',#6950);
#2455=VERTEX_POINT('',#6952);
#2456=VERTEX_POINT('',#6956);
#2457=VERTEX_POINT('',#6958);
#2458=VERTEX_POINT('',#6962);
#2459=VERTEX_POINT('',#6964);
#2460=VERTEX_POINT('',#6968);
#2461=VERTEX_POINT('',#6970);
#2462=VERTEX_POINT('',#6974);
#2463=VERTEX_POINT('',#6976);
#2464=VERTEX_POINT('',#6980);
#2465=VERTEX_POINT('',#6982);
#2466=VERTEX_POINT('',#6986);
#2467=VERTEX_POINT('',#6988);
#2468=VERTEX_POINT('',#6992);
#2469=VERTEX_POINT('',#6994);
#2470=VERTEX_POINT('',#6997);
#2471=VERTEX_POINT('',#6999);
#2472=VERTEX_POINT('',#7002);
#2473=VERTEX_POINT('',#7004);
#2474=VERTEX_POINT('',#7007);
#2475=VERTEX_POINT('',#7009);
#2476=VERTEX_POINT('',#7012);
#2477=VERTEX_POINT('',#7014);
#2478=VERTEX_POINT('',#7017);
#2479=VERTEX_POINT('',#7019);
#2480=VERTEX_POINT('',#7022);
#2481=VERTEX_POINT('',#7024);
#2482=VERTEX_POINT('',#7027);
#2483=VERTEX_POINT('',#7029);
#2484=VERTEX_POINT('',#7032);
#2485=VERTEX_POINT('',#7034);
#2486=VERTEX_POINT('',#7037);
#2487=VERTEX_POINT('',#7039);
#2488=VERTEX_POINT('',#7096);
#2489=VERTEX_POINT('',#7097);
#2490=VERTEX_POINT('',#7107);
#2491=VERTEX_POINT('',#7108);
#2492=VERTEX_POINT('',#7115);
#2493=VERTEX_POINT('',#7120);
#2494=VERTEX_POINT('',#7126);
#2495=VERTEX_POINT('',#7197);
#2496=VERTEX_POINT('',#7209);
#2497=VERTEX_POINT('',#7211);
#2498=VERTEX_POINT('',#7213);
#2499=VERTEX_POINT('',#7215);
#2500=VERTEX_POINT('',#7217);
#2501=VERTEX_POINT('',#7219);
#2502=VERTEX_POINT('',#7221);
#2503=VERTEX_POINT('',#7226);
#2504=VERTEX_POINT('',#7263);
#2505=VERTEX_POINT('',#7264);
#2506=VERTEX_POINT('',#7266);
#2507=VERTEX_POINT('',#7268);
#2508=VERTEX_POINT('',#7309);
#2509=VERTEX_POINT('',#7331);
#2510=VERTEX_POINT('',#7333);
#2511=VERTEX_POINT('',#7344);
#2512=VERTEX_POINT('',#7346);
#2513=VERTEX_POINT('',#7440);
#2514=VERTEX_POINT('',#7444);
#2515=VERTEX_POINT('',#7446);
#2516=VERTEX_POINT('',#7448);
#2517=VERTEX_POINT('',#7450);
#2518=VERTEX_POINT('',#7452);
#2519=VERTEX_POINT('',#7454);
#2520=VERTEX_POINT('',#7457);
#2521=VERTEX_POINT('',#7459);
#2522=VERTEX_POINT('',#7494);
#2523=VERTEX_POINT('',#7495);
#2524=VERTEX_POINT('',#7500);
#2525=VERTEX_POINT('',#7505);
#2526=VERTEX_POINT('',#7645);
#2527=VERTEX_POINT('',#7651);
#2528=VERTEX_POINT('',#7802);
#2529=VERTEX_POINT('',#7807);
#2530=VERTEX_POINT('',#7818);
#2531=VERTEX_POINT('',#7821);
#2532=VERTEX_POINT('',#7823);
#2533=VERTEX_POINT('',#7825);
#2534=VERTEX_POINT('',#7827);
#2535=VERTEX_POINT('',#7829);
#2536=VERTEX_POINT('',#7832);
#2537=VERTEX_POINT('',#7834);
#2538=VERTEX_POINT('',#7876);
#2539=VERTEX_POINT('',#7877);
#2540=VERTEX_POINT('',#7882);
#2541=VERTEX_POINT('',#7887);
#2542=VERTEX_POINT('',#7895);
#2543=VERTEX_POINT('',#7901);
#2544=VERTEX_POINT('',#7907);
#2545=VERTEX_POINT('',#7915);
#2546=VERTEX_POINT('',#7945);
#2547=VERTEX_POINT('',#8009);
#2548=VERTEX_POINT('',#8010);
#2549=VERTEX_POINT('',#8015);
#2550=VERTEX_POINT('',#8020);
#2551=VERTEX_POINT('',#8066);
#2552=VERTEX_POINT('',#8067);
#2553=VERTEX_POINT('',#8086);
#2554=VERTEX_POINT('',#8087);
#2555=VERTEX_POINT('',#8093);
#2556=VERTEX_POINT('',#8101);
#2557=VERTEX_POINT('',#8106);
#2558=VERTEX_POINT('',#8111);
#2559=VERTEX_POINT('',#8116);
#2560=VERTEX_POINT('',#8121);
#2561=VERTEX_POINT('',#8126);
#2562=VERTEX_POINT('',#8156);
#2563=VERTEX_POINT('',#8158);
#2564=VERTEX_POINT('',#8254);
#2565=VERTEX_POINT('',#8255);
#2566=VERTEX_POINT('',#8267);
#2567=VERTEX_POINT('',#8272);
#2568=VERTEX_POINT('',#8277);
#2569=VERTEX_POINT('',#8279);
#2570=VERTEX_POINT('',#8281);
#2571=VERTEX_POINT('',#8310);
#2572=VERTEX_POINT('',#8316);
#2573=VERTEX_POINT('',#8318);
#2574=VERTEX_POINT('',#8320);
#2575=VERTEX_POINT('',#8329);
#2576=VERTEX_POINT('',#8331);
#2577=VERTEX_POINT('',#8334);
#2578=VERTEX_POINT('',#8335);
#2579=VERTEX_POINT('',#8337);
#2580=VERTEX_POINT('',#8342);
#2581=VERTEX_POINT('',#8344);
#2582=VERTEX_POINT('',#8346);
#2583=VERTEX_POINT('',#8348);
#2584=VERTEX_POINT('',#8353);
#2585=VERTEX_POINT('',#8434);
#2586=VERTEX_POINT('',#8446);
#2587=VERTEX_POINT('',#8552);
#2588=VERTEX_POINT('',#8554);
#2589=VERTEX_POINT('',#8597);
#2590=VERTEX_POINT('',#8599);
#2591=VERTEX_POINT('',#8692);
#2592=VERTEX_POINT('',#8693);
#2593=VERTEX_POINT('',#8696);
#2594=VERTEX_POINT('',#8710);
#2595=VERTEX_POINT('',#8714);
#2596=VERTEX_POINT('',#8716);
#2597=VERTEX_POINT('',#8718);
#2598=VERTEX_POINT('',#8720);
#2599=VERTEX_POINT('',#8722);
#2600=VERTEX_POINT('',#8729);
#2601=VERTEX_POINT('',#8758);
#2602=VERTEX_POINT('',#8763);
#2603=VERTEX_POINT('',#8814);
#2604=VERTEX_POINT('',#8820);
#2605=VERTEX_POINT('',#8822);
#2606=VERTEX_POINT('',#8824);
#2607=VERTEX_POINT('',#8826);
#2608=VERTEX_POINT('',#8828);
#2609=VERTEX_POINT('',#8835);
#2610=VERTEX_POINT('',#8861);
#2611=VERTEX_POINT('',#8862);
#2612=VERTEX_POINT('',#8864);
#2613=VERTEX_POINT('',#8866);
#2614=VERTEX_POINT('',#8870);
#2615=VERTEX_POINT('',#8872);
#2616=VERTEX_POINT('',#8876);
#2617=VERTEX_POINT('',#8878);
#2618=CIRCLE('',#3874,0.0024892);
#2619=CIRCLE('',#3875,0.0024892);
#2620=CIRCLE('',#3876,0.0055625);
#2621=CIRCLE('',#3877,0.0055625);
#2622=CIRCLE('',#3879,0.0086);
#2623=CIRCLE('',#3880,0.0086);
#2624=CIRCLE('',#3881,0.0086);
#2625=CIRCLE('',#3882,0.0086);
#2626=CIRCLE('',#3883,0.0086);
#2627=CIRCLE('',#3884,0.0086);
#2628=CIRCLE('',#3885,0.0086);
#2629=CIRCLE('',#3886,0.0086);
#2630=CIRCLE('',#3889,0.007);
#2631=CIRCLE('',#3894,0.0024892);
#2632=CIRCLE('',#3896,0.0024892);
#2633=CIRCLE('',#3910,0.007);
#2634=CIRCLE('',#3923,0.00229235894204905);
#2635=CIRCLE('',#3932,0.0045847);
#2636=CIRCLE('',#3934,0.002413);
#2637=CIRCLE('',#3935,0.0045847);
#2638=CIRCLE('',#3938,0.002413);
#2639=CIRCLE('',#3940,0.0019840702);
#2640=CIRCLE('',#3945,0.00290786866860867);
#2641=CIRCLE('',#3946,0.00290786866860867);
#2642=CIRCLE('',#3954,0.0047625);
#2643=CIRCLE('',#3956,0.0047625);
#2644=CIRCLE('',#3958,0.0047625);
#2645=CIRCLE('',#3960,0.0047625);
#2646=CIRCLE('',#3962,0.0047625);
#2647=CIRCLE('',#3964,0.0047625);
#2648=CIRCLE('',#3966,0.0047625);
#2649=CIRCLE('',#3968,0.0047625);
#2650=CIRCLE('',#3970,0.0047625);
#2651=CIRCLE('',#3972,0.0047625);
#2652=CIRCLE('',#3974,0.0037703125);
#2653=CIRCLE('',#3976,0.0047625);
#2654=CIRCLE('',#3978,0.0047625);
#2655=CIRCLE('',#3981,0.0020193);
#2656=CIRCLE('',#3983,0.0020193);
#2657=CIRCLE('',#3987,0.0014478);
#2658=CIRCLE('',#3989,0.0014478);
#2659=CIRCLE('',#3991,0.00156642775862114);
#2660=CIRCLE('',#3993,0.00465);
#2661=CIRCLE('',#3995,0.00465);
#2662=CIRCLE('',#3997,0.0024);
#2663=CIRCLE('',#3999,0.0024);
#2664=CIRCLE('',#4001,0.002146);
#2665=CIRCLE('',#4002,0.001765);
#2666=CIRCLE('',#4004,0.002146);
#2667=CIRCLE('',#4006,0.002146);
#2668=CIRCLE('',#4008,0.001638);
#2669=CIRCLE('',#4014,0.00229235894204905);
#2670=CIRCLE('',#4023,0.0045847);
#2671=CIRCLE('',#4025,0.002413);
#2672=CIRCLE('',#4026,0.0045847);
#2673=CIRCLE('',#4029,0.002413);
#2674=CIRCLE('',#4031,0.0019840702);
#2675=CIRCLE('',#4040,0.00229235894204905);
#2676=CIRCLE('',#4049,0.0045847);
#2677=CIRCLE('',#4051,0.002413);
#2678=CIRCLE('',#4052,0.0045847);
#2679=CIRCLE('',#4055,0.002413);
#2680=CIRCLE('',#4057,0.0019840702);
#2681=CIRCLE('',#4062,0.0075692);
#2682=CIRCLE('',#4063,0.0075692);
#2683=CIRCLE('',#4066,0.0075692);
#2684=CIRCLE('',#4067,0.0075692);
#2685=CIRCLE('',#4072,0.0075692);
#2686=CIRCLE('',#4073,0.0075692);
#2687=CIRCLE('',#4076,0.0024892);
#2688=CIRCLE('',#4077,0.0024892);
#2689=CIRCLE('',#4079,0.0024892);
#2690=CIRCLE('',#4080,0.0024892);
#2691=CIRCLE('',#4082,0.0024892);
#2692=CIRCLE('',#4083,0.0024892);
#2693=CIRCLE('',#4085,0.0024892);
#2694=CIRCLE('',#4086,0.0024892);
#2695=CIRCLE('',#4088,0.0024892);
#2696=CIRCLE('',#4089,0.0024892);
#2697=CIRCLE('',#4091,0.0024892);
#2698=CIRCLE('',#4092,0.0024892);
#2699=CIRCLE('',#4094,0.00108);
#2700=CIRCLE('',#4095,0.00108);
#2701=CIRCLE('',#4097,0.00108);
#2702=CIRCLE('',#4098,0.00108);
#2703=CIRCLE('',#4100,0.00108);
#2704=CIRCLE('',#4101,0.00108);
#2705=CIRCLE('',#4103,0.00108);
#2706=CIRCLE('',#4104,0.00108);
#2707=CIRCLE('',#4106,0.0075692);
#2708=CIRCLE('',#4107,0.0075692);
#2709=CIRCLE('',#4113,0.0055625);
#2710=CIRCLE('',#4114,0.0055625);
#2711=CIRCLE('',#4116,0.0024892);
#2712=CIRCLE('',#4117,0.00108);
#2713=CIRCLE('',#4118,0.00108);
#2714=CIRCLE('',#4119,0.00108);
#2715=CIRCLE('',#4120,0.0024892);
#2716=CIRCLE('',#4121,0.00108);
#2717=CIRCLE('',#4123,0.00248920000000003);
#2718=CIRCLE('',#4124,0.00248919999999997);
#2719=CIRCLE('',#4126,0.0024892);
#2720=CIRCLE('',#4127,0.0046);
#2721=CIRCLE('',#4128,0.00108);
#2722=CIRCLE('',#4129,0.0024892);
#2723=CIRCLE('',#4130,0.00108);
#2724=CIRCLE('',#4131,0.00108);
#2725=CIRCLE('',#4132,0.00108);
#2726=CIRCLE('',#4134,0.00248920000000003);
#2727=CIRCLE('',#4135,0.00248919999999997);
#2728=CIRCLE('',#4139,0.00108);
#2729=CIRCLE('',#4153,0.0055625);
#2730=CIRCLE('',#4155,0.0024892);
#2731=CIRCLE('',#4156,0.0024892);
#2732=CIRCLE('',#4158,0.0055625);
#2733=CIRCLE('',#4160,0.00248920000000003);
#2734=CIRCLE('',#4162,0.00108);
#2735=CIRCLE('',#4163,0.00108);
#2736=CIRCLE('',#4164,0.0024892);
#2737=CIRCLE('',#4165,0.00108);
#2738=CIRCLE('',#4166,0.00108);
#2739=CIRCLE('',#4170,0.0024892);
#2740=CIRCLE('',#4172,0.00248920000000003);
#2741=CIRCLE('',#4173,0.0046);
#2742=CIRCLE('',#4175,0.0046);
#2743=CIRCLE('',#4176,0.00108);
#2744=CIRCLE('',#4177,0.00108);
#2745=CIRCLE('',#4178,0.0024892);
#2746=CIRCLE('',#4179,0.00108);
#2747=CIRCLE('',#4180,0.00108);
#2748=CIRCLE('',#4184,0.0024892);
#2749=CIRCLE('',#4188,0.00108);
#2750=CIRCLE('',#4197,0.0046);
#2751=EDGE_LOOP('',(#819));
#2752=EDGE_LOOP('',(#820));
#2753=EDGE_LOOP('',(#821,#822,#823,#824,#825,#826,#827,#828,#829,#830,#831,
#832,#833,#834,#835,#836,#837,#838,#839,#840,#841,#842,#843,#844,#845,#846));
#2754=EDGE_LOOP('',(#847,#848,#849,#850,#851,#852,#853,#854));
#2755=EDGE_LOOP('',(#855,#856,#857,#858,#859,#860,#861,#862,#863,#864,#865));
#2756=EDGE_LOOP('',(#866,#867,#868,#869,#870,#871));
#2757=EDGE_LOOP('',(#872,#873,#874));
#2758=EDGE_LOOP('',(#875,#876,#877,#878));
#2759=EDGE_LOOP('',(#879,#880,#881,#882));
#2760=EDGE_LOOP('',(#883,#884,#885,#886,#887,#888));
#2761=EDGE_LOOP('',(#889,#890,#891,#892,#893,#894,#895,#896,#897,#898,#899));
#2762=EDGE_LOOP('',(#900,#901,#902));
#2763=EDGE_LOOP('',(#903));
#2764=EDGE_LOOP('',(#904,#905,#906,#907,#908,#909,#910,#911));
#2765=EDGE_LOOP('',(#912,#913,#914,#915));
#2766=EDGE_LOOP('',(#916,#917,#918,#919));
#2767=EDGE_LOOP('',(#920,#921,#922,#923,#924,#925));
#2768=EDGE_LOOP('',(#926));
#2769=EDGE_LOOP('',(#927));
#2770=EDGE_LOOP('',(#928));
#2771=EDGE_LOOP('',(#929));
#2772=EDGE_LOOP('',(#930,#931,#932,#933,#934,#935));
#2773=EDGE_LOOP('',(#936));
#2774=EDGE_LOOP('',(#937,#938,#939));
#2775=EDGE_LOOP('',(#940,#941,#942,#943));
#2776=EDGE_LOOP('',(#944,#945,#946,#947));
#2777=EDGE_LOOP('',(#948,#949,#950,#951));
#2778=EDGE_LOOP('',(#952,#953,#954));
#2779=EDGE_LOOP('',(#955,#956,#957,#958,#959,#960));
#2780=EDGE_LOOP('',(#961));
#2781=EDGE_LOOP('',(#962,#963,#964,#965));
#2782=EDGE_LOOP('',(#966,#967,#968,#969));
#2783=EDGE_LOOP('',(#970,#971,#972,#973));
#2784=EDGE_LOOP('',(#974,#975,#976));
#2785=EDGE_LOOP('',(#977,#978,#979));
#2786=EDGE_LOOP('',(#980,#981,#982,#983,#984,#985,#986,#987,#988,#989,#990,
#991,#992));
#2787=EDGE_LOOP('',(#993,#994,#995));
#2788=EDGE_LOOP('',(#996,#997,#998,#999));
#2789=EDGE_LOOP('',(#1000,#1001,#1002,#1003));
#2790=EDGE_LOOP('',(#1004,#1005,#1006,#1007,#1008,#1009,#1010,#1011,#1012,
#1013,#1014,#1015,#1016));
#2791=EDGE_LOOP('',(#1017,#1018,#1019));
#2792=EDGE_LOOP('',(#1020));
#2793=EDGE_LOOP('',(#1021,#1022,#1023,#1024,#1025,#1026,#1027,#1028));
#2794=EDGE_LOOP('',(#1029,#1030,#1031,#1032,#1033));
#2795=EDGE_LOOP('',(#1034,#1035,#1036,#1037,#1038));
#2796=EDGE_LOOP('',(#1039,#1040,#1041,#1042,#1043,#1044));
#2797=EDGE_LOOP('',(#1045,#1046,#1047));
#2798=EDGE_LOOP('',(#1048,#1049,#1050,#1051));
#2799=EDGE_LOOP('',(#1052,#1053,#1054));
#2800=EDGE_LOOP('',(#1055,#1056,#1057));
#2801=EDGE_LOOP('',(#1058,#1059,#1060,#1061));
#2802=EDGE_LOOP('',(#1062,#1063,#1064));
#2803=EDGE_LOOP('',(#1065));
#2804=EDGE_LOOP('',(#1066));
#2805=EDGE_LOOP('',(#1067,#1068,#1069,#1070,#1071,#1072));
#2806=EDGE_LOOP('',(#1073));
#2807=EDGE_LOOP('',(#1074,#1075,#1076,#1077));
#2808=EDGE_LOOP('',(#1078,#1079,#1080,#1081));
#2809=EDGE_LOOP('',(#1082,#1083,#1084,#1085));
#2810=EDGE_LOOP('',(#1086,#1087,#1088,#1089));
#2811=EDGE_LOOP('',(#1090,#1091,#1092,#1093));
#2812=EDGE_LOOP('',(#1094,#1095,#1096,#1097));
#2813=EDGE_LOOP('',(#1098,#1099,#1100,#1101,#1102,#1103));
#2814=EDGE_LOOP('',(#1104));
#2815=EDGE_LOOP('',(#1105));
#2816=EDGE_LOOP('',(#1106));
#2817=EDGE_LOOP('',(#1107));
#2818=EDGE_LOOP('',(#1108));
#2819=EDGE_LOOP('',(#1109));
#2820=EDGE_LOOP('',(#1110));
#2821=EDGE_LOOP('',(#1111));
#2822=EDGE_LOOP('',(#1112));
#2823=EDGE_LOOP('',(#1113));
#2824=EDGE_LOOP('',(#1114));
#2825=EDGE_LOOP('',(#1115));
#2826=EDGE_LOOP('',(#1116));
#2827=EDGE_LOOP('',(#1117,#1118,#1119,#1120,#1121,#1122));
#2828=EDGE_LOOP('',(#1123,#1124,#1125,#1126,#1127,#1128));
#2829=EDGE_LOOP('',(#1129,#1130,#1131,#1132,#1133,#1134));
#2830=EDGE_LOOP('',(#1135,#1136,#1137,#1138,#1139,#1140));
#2831=EDGE_LOOP('',(#1141,#1142,#1143,#1144,#1145,#1146));
#2832=EDGE_LOOP('',(#1147,#1148,#1149,#1150,#1151,#1152));
#2833=EDGE_LOOP('',(#1153,#1154,#1155));
#2834=EDGE_LOOP('',(#1156,#1157,#1158));
#2835=EDGE_LOOP('',(#1159,#1160,#1161));
#2836=EDGE_LOOP('',(#1162,#1163,#1164));
#2837=EDGE_LOOP('',(#1165,#1166,#1167));
#2838=EDGE_LOOP('',(#1168,#1169,#1170));
#2839=EDGE_LOOP('',(#1171,#1172,#1173));
#2840=EDGE_LOOP('',(#1174,#1175,#1176));
#2841=EDGE_LOOP('',(#1177,#1178,#1179));
#2842=EDGE_LOOP('',(#1180,#1181,#1182));
#2843=EDGE_LOOP('',(#1183));
#2844=EDGE_LOOP('',(#1184));
#2845=EDGE_LOOP('',(#1185,#1186,#1187));
#2846=EDGE_LOOP('',(#1188,#1189,#1190));
#2847=EDGE_LOOP('',(#1191,#1192,#1193,#1194,#1195,#1196));
#2848=EDGE_LOOP('',(#1197));
#2849=EDGE_LOOP('',(#1198));
#2850=EDGE_LOOP('',(#1199));
#2851=EDGE_LOOP('',(#1200));
#2852=EDGE_LOOP('',(#1201));
#2853=EDGE_LOOP('',(#1202));
#2854=EDGE_LOOP('',(#1203,#1204,#1205,#1206,#1207,#1208));
#2855=EDGE_LOOP('',(#1209));
#2856=EDGE_LOOP('',(#1210));
#2857=EDGE_LOOP('',(#1211));
#2858=EDGE_LOOP('',(#1212));
#2859=EDGE_LOOP('',(#1213));
#2860=EDGE_LOOP('',(#1214));
#2861=EDGE_LOOP('',(#1215));
#2862=EDGE_LOOP('',(#1216));
#2863=EDGE_LOOP('',(#1217));
#2864=EDGE_LOOP('',(#1218));
#2865=EDGE_LOOP('',(#1219));
#2866=EDGE_LOOP('',(#1220));
#2867=EDGE_LOOP('',(#1221));
#2868=EDGE_LOOP('',(#1222));
#2869=EDGE_LOOP('',(#1223));
#2870=EDGE_LOOP('',(#1224));
#2871=EDGE_LOOP('',(#1225));
#2872=EDGE_LOOP('',(#1226));
#2873=EDGE_LOOP('',(#1227));
#2874=EDGE_LOOP('',(#1228));
#2875=EDGE_LOOP('',(#1229));
#2876=EDGE_LOOP('',(#1230));
#2877=EDGE_LOOP('',(#1231));
#2878=EDGE_LOOP('',(#1232));
#2879=EDGE_LOOP('',(#1233,#1234,#1235,#1236,#1237,#1238));
#2880=EDGE_LOOP('',(#1239));
#2881=EDGE_LOOP('',(#1240,#1241,#1242,#1243));
#2882=EDGE_LOOP('',(#1244,#1245,#1246,#1247));
#2883=EDGE_LOOP('',(#1248,#1249,#1250,#1251));
#2884=EDGE_LOOP('',(#1252,#1253,#1254,#1255));
#2885=EDGE_LOOP('',(#1256,#1257,#1258,#1259));
#2886=EDGE_LOOP('',(#1260,#1261,#1262,#1263));
#2887=EDGE_LOOP('',(#1264,#1265,#1266,#1267,#1268,#1269));
#2888=EDGE_LOOP('',(#1270));
#2889=EDGE_LOOP('',(#1271));
#2890=EDGE_LOOP('',(#1272));
#2891=EDGE_LOOP('',(#1273));
#2892=EDGE_LOOP('',(#1274));
#2893=EDGE_LOOP('',(#1275));
#2894=EDGE_LOOP('',(#1276));
#2895=EDGE_LOOP('',(#1277));
#2896=EDGE_LOOP('',(#1278));
#2897=EDGE_LOOP('',(#1279));
#2898=EDGE_LOOP('',(#1280));
#2899=EDGE_LOOP('',(#1281,#1282,#1283,#1284,#1285,#1286));
#2900=EDGE_LOOP('',(#1287));
#2901=EDGE_LOOP('',(#1288,#1289,#1290,#1291));
#2902=EDGE_LOOP('',(#1292,#1293,#1294,#1295));
#2903=EDGE_LOOP('',(#1296,#1297,#1298,#1299));
#2904=EDGE_LOOP('',(#1300,#1301,#1302,#1303));
#2905=EDGE_LOOP('',(#1304,#1305,#1306,#1307));
#2906=EDGE_LOOP('',(#1308,#1309,#1310,#1311));
#2907=EDGE_LOOP('',(#1312,#1313,#1314,#1315,#1316,#1317));
#2908=EDGE_LOOP('',(#1318));
#2909=EDGE_LOOP('',(#1319));
#2910=EDGE_LOOP('',(#1320));
#2911=EDGE_LOOP('',(#1321));
#2912=EDGE_LOOP('',(#1322));
#2913=EDGE_LOOP('',(#1323));
#2914=EDGE_LOOP('',(#1324));
#2915=EDGE_LOOP('',(#1325));
#2916=EDGE_LOOP('',(#1326));
#2917=EDGE_LOOP('',(#1327));
#2918=EDGE_LOOP('',(#1328));
#2919=EDGE_LOOP('',(#1329,#1330,#1331,#1332));
#2920=EDGE_LOOP('',(#1333,#1334,#1335,#1336));
#2921=EDGE_LOOP('',(#1337,#1338,#1339,#1340));
#2922=EDGE_LOOP('',(#1341,#1342,#1343,#1344));
#2923=EDGE_LOOP('',(#1345,#1346,#1347,#1348));
#2924=EDGE_LOOP('',(#1349,#1350,#1351,#1352));
#2925=EDGE_LOOP('',(#1353,#1354,#1355,#1356));
#2926=EDGE_LOOP('',(#1357,#1358,#1359,#1360));
#2927=EDGE_LOOP('',(#1361,#1362,#1363,#1364));
#2928=EDGE_LOOP('',(#1365));
#2929=EDGE_LOOP('',(#1366));
#2930=EDGE_LOOP('',(#1367));
#2931=EDGE_LOOP('',(#1368));
#2932=EDGE_LOOP('',(#1369));
#2933=EDGE_LOOP('',(#1370));
#2934=EDGE_LOOP('',(#1371));
#2935=EDGE_LOOP('',(#1372));
#2936=EDGE_LOOP('',(#1373));
#2937=EDGE_LOOP('',(#1374));
#2938=EDGE_LOOP('',(#1375));
#2939=EDGE_LOOP('',(#1376));
#2940=EDGE_LOOP('',(#1377));
#2941=EDGE_LOOP('',(#1378));
#2942=EDGE_LOOP('',(#1379));
#2943=EDGE_LOOP('',(#1380));
#2944=EDGE_LOOP('',(#1381));
#2945=EDGE_LOOP('',(#1382));
#2946=EDGE_LOOP('',(#1383));
#2947=EDGE_LOOP('',(#1384));
#2948=EDGE_LOOP('',(#1385,#1386,#1387,#1388));
#2949=EDGE_LOOP('',(#1389));
#2950=EDGE_LOOP('',(#1390));
#2951=EDGE_LOOP('',(#1391));
#2952=EDGE_LOOP('',(#1392));
#2953=EDGE_LOOP('',(#1393));
#2954=EDGE_LOOP('',(#1394));
#2955=EDGE_LOOP('',(#1395));
#2956=EDGE_LOOP('',(#1396));
#2957=EDGE_LOOP('',(#1397));
#2958=EDGE_LOOP('',(#1398));
#2959=EDGE_LOOP('',(#1399,#1400,#1401,#1402,#1403,#1404,#1405,#1406,#1407,
#1408));
#2960=EDGE_LOOP('',(#1409));
#2961=EDGE_LOOP('',(#1410));
#2962=EDGE_LOOP('',(#1411));
#2963=EDGE_LOOP('',(#1412));
#2964=EDGE_LOOP('',(#1413));
#2965=EDGE_LOOP('',(#1414));
#2966=EDGE_LOOP('',(#1415));
#2967=EDGE_LOOP('',(#1416));
#2968=EDGE_LOOP('',(#1417));
#2969=EDGE_LOOP('',(#1418));
#2970=EDGE_LOOP('',(#1419,#1420,#1421,#1422,#1423,#1424,#1425,#1426,#1427,
#1428));
#2971=EDGE_LOOP('',(#1429,#1430));
#2972=EDGE_LOOP('',(#1431,#1432,#1433,#1434,#1435));
#2973=EDGE_LOOP('',(#1436,#1437,#1438,#1439,#1440,#1441,#1442,#1443,#1444,
#1445,#1446));
#2974=EDGE_LOOP('',(#1447,#1448,#1449,#1450));
#2975=EDGE_LOOP('',(#1451,#1452,#1453,#1454,#1455,#1456,#1457));
#2976=EDGE_LOOP('',(#1458,#1459,#1460,#1461));
#2977=EDGE_LOOP('',(#1462,#1463,#1464,#1465));
#2978=EDGE_LOOP('',(#1466,#1467,#1468,#1469,#1470));
#2979=EDGE_LOOP('',(#1471));
#2980=EDGE_LOOP('',(#1472));
#2981=EDGE_LOOP('',(#1473));
#2982=EDGE_LOOP('',(#1474));
#2983=EDGE_LOOP('',(#1475));
#2984=EDGE_LOOP('',(#1476));
#2985=EDGE_LOOP('',(#1477,#1478,#1479,#1480,#1481,#1482,#1483,#1484));
#2986=EDGE_LOOP('',(#1485));
#2987=EDGE_LOOP('',(#1486));
#2988=EDGE_LOOP('',(#1487,#1488,#1489,#1490,#1491,#1492));
#2989=EDGE_LOOP('',(#1493,#1494,#1495,#1496));
#2990=EDGE_LOOP('',(#1497,#1498,#1499,#1500,#1501));
#2991=EDGE_LOOP('',(#1502,#1503,#1504,#1505));
#2992=EDGE_LOOP('',(#1506,#1507,#1508,#1509,#1510,#1511));
#2993=EDGE_LOOP('',(#1512));
#2994=EDGE_LOOP('',(#1513,#1514,#1515,#1516,#1517,#1518,#1519,#1520,#1521,
#1522));
#2995=EDGE_LOOP('',(#1523));
#2996=EDGE_LOOP('',(#1524));
#2997=EDGE_LOOP('',(#1525));
#2998=EDGE_LOOP('',(#1526));
#2999=EDGE_LOOP('',(#1527));
#3000=EDGE_LOOP('',(#1528));
#3001=EDGE_LOOP('',(#1529));
#3002=EDGE_LOOP('',(#1530,#1531,#1532,#1533,#1534,#1535));
#3003=EDGE_LOOP('',(#1536));
#3004=EDGE_LOOP('',(#1537));
#3005=EDGE_LOOP('',(#1538));
#3006=EDGE_LOOP('',(#1539));
#3007=EDGE_LOOP('',(#1540,#1541));
#3008=EDGE_LOOP('',(#1542,#1543));
#3009=EDGE_LOOP('',(#1544));
#3010=EDGE_LOOP('',(#1545));
#3011=EDGE_LOOP('',(#1546));
#3012=EDGE_LOOP('',(#1547));
#3013=EDGE_LOOP('',(#1548));
#3014=EDGE_LOOP('',(#1549));
#3015=EDGE_LOOP('',(#1550));
#3016=EDGE_LOOP('',(#1551));
#3017=EDGE_LOOP('',(#1552));
#3018=EDGE_LOOP('',(#1553));
#3019=EDGE_LOOP('',(#1554));
#3020=EDGE_LOOP('',(#1555));
#3021=EDGE_LOOP('',(#1556,#1557,#1558));
#3022=EDGE_LOOP('',(#1559,#1560,#1561,#1562,#1563,#1564,#1565,#1566));
#3023=EDGE_LOOP('',(#1567,#1568,#1569));
#3024=EDGE_LOOP('',(#1570,#1571,#1572,#1573,#1574,#1575));
#3025=EDGE_LOOP('',(#1576,#1577));
#3026=EDGE_LOOP('',(#1578,#1579,#1580,#1581,#1582,#1583,#1584,#1585,#1586));
#3027=EDGE_LOOP('',(#1587,#1588,#1589,#1590));
#3028=EDGE_LOOP('',(#1591,#1592,#1593,#1594,#1595,#1596,#1597));
#3029=EDGE_LOOP('',(#1598,#1599,#1600,#1601,#1602,#1603,#1604,#1605));
#3030=EDGE_LOOP('',(#1606));
#3031=EDGE_LOOP('',(#1607));
#3032=EDGE_LOOP('',(#1608,#1609,#1610,#1611,#1612,#1613,#1614,#1615));
#3033=EDGE_LOOP('',(#1616,#1617,#1618,#1619,#1620,#1621));
#3034=EDGE_LOOP('',(#1622,#1623,#1624,#1625,#1626,#1627));
#3035=EDGE_LOOP('',(#1628,#1629,#1630,#1631,#1632));
#3036=EDGE_LOOP('',(#1633,#1634,#1635,#1636));
#3037=EDGE_LOOP('',(#1637,#1638,#1639,#1640,#1641));
#3038=EDGE_LOOP('',(#1642,#1643,#1644,#1645));
#3039=EDGE_LOOP('',(#1646));
#3040=EDGE_LOOP('',(#1647,#1648,#1649,#1650));
#3041=EDGE_LOOP('',(#1651));
#3042=EDGE_LOOP('',(#1652));
#3043=EDGE_LOOP('',(#1653));
#3044=EDGE_LOOP('',(#1654));
#3045=EDGE_LOOP('',(#1655));
#3046=EDGE_LOOP('',(#1656));
#3047=EDGE_LOOP('',(#1657,#1658,#1659,#1660,#1661,#1662,#1663,#1664));
#3048=EDGE_LOOP('',(#1665,#1666,#1667,#1668));
#3049=EDGE_LOOP('',(#1669,#1670,#1671,#1672));
#3050=EDGE_LOOP('',(#1673));
#3051=EDGE_LOOP('',(#1674,#1675,#1676,#1677));
#3052=EDGE_LOOP('',(#1678,#1679,#1680,#1681,#1682,#1683,#1684));
#3053=EDGE_LOOP('',(#1685,#1686,#1687,#1688));
#3054=EDGE_LOOP('',(#1689));
#3055=EDGE_LOOP('',(#1690,#1691,#1692,#1693,#1694,#1695,#1696,#1697));
#3056=EDGE_LOOP('',(#1698,#1699,#1700,#1701,#1702,#1703,#1704,#1705,#1706));
#3057=EDGE_LOOP('',(#1707));
#3058=EDGE_LOOP('',(#1708));
#3059=EDGE_LOOP('',(#1709));
#3060=EDGE_LOOP('',(#1710));
#3061=EDGE_LOOP('',(#1711));
#3062=EDGE_LOOP('',(#1712));
#3063=EDGE_LOOP('',(#1713,#1714,#1715,#1716));
#3064=EDGE_LOOP('',(#1717,#1718,#1719,#1720,#1721));
#3065=EDGE_LOOP('',(#1722));
#3066=EDGE_LOOP('',(#1723,#1724,#1725,#1726,#1727,#1728));
#3067=EDGE_LOOP('',(#1729));
#3068=EDGE_LOOP('',(#1730));
#3069=EDGE_LOOP('',(#1731));
#3070=EDGE_LOOP('',(#1732));
#3071=EDGE_LOOP('',(#1733,#1734));
#3072=EDGE_LOOP('',(#1735,#1736));
#3073=EDGE_LOOP('',(#1737));
#3074=EDGE_LOOP('',(#1738));
#3075=EDGE_LOOP('',(#1739));
#3076=EDGE_LOOP('',(#1740));
#3077=EDGE_LOOP('',(#1741));
#3078=EDGE_LOOP('',(#1742));
#3079=EDGE_LOOP('',(#1743));
#3080=EDGE_LOOP('',(#1744));
#3081=EDGE_LOOP('',(#1745));
#3082=EDGE_LOOP('',(#1746));
#3083=EDGE_LOOP('',(#1747,#1748,#1749,#1750));
#3084=EDGE_LOOP('',(#1751,#1752,#1753,#1754,#1755));
#3085=EDGE_LOOP('',(#1756,#1757,#1758));
#3086=EDGE_LOOP('',(#1759,#1760,#1761,#1762));
#3087=EDGE_LOOP('',(#1763,#1764,#1765,#1766));
#3088=EDGE_LOOP('',(#1767,#1768,#1769,#1770));
#3089=EDGE_LOOP('',(#1771,#1772,#1773,#1774));
#3090=EDGE_LOOP('',(#1775,#1776,#1777,#1778));
#3091=EDGE_LOOP('',(#1779,#1780,#1781,#1782));
#3092=FACE_BOUND('',#2751,.T.);
#3093=FACE_BOUND('',#2752,.T.);
#3094=FACE_BOUND('',#2753,.T.);
#3095=FACE_BOUND('',#2754,.T.);
#3096=FACE_BOUND('',#2755,.T.);
#3097=FACE_BOUND('',#2756,.T.);
#3098=FACE_BOUND('',#2757,.T.);
#3099=FACE_BOUND('',#2758,.T.);
#3100=FACE_BOUND('',#2759,.T.);
#3101=FACE_BOUND('',#2760,.T.);
#3102=FACE_BOUND('',#2761,.T.);
#3103=FACE_BOUND('',#2762,.T.);
#3104=FACE_BOUND('',#2763,.T.);
#3105=FACE_BOUND('',#2764,.T.);
#3106=FACE_BOUND('',#2765,.T.);
#3107=FACE_BOUND('',#2766,.T.);
#3108=FACE_BOUND('',#2767,.T.);
#3109=FACE_BOUND('',#2768,.T.);
#3110=FACE_BOUND('',#2769,.T.);
#3111=FACE_BOUND('',#2770,.T.);
#3112=FACE_BOUND('',#2771,.T.);
#3113=FACE_BOUND('',#2772,.T.);
#3114=FACE_BOUND('',#2773,.T.);
#3115=FACE_BOUND('',#2774,.T.);
#3116=FACE_BOUND('',#2775,.T.);
#3117=FACE_BOUND('',#2776,.T.);
#3118=FACE_BOUND('',#2777,.T.);
#3119=FACE_BOUND('',#2778,.T.);
#3120=FACE_BOUND('',#2779,.T.);
#3121=FACE_BOUND('',#2780,.T.);
#3122=FACE_BOUND('',#2781,.T.);
#3123=FACE_BOUND('',#2782,.T.);
#3124=FACE_BOUND('',#2783,.T.);
#3125=FACE_BOUND('',#2784,.T.);
#3126=FACE_BOUND('',#2785,.T.);
#3127=FACE_BOUND('',#2786,.T.);
#3128=FACE_BOUND('',#2787,.T.);
#3129=FACE_BOUND('',#2788,.T.);
#3130=FACE_BOUND('',#2789,.T.);
#3131=FACE_BOUND('',#2790,.T.);
#3132=FACE_BOUND('',#2791,.T.);
#3133=FACE_BOUND('',#2792,.T.);
#3134=FACE_BOUND('',#2793,.T.);
#3135=FACE_BOUND('',#2794,.T.);
#3136=FACE_BOUND('',#2795,.T.);
#3137=FACE_BOUND('',#2796,.T.);
#3138=FACE_BOUND('',#2797,.T.);
#3139=FACE_BOUND('',#2798,.T.);
#3140=FACE_BOUND('',#2799,.T.);
#3141=FACE_BOUND('',#2800,.T.);
#3142=FACE_BOUND('',#2801,.T.);
#3143=FACE_BOUND('',#2802,.T.);
#3144=FACE_BOUND('',#2803,.T.);
#3145=FACE_BOUND('',#2804,.T.);
#3146=FACE_BOUND('',#2805,.T.);
#3147=FACE_BOUND('',#2806,.T.);
#3148=FACE_BOUND('',#2807,.T.);
#3149=FACE_BOUND('',#2808,.T.);
#3150=FACE_BOUND('',#2809,.T.);
#3151=FACE_BOUND('',#2810,.T.);
#3152=FACE_BOUND('',#2811,.T.);
#3153=FACE_BOUND('',#2812,.T.);
#3154=FACE_BOUND('',#2813,.T.);
#3155=FACE_BOUND('',#2814,.T.);
#3156=FACE_BOUND('',#2815,.T.);
#3157=FACE_BOUND('',#2816,.T.);
#3158=FACE_BOUND('',#2817,.T.);
#3159=FACE_BOUND('',#2818,.T.);
#3160=FACE_BOUND('',#2819,.T.);
#3161=FACE_BOUND('',#2820,.T.);
#3162=FACE_BOUND('',#2821,.T.);
#3163=FACE_BOUND('',#2822,.T.);
#3164=FACE_BOUND('',#2823,.T.);
#3165=FACE_BOUND('',#2824,.T.);
#3166=FACE_BOUND('',#2825,.T.);
#3167=FACE_BOUND('',#2826,.T.);
#3168=FACE_BOUND('',#2827,.T.);
#3169=FACE_BOUND('',#2828,.T.);
#3170=FACE_BOUND('',#2829,.T.);
#3171=FACE_BOUND('',#2830,.T.);
#3172=FACE_BOUND('',#2831,.T.);
#3173=FACE_BOUND('',#2832,.T.);
#3174=FACE_BOUND('',#2833,.T.);
#3175=FACE_BOUND('',#2834,.T.);
#3176=FACE_BOUND('',#2835,.T.);
#3177=FACE_BOUND('',#2836,.T.);
#3178=FACE_BOUND('',#2837,.T.);
#3179=FACE_BOUND('',#2838,.T.);
#3180=FACE_BOUND('',#2839,.T.);
#3181=FACE_BOUND('',#2840,.T.);
#3182=FACE_BOUND('',#2841,.T.);
#3183=FACE_BOUND('',#2842,.T.);
#3184=FACE_BOUND('',#2843,.T.);
#3185=FACE_BOUND('',#2844,.T.);
#3186=FACE_BOUND('',#2845,.T.);
#3187=FACE_BOUND('',#2846,.T.);
#3188=FACE_BOUND('',#2847,.T.);
#3189=FACE_BOUND('',#2848,.T.);
#3190=FACE_BOUND('',#2849,.T.);
#3191=FACE_BOUND('',#2850,.T.);
#3192=FACE_BOUND('',#2851,.T.);
#3193=FACE_BOUND('',#2852,.T.);
#3194=FACE_BOUND('',#2853,.T.);
#3195=FACE_BOUND('',#2854,.T.);
#3196=FACE_BOUND('',#2855,.T.);
#3197=FACE_BOUND('',#2856,.T.);
#3198=FACE_BOUND('',#2857,.T.);
#3199=FACE_BOUND('',#2858,.T.);
#3200=FACE_BOUND('',#2859,.T.);
#3201=FACE_BOUND('',#2860,.T.);
#3202=FACE_BOUND('',#2861,.T.);
#3203=FACE_BOUND('',#2862,.T.);
#3204=FACE_BOUND('',#2863,.T.);
#3205=FACE_BOUND('',#2864,.T.);
#3206=FACE_BOUND('',#2865,.T.);
#3207=FACE_BOUND('',#2866,.T.);
#3208=FACE_BOUND('',#2867,.T.);
#3209=FACE_BOUND('',#2868,.T.);
#3210=FACE_BOUND('',#2869,.T.);
#3211=FACE_BOUND('',#2870,.T.);
#3212=FACE_BOUND('',#2871,.T.);
#3213=FACE_BOUND('',#2872,.T.);
#3214=FACE_BOUND('',#2873,.T.);
#3215=FACE_BOUND('',#2874,.T.);
#3216=FACE_BOUND('',#2875,.T.);
#3217=FACE_BOUND('',#2876,.T.);
#3218=FACE_BOUND('',#2877,.T.);
#3219=FACE_BOUND('',#2878,.T.);
#3220=FACE_BOUND('',#2879,.T.);
#3221=FACE_BOUND('',#2880,.T.);
#3222=FACE_BOUND('',#2881,.T.);
#3223=FACE_BOUND('',#2882,.T.);
#3224=FACE_BOUND('',#2883,.T.);
#3225=FACE_BOUND('',#2884,.T.);
#3226=FACE_BOUND('',#2885,.T.);
#3227=FACE_BOUND('',#2886,.T.);
#3228=FACE_BOUND('',#2887,.T.);
#3229=FACE_BOUND('',#2888,.T.);
#3230=FACE_BOUND('',#2889,.T.);
#3231=FACE_BOUND('',#2890,.T.);
#3232=FACE_BOUND('',#2891,.T.);
#3233=FACE_BOUND('',#2892,.T.);
#3234=FACE_BOUND('',#2893,.T.);
#3235=FACE_BOUND('',#2894,.T.);
#3236=FACE_BOUND('',#2895,.T.);
#3237=FACE_BOUND('',#2896,.T.);
#3238=FACE_BOUND('',#2897,.T.);
#3239=FACE_BOUND('',#2898,.T.);
#3240=FACE_BOUND('',#2899,.T.);
#3241=FACE_BOUND('',#2900,.T.);
#3242=FACE_BOUND('',#2901,.T.);
#3243=FACE_BOUND('',#2902,.T.);
#3244=FACE_BOUND('',#2903,.T.);
#3245=FACE_BOUND('',#2904,.T.);
#3246=FACE_BOUND('',#2905,.T.);
#3247=FACE_BOUND('',#2906,.T.);
#3248=FACE_BOUND('',#2907,.T.);
#3249=FACE_BOUND('',#2908,.T.);
#3250=FACE_BOUND('',#2909,.T.);
#3251=FACE_BOUND('',#2910,.T.);
#3252=FACE_BOUND('',#2911,.T.);
#3253=FACE_BOUND('',#2912,.T.);
#3254=FACE_BOUND('',#2913,.T.);
#3255=FACE_BOUND('',#2914,.T.);
#3256=FACE_BOUND('',#2915,.T.);
#3257=FACE_BOUND('',#2916,.T.);
#3258=FACE_BOUND('',#2917,.T.);
#3259=FACE_BOUND('',#2918,.T.);
#3260=FACE_BOUND('',#2919,.T.);
#3261=FACE_BOUND('',#2920,.T.);
#3262=FACE_BOUND('',#2921,.T.);
#3263=FACE_BOUND('',#2922,.T.);
#3264=FACE_BOUND('',#2923,.T.);
#3265=FACE_BOUND('',#2924,.T.);
#3266=FACE_BOUND('',#2925,.T.);
#3267=FACE_BOUND('',#2926,.T.);
#3268=FACE_BOUND('',#2927,.T.);
#3269=FACE_BOUND('',#2928,.T.);
#3270=FACE_BOUND('',#2929,.T.);
#3271=FACE_BOUND('',#2930,.T.);
#3272=FACE_BOUND('',#2931,.T.);
#3273=FACE_BOUND('',#2932,.T.);
#3274=FACE_BOUND('',#2933,.T.);
#3275=FACE_BOUND('',#2934,.T.);
#3276=FACE_BOUND('',#2935,.T.);
#3277=FACE_BOUND('',#2936,.T.);
#3278=FACE_BOUND('',#2937,.T.);
#3279=FACE_BOUND('',#2938,.T.);
#3280=FACE_BOUND('',#2939,.T.);
#3281=FACE_BOUND('',#2940,.T.);
#3282=FACE_BOUND('',#2941,.T.);
#3283=FACE_BOUND('',#2942,.T.);
#3284=FACE_BOUND('',#2943,.T.);
#3285=FACE_BOUND('',#2944,.T.);
#3286=FACE_BOUND('',#2945,.T.);
#3287=FACE_BOUND('',#2946,.T.);
#3288=FACE_BOUND('',#2947,.T.);
#3289=FACE_BOUND('',#2948,.T.);
#3290=FACE_BOUND('',#2949,.T.);
#3291=FACE_BOUND('',#2950,.T.);
#3292=FACE_BOUND('',#2951,.T.);
#3293=FACE_BOUND('',#2952,.T.);
#3294=FACE_BOUND('',#2953,.T.);
#3295=FACE_BOUND('',#2954,.T.);
#3296=FACE_BOUND('',#2955,.T.);
#3297=FACE_BOUND('',#2956,.T.);
#3298=FACE_BOUND('',#2957,.T.);
#3299=FACE_BOUND('',#2958,.T.);
#3300=FACE_BOUND('',#2959,.T.);
#3301=FACE_BOUND('',#2960,.T.);
#3302=FACE_BOUND('',#2961,.T.);
#3303=FACE_BOUND('',#2962,.T.);
#3304=FACE_BOUND('',#2963,.T.);
#3305=FACE_BOUND('',#2964,.T.);
#3306=FACE_BOUND('',#2965,.T.);
#3307=FACE_BOUND('',#2966,.T.);
#3308=FACE_BOUND('',#2967,.T.);
#3309=FACE_BOUND('',#2968,.T.);
#3310=FACE_BOUND('',#2969,.T.);
#3311=FACE_BOUND('',#2970,.T.);
#3312=FACE_BOUND('',#2971,.T.);
#3313=FACE_BOUND('',#2972,.T.);
#3314=FACE_BOUND('',#2973,.T.);
#3315=FACE_BOUND('',#2974,.T.);
#3316=FACE_BOUND('',#2975,.T.);
#3317=FACE_BOUND('',#2976,.T.);
#3318=FACE_BOUND('',#2977,.T.);
#3319=FACE_BOUND('',#2978,.T.);
#3320=FACE_BOUND('',#2979,.T.);
#3321=FACE_BOUND('',#2980,.T.);
#3322=FACE_BOUND('',#2981,.T.);
#3323=FACE_BOUND('',#2982,.T.);
#3324=FACE_BOUND('',#2983,.T.);
#3325=FACE_BOUND('',#2984,.T.);
#3326=FACE_BOUND('',#2985,.T.);
#3327=FACE_BOUND('',#2986,.T.);
#3328=FACE_BOUND('',#2987,.T.);
#3329=FACE_BOUND('',#2988,.T.);
#3330=FACE_BOUND('',#2989,.T.);
#3331=FACE_BOUND('',#2990,.T.);
#3332=FACE_BOUND('',#2991,.T.);
#3333=FACE_BOUND('',#2992,.T.);
#3334=FACE_BOUND('',#2993,.T.);
#3335=FACE_BOUND('',#2994,.T.);
#3336=FACE_BOUND('',#2995,.T.);
#3337=FACE_BOUND('',#2996,.T.);
#3338=FACE_BOUND('',#2997,.T.);
#3339=FACE_BOUND('',#2998,.T.);
#3340=FACE_BOUND('',#2999,.T.);
#3341=FACE_BOUND('',#3000,.T.);
#3342=FACE_BOUND('',#3001,.T.);
#3343=FACE_BOUND('',#3002,.T.);
#3344=FACE_BOUND('',#3003,.T.);
#3345=FACE_BOUND('',#3004,.T.);
#3346=FACE_BOUND('',#3005,.T.);
#3347=FACE_BOUND('',#3006,.T.);
#3348=FACE_BOUND('',#3007,.T.);
#3349=FACE_BOUND('',#3008,.T.);
#3350=FACE_BOUND('',#3009,.T.);
#3351=FACE_BOUND('',#3010,.T.);
#3352=FACE_BOUND('',#3011,.T.);
#3353=FACE_BOUND('',#3012,.T.);
#3354=FACE_BOUND('',#3013,.T.);
#3355=FACE_BOUND('',#3014,.T.);
#3356=FACE_BOUND('',#3015,.T.);
#3357=FACE_BOUND('',#3016,.T.);
#3358=FACE_BOUND('',#3017,.T.);
#3359=FACE_BOUND('',#3018,.T.);
#3360=FACE_BOUND('',#3019,.T.);
#3361=FACE_BOUND('',#3020,.T.);
#3362=FACE_BOUND('',#3021,.T.);
#3363=FACE_BOUND('',#3022,.T.);
#3364=FACE_BOUND('',#3023,.T.);
#3365=FACE_BOUND('',#3024,.T.);
#3366=FACE_BOUND('',#3025,.T.);
#3367=FACE_BOUND('',#3026,.T.);
#3368=FACE_BOUND('',#3027,.T.);
#3369=FACE_BOUND('',#3028,.T.);
#3370=FACE_BOUND('',#3029,.T.);
#3371=FACE_BOUND('',#3030,.T.);
#3372=FACE_BOUND('',#3031,.T.);
#3373=FACE_BOUND('',#3032,.T.);
#3374=FACE_BOUND('',#3033,.T.);
#3375=FACE_BOUND('',#3034,.T.);
#3376=FACE_BOUND('',#3035,.T.);
#3377=FACE_BOUND('',#3036,.T.);
#3378=FACE_BOUND('',#3037,.T.);
#3379=FACE_BOUND('',#3038,.T.);
#3380=FACE_BOUND('',#3039,.T.);
#3381=FACE_BOUND('',#3040,.T.);
#3382=FACE_BOUND('',#3041,.T.);
#3383=FACE_BOUND('',#3042,.T.);
#3384=FACE_BOUND('',#3043,.T.);
#3385=FACE_BOUND('',#3044,.T.);
#3386=FACE_BOUND('',#3045,.T.);
#3387=FACE_BOUND('',#3046,.T.);
#3388=FACE_BOUND('',#3047,.T.);
#3389=FACE_BOUND('',#3048,.T.);
#3390=FACE_BOUND('',#3049,.T.);
#3391=FACE_BOUND('',#3050,.T.);
#3392=FACE_BOUND('',#3051,.T.);
#3393=FACE_BOUND('',#3052,.T.);
#3394=FACE_BOUND('',#3053,.T.);
#3395=FACE_BOUND('',#3054,.T.);
#3396=FACE_BOUND('',#3055,.T.);
#3397=FACE_BOUND('',#3056,.T.);
#3398=FACE_BOUND('',#3057,.T.);
#3399=FACE_BOUND('',#3058,.T.);
#3400=FACE_BOUND('',#3059,.T.);
#3401=FACE_BOUND('',#3060,.T.);
#3402=FACE_BOUND('',#3061,.T.);
#3403=FACE_BOUND('',#3062,.T.);
#3404=FACE_BOUND('',#3063,.T.);
#3405=FACE_BOUND('',#3064,.T.);
#3406=FACE_BOUND('',#3065,.T.);
#3407=FACE_BOUND('',#3066,.T.);
#3408=FACE_BOUND('',#3067,.T.);
#3409=FACE_BOUND('',#3068,.T.);
#3410=FACE_BOUND('',#3069,.T.);
#3411=FACE_BOUND('',#3070,.T.);
#3412=FACE_BOUND('',#3071,.T.);
#3413=FACE_BOUND('',#3072,.T.);
#3414=FACE_BOUND('',#3073,.T.);
#3415=FACE_BOUND('',#3074,.T.);
#3416=FACE_BOUND('',#3075,.T.);
#3417=FACE_BOUND('',#3076,.T.);
#3418=FACE_BOUND('',#3077,.T.);
#3419=FACE_BOUND('',#3078,.T.);
#3420=FACE_BOUND('',#3079,.T.);
#3421=FACE_BOUND('',#3080,.T.);
#3422=FACE_BOUND('',#3081,.T.);
#3423=FACE_BOUND('',#3082,.T.);
#3424=FACE_BOUND('',#3083,.T.);
#3425=FACE_BOUND('',#3084,.T.);
#3426=FACE_BOUND('',#3085,.T.);
#3427=FACE_BOUND('',#3086,.T.);
#3428=FACE_BOUND('',#3087,.T.);
#3429=FACE_BOUND('',#3088,.T.);
#3430=FACE_BOUND('',#3089,.T.);
#3431=FACE_BOUND('',#3090,.T.);
#3432=FACE_BOUND('',#3091,.T.);
#3433=PLANE('',#3873);
#3434=PLANE('',#3878);
#3435=PLANE('',#3887);
#3436=PLANE('',#3888);
#3437=PLANE('',#3890);
#3438=PLANE('',#3891);
#3439=PLANE('',#3892);
#3440=PLANE('',#3897);
#3441=PLANE('',#3898);
#3442=PLANE('',#3899);
#3443=PLANE('',#3900);
#3444=PLANE('',#3901);
#3445=PLANE('',#3902);
#3446=PLANE('',#3903);
#3447=PLANE('',#3904);
#3448=PLANE('',#3905);
#3449=PLANE('',#3906);
#3450=PLANE('',#3907);
#3451=PLANE('',#3908);
#3452=PLANE('',#3909);
#3453=PLANE('',#3911);
#3454=PLANE('',#3912);
#3455=PLANE('',#3913);
#3456=PLANE('',#3914);
#3457=PLANE('',#3915);
#3458=PLANE('',#3916);
#3459=PLANE('',#3917);
#3460=PLANE('',#3918);
#3461=PLANE('',#3919);
#3462=PLANE('',#3922);
#3463=PLANE('',#3924);
#3464=PLANE('',#3925);
#3465=PLANE('',#3926);
#3466=PLANE('',#3927);
#3467=PLANE('',#3928);
#3468=PLANE('',#3929);
#3469=PLANE('',#3930);
#3470=PLANE('',#3933);
#3471=PLANE('',#3939);
#3472=PLANE('',#3947);
#3473=PLANE('',#3948);
#3474=PLANE('',#3949);
#3475=PLANE('',#3950);
#3476=PLANE('',#3951);
#3477=PLANE('',#3952);
#3478=PLANE('',#3973);
#3479=PLANE('',#3980);
#3480=PLANE('',#3984);
#3481=PLANE('',#3986);
#3482=PLANE('',#3996);
#3483=PLANE('',#4000);
#3484=PLANE('',#4009);
#3485=PLANE('',#4013);
#3486=PLANE('',#4015);
#3487=PLANE('',#4016);
#3488=PLANE('',#4017);
#3489=PLANE('',#4018);
#3490=PLANE('',#4019);
#3491=PLANE('',#4020);
#3492=PLANE('',#4021);
#3493=PLANE('',#4024);
#3494=PLANE('',#4030);
#3495=PLANE('',#4039);
#3496=PLANE('',#4041);
#3497=PLANE('',#4042);
#3498=PLANE('',#4043);
#3499=PLANE('',#4044);
#3500=PLANE('',#4045);
#3501=PLANE('',#4046);
#3502=PLANE('',#4047);
#3503=PLANE('',#4050);
#3504=PLANE('',#4056);
#3505=PLANE('',#4060);
#3506=PLANE('',#4064);
#3507=PLANE('',#4068);
#3508=PLANE('',#4069);
#3509=PLANE('',#4070);
#3510=PLANE('',#4074);
#3511=PLANE('',#4108);
#3512=PLANE('',#4109);
#3513=PLANE('',#4115);
#3514=PLANE('',#4122);
#3515=PLANE('',#4125);
#3516=PLANE('',#4133);
#3517=PLANE('',#4138);
#3518=PLANE('',#4157);
#3519=PLANE('',#4159);
#3520=PLANE('',#4161);
#3521=PLANE('',#4167);
#3522=PLANE('',#4168);
#3523=PLANE('',#4169);
#3524=PLANE('',#4171);
#3525=PLANE('',#4174);
#3526=PLANE('',#4181);
#3527=PLANE('',#4182);
#3528=PLANE('',#4183);
#3529=PLANE('',#4187);
#3530=PLANE('',#4198);
#3531=PLANE('',#4208);
#3532=PLANE('',#4209);
#3533=PLANE('',#4210);
#3534=PLANE('',#4211);
#3535=PLANE('',#4212);
#3536=PLANE('',#4213);
#3537=ADVANCED_FACE('',(#3092,#3093,#3094),#3433,.T.);
#3538=ADVANCED_FACE('',(#3095),#3434,.F.);
#3539=ADVANCED_FACE('',(#3096,#3097),#236,.T.);
#3540=ADVANCED_FACE('',(#3098),#237,.T.);
#3541=ADVANCED_FACE('',(#3099),#238,.T.);
#3542=ADVANCED_FACE('',(#3100),#239,.T.);
#3543=ADVANCED_FACE('',(#3101,#3102),#240,.T.);
#3544=ADVANCED_FACE('',(#3103),#3435,.T.);
#3545=ADVANCED_FACE('',(#3104,#3105),#3436,.T.);
#3546=ADVANCED_FACE('',(#3106),#3437,.F.);
#3547=ADVANCED_FACE('',(#3107),#3438,.T.);
#3548=ADVANCED_FACE('',(#3108),#3439,.T.);
#3549=ADVANCED_FACE('',(#3109,#3110),#186,.F.);
#3550=ADVANCED_FACE('',(#3111,#3112),#187,.F.);
#3551=ADVANCED_FACE('',(#3113,#3114),#3440,.F.);
#3552=ADVANCED_FACE('',(#3115),#3441,.F.);
#3553=ADVANCED_FACE('',(#3116),#3442,.F.);
#3554=ADVANCED_FACE('',(#3117),#3443,.F.);
#3555=ADVANCED_FACE('',(#3118),#3444,.F.);
#3556=ADVANCED_FACE('',(#3119),#3445,.F.);
#3557=ADVANCED_FACE('',(#3120,#3121),#3446,.F.);
#3558=ADVANCED_FACE('',(#3122),#3447,.T.);
#3559=ADVANCED_FACE('',(#3123),#3448,.T.);
#3560=ADVANCED_FACE('',(#3124),#3449,.T.);
#3561=ADVANCED_FACE('',(#3125),#3450,.T.);
#3562=ADVANCED_FACE('',(#3126),#3451,.T.);
#3563=ADVANCED_FACE('',(#3127),#241,.F.);
#3564=ADVANCED_FACE('',(#3128),#242,.F.);
#3565=ADVANCED_FACE('',(#3129),#243,.F.);
#3566=ADVANCED_FACE('',(#3130),#244,.F.);
#3567=ADVANCED_FACE('',(#3131),#245,.F.);
#3568=ADVANCED_FACE('',(#3132),#246,.F.);
#3569=ADVANCED_FACE('',(#3133,#3134),#3452,.F.);
#3570=ADVANCED_FACE('',(#3135),#3453,.T.);
#3571=ADVANCED_FACE('',(#3136),#3454,.F.);
#3572=ADVANCED_FACE('',(#3137),#3455,.F.);
#3573=ADVANCED_FACE('',(#3138),#3456,.T.);
#3574=ADVANCED_FACE('',(#3139),#3457,.T.);
#3575=ADVANCED_FACE('',(#3140),#3458,.T.);
#3576=ADVANCED_FACE('',(#3141),#3459,.F.);
#3577=ADVANCED_FACE('',(#3142),#3460,.F.);
#3578=ADVANCED_FACE('',(#3143),#3461,.F.);
#3579=ADVANCED_FACE('',(#3144,#3145),#188,.F.);
#3580=ADVANCED_FACE('',(#3146,#3147),#3462,.T.);
#3581=ADVANCED_FACE('',(#3148),#3463,.F.);
#3582=ADVANCED_FACE('',(#3149),#3464,.F.);
#3583=ADVANCED_FACE('',(#3150),#3465,.F.);
#3584=ADVANCED_FACE('',(#3151),#3466,.F.);
#3585=ADVANCED_FACE('',(#3152),#3467,.F.);
#3586=ADVANCED_FACE('',(#3153),#3468,.F.);
#3587=ADVANCED_FACE('',(#3154),#3469,.T.);
#3588=ADVANCED_FACE('',(#3155,#3156),#34,.T.);
#3589=ADVANCED_FACE('',(#3157,#3158),#3470,.F.);
#3590=ADVANCED_FACE('',(#3159,#3160),#189,.T.);
#3591=ADVANCED_FACE('',(#3161,#3162),#190,.T.);
#3592=ADVANCED_FACE('',(#3163),#3471,.T.);
#3593=ADVANCED_FACE('',(#3164,#3165),#15,.T.);
#3594=ADVANCED_FACE('',(#3166,#3167),#191,.F.);
#3595=ADVANCED_FACE('',(#3168),#3472,.F.);
#3596=ADVANCED_FACE('',(#3169),#3473,.F.);
#3597=ADVANCED_FACE('',(#3170),#3474,.F.);
#3598=ADVANCED_FACE('',(#3171),#3475,.F.);
#3599=ADVANCED_FACE('',(#3172),#3476,.F.);
#3600=ADVANCED_FACE('',(#3173),#3477,.F.);
#3601=ADVANCED_FACE('',(#3174),#16,.T.);
#3602=ADVANCED_FACE('',(#3175),#17,.T.);
#3603=ADVANCED_FACE('',(#3176),#18,.T.);
#3604=ADVANCED_FACE('',(#3177),#19,.T.);
#3605=ADVANCED_FACE('',(#3178),#20,.T.);
#3606=ADVANCED_FACE('',(#3179),#21,.T.);
#3607=ADVANCED_FACE('',(#3180),#22,.T.);
#3608=ADVANCED_FACE('',(#3181),#23,.T.);
#3609=ADVANCED_FACE('',(#3182),#24,.T.);
#3610=ADVANCED_FACE('',(#3183),#25,.T.);
#3611=ADVANCED_FACE('',(#3184,#3185),#3478,.T.);
#3612=ADVANCED_FACE('',(#3186),#26,.T.);
#3613=ADVANCED_FACE('',(#3187),#27,.T.);
#3614=ADVANCED_FACE('',(#3188,#3189),#14,.T.);
#3615=ADVANCED_FACE('',(#3190,#3191),#3479,.T.);
#3616=ADVANCED_FACE('',(#3192,#3193),#192,.F.);
#3617=ADVANCED_FACE('',(#3194,#3195),#3480,.T.);
#3618=ADVANCED_FACE('',(#3196),#3481,.F.);
#3619=ADVANCED_FACE('',(#3197,#3198),#193,.T.);
#3620=ADVANCED_FACE('',(#3199,#3200),#28,.F.);
#3621=ADVANCED_FACE('',(#3201,#3202),#12,.T.);
#3622=ADVANCED_FACE('',(#3203,#3204),#194,.T.);
#3623=ADVANCED_FACE('',(#3205,#3206),#3482,.T.);
#3624=ADVANCED_FACE('',(#3207,#3208),#195,.T.);
#3625=ADVANCED_FACE('',(#3209,#3210),#3483,.T.);
#3626=ADVANCED_FACE('',(#3211,#3212),#29,.T.);
#3627=ADVANCED_FACE('',(#3213,#3214),#196,.T.);
#3628=ADVANCED_FACE('',(#3215,#3216),#30,.T.);
#3629=ADVANCED_FACE('',(#3217),#3484,.T.);
#3630=ADVANCED_FACE('',(#3218,#3219),#31,.T.);
#3631=ADVANCED_FACE('',(#3220,#3221),#3485,.T.);
#3632=ADVANCED_FACE('',(#3222),#3486,.F.);
#3633=ADVANCED_FACE('',(#3223),#3487,.F.);
#3634=ADVANCED_FACE('',(#3224),#3488,.F.);
#3635=ADVANCED_FACE('',(#3225),#3489,.F.);
#3636=ADVANCED_FACE('',(#3226),#3490,.F.);
#3637=ADVANCED_FACE('',(#3227),#3491,.F.);
#3638=ADVANCED_FACE('',(#3228),#3492,.T.);
#3639=ADVANCED_FACE('',(#3229,#3230),#35,.T.);
#3640=ADVANCED_FACE('',(#3231,#3232),#3493,.F.);
#3641=ADVANCED_FACE('',(#3233,#3234),#197,.T.);
#3642=ADVANCED_FACE('',(#3235,#3236),#198,.T.);
#3643=ADVANCED_FACE('',(#3237),#3494,.T.);
#3644=ADVANCED_FACE('',(#3238,#3239),#32,.T.);
#3645=ADVANCED_FACE('',(#3240,#3241),#3495,.T.);
#3646=ADVANCED_FACE('',(#3242),#3496,.F.);
#3647=ADVANCED_FACE('',(#3243),#3497,.F.);
#3648=ADVANCED_FACE('',(#3244),#3498,.F.);
#3649=ADVANCED_FACE('',(#3245),#3499,.F.);
#3650=ADVANCED_FACE('',(#3246),#3500,.F.);
#3651=ADVANCED_FACE('',(#3247),#3501,.F.);
#3652=ADVANCED_FACE('',(#3248),#3502,.T.);
#3653=ADVANCED_FACE('',(#3249,#3250),#36,.T.);
#3654=ADVANCED_FACE('',(#3251,#3252),#3503,.F.);
#3655=ADVANCED_FACE('',(#3253,#3254),#199,.T.);
#3656=ADVANCED_FACE('',(#3255,#3256),#200,.T.);
#3657=ADVANCED_FACE('',(#3257),#3504,.T.);
#3658=ADVANCED_FACE('',(#3258,#3259),#33,.T.);
#3659=ADVANCED_FACE('',(#3260),#3505,.T.);
#3660=ADVANCED_FACE('',(#3261),#201,.T.);
#3661=ADVANCED_FACE('',(#3262),#3506,.T.);
#3662=ADVANCED_FACE('',(#3263),#202,.T.);
#3663=ADVANCED_FACE('',(#3264),#3507,.F.);
#3664=ADVANCED_FACE('',(#3265),#3508,.T.);
#3665=ADVANCED_FACE('',(#3266),#3509,.F.);
#3666=ADVANCED_FACE('',(#3267),#203,.T.);
#3667=ADVANCED_FACE('',(#3268),#3510,.T.);
#3668=ADVANCED_FACE('',(#3269,#3270),#204,.F.);
#3669=ADVANCED_FACE('',(#3271,#3272),#205,.F.);
#3670=ADVANCED_FACE('',(#3273,#3274),#206,.F.);
#3671=ADVANCED_FACE('',(#3275,#3276),#207,.F.);
#3672=ADVANCED_FACE('',(#3277,#3278),#208,.F.);
#3673=ADVANCED_FACE('',(#3279,#3280),#209,.F.);
#3674=ADVANCED_FACE('',(#3281,#3282),#210,.F.);
#3675=ADVANCED_FACE('',(#3283,#3284),#211,.F.);
#3676=ADVANCED_FACE('',(#3285,#3286),#212,.F.);
#3677=ADVANCED_FACE('',(#3287,#3288),#213,.F.);
#3678=ADVANCED_FACE('',(#3289),#214,.T.);
#3679=ADVANCED_FACE('',(#3290,#3291,#3292,#3293,#3294,#3295,#3296,#3297,
#3298,#3299,#3300),#3511,.T.);
#3680=ADVANCED_FACE('',(#3301,#3302,#3303,#3304,#3305,#3306,#3307,#3308,
#3309,#3310,#3311),#3512,.F.);
#3681=ADVANCED_FACE('',(#3312,#3313),#247,.F.);
#3682=ADVANCED_FACE('',(#3314),#248,.T.);
#3683=ADVANCED_FACE('',(#3315),#249,.T.);
#3684=ADVANCED_FACE('',(#3316),#250,.T.);
#3685=ADVANCED_FACE('',(#3317),#251,.T.);
#3686=ADVANCED_FACE('',(#3318),#252,.T.);
#3687=ADVANCED_FACE('',(#3319),#253,.T.);
#3688=ADVANCED_FACE('',(#3320,#3321,#3322,#3323,#3324,#3325,#3326),#3513,
 .F.);
#3689=ADVANCED_FACE('',(#3327,#3328,#3329),#3514,.F.);
#3690=ADVANCED_FACE('',(#3330),#254,.F.);
#3691=ADVANCED_FACE('',(#3331),#255,.F.);
#3692=ADVANCED_FACE('',(#3332),#256,.F.);
#3693=ADVANCED_FACE('',(#3333),#257,.F.);
#3694=ADVANCED_FACE('',(#3334,#3335,#3336,#3337,#3338,#3339,#3340),#3515,
 .T.);
#3695=ADVANCED_FACE('',(#3341,#3342,#3343),#3516,.T.);
#3696=ADVANCED_FACE('',(#3344,#3345),#215,.F.);
#3697=ADVANCED_FACE('',(#3346,#3347),#216,.F.);
#3698=ADVANCED_FACE('',(#3348),#3517,.F.);
#3699=ADVANCED_FACE('',(#3349),#217,.F.);
#3700=ADVANCED_FACE('',(#3350,#3351),#218,.F.);
#3701=ADVANCED_FACE('',(#3352,#3353),#219,.F.);
#3702=ADVANCED_FACE('',(#3354,#3355),#220,.F.);
#3703=ADVANCED_FACE('',(#3356,#3357),#221,.F.);
#3704=ADVANCED_FACE('',(#3358,#3359),#222,.F.);
#3705=ADVANCED_FACE('',(#3360,#3361),#223,.F.);
#3706=ADVANCED_FACE('',(#3362),#224,.F.);
#3707=ADVANCED_FACE('',(#3363),#258,.F.);
#3708=ADVANCED_FACE('',(#3364),#259,.F.);
#3709=ADVANCED_FACE('',(#3365),#260,.F.);
#3710=ADVANCED_FACE('',(#3366,#3367),#261,.F.);
#3711=ADVANCED_FACE('',(#3368),#262,.T.);
#3712=ADVANCED_FACE('',(#3369),#263,.T.);
#3713=ADVANCED_FACE('',(#3370),#264,.T.);
#3714=ADVANCED_FACE('',(#3371,#3372),#225,.F.);
#3715=ADVANCED_FACE('',(#3373),#3518,.F.);
#3716=ADVANCED_FACE('',(#3374),#10,.T.);
#3717=ADVANCED_FACE('',(#3375),#11,.T.);
#3718=ADVANCED_FACE('',(#3376),#265,.T.);
#3719=ADVANCED_FACE('',(#3377),#266,.T.);
#3720=ADVANCED_FACE('',(#3378),#267,.T.);
#3721=ADVANCED_FACE('',(#3379),#268,.T.);
#3722=ADVANCED_FACE('',(#3380,#3381),#3519,.F.);
#3723=ADVANCED_FACE('',(#3382,#3383,#3384,#3385,#3386,#3387,#3388),#3520,
 .T.);
#3724=ADVANCED_FACE('',(#3389),#3521,.T.);
#3725=ADVANCED_FACE('',(#3390),#3522,.F.);
#3726=ADVANCED_FACE('',(#3391,#3392),#3523,.F.);
#3727=ADVANCED_FACE('',(#3393),#269,.F.);
#3728=ADVANCED_FACE('',(#3394),#270,.F.);
#3729=ADVANCED_FACE('',(#3395,#3396),#3524,.T.);
#3730=ADVANCED_FACE('',(#3397,#3398,#3399,#3400,#3401,#3402,#3403),#3525,
 .F.);
#3731=ADVANCED_FACE('',(#3404),#3526,.F.);
#3732=ADVANCED_FACE('',(#3405),#3527,.T.);
#3733=ADVANCED_FACE('',(#3406,#3407),#3528,.T.);
#3734=ADVANCED_FACE('',(#3408,#3409),#226,.F.);
#3735=ADVANCED_FACE('',(#3410,#3411),#227,.F.);
#3736=ADVANCED_FACE('',(#3412),#3529,.T.);
#3737=ADVANCED_FACE('',(#3413),#228,.F.);
#3738=ADVANCED_FACE('',(#3414,#3415),#229,.F.);
#3739=ADVANCED_FACE('',(#3416,#3417),#230,.F.);
#3740=ADVANCED_FACE('',(#3418,#3419),#231,.F.);
#3741=ADVANCED_FACE('',(#3420,#3421),#232,.F.);
#3742=ADVANCED_FACE('',(#3422,#3423),#233,.F.);
#3743=ADVANCED_FACE('',(#3424),#234,.F.);
#3744=ADVANCED_FACE('',(#3425),#235,.F.);
#3745=ADVANCED_FACE('',(#3426),#3530,.F.);
#3746=ADVANCED_FACE('',(#3427),#3531,.T.);
#3747=ADVANCED_FACE('',(#3428),#3532,.F.);
#3748=ADVANCED_FACE('',(#3429),#3533,.F.);
#3749=ADVANCED_FACE('',(#3430),#3534,.T.);
#3750=ADVANCED_FACE('',(#3431),#3535,.T.);
#3751=ADVANCED_FACE('',(#3432),#3536,.F.);
#3752=CLOSED_SHELL('',(#3537,#3538,#3539,#3540,#3541,#3542,#3543,#3544,
#3545,#3546,#3547,#3548,#3549,#3550,#3551,#3552,#3553,#3554,#3555,#3556,
#3557,#3558,#3559,#3560,#3561,#3562,#3563,#3564,#3565,#3566,#3567,#3568,
#3569,#3570,#3571,#3572,#3573,#3574,#3575,#3576,#3577,#3578,#3579));
#3753=CLOSED_SHELL('',(#3580,#3581,#3582,#3583,#3584,#3585,#3586,#3587,
#3588,#3589,#3590,#3591,#3592,#3593));
#3754=CLOSED_SHELL('',(#3594,#3595,#3596,#3597,#3598,#3599,#3600,#3601,
#3602,#3603,#3604,#3605,#3606,#3607,#3608,#3609,#3610,#3611,#3612,#3613,
#3614,#3615,#3616,#3617));
#3755=CLOSED_SHELL('',(#3618,#3619,#3620,#3621,#3622,#3623,#3624,#3625,
#3626,#3627,#3628,#3629,#3630));
#3756=CLOSED_SHELL('',(#3631,#3632,#3633,#3634,#3635,#3636,#3637,#3638,
#3639,#3640,#3641,#3642,#3643,#3644));
#3757=CLOSED_SHELL('',(#3645,#3646,#3647,#3648,#3649,#3650,#3651,#3652,
#3653,#3654,#3655,#3656,#3657,#3658));
#3758=CLOSED_SHELL('',(#3659,#3660,#3661,#3662,#3663,#3664,#3665,#3666,
#3667,#3668,#3669,#3670,#3671,#3672,#3673,#3674,#3675,#3676,#3677,#3678,
#3679,#3680));
#3759=CLOSED_SHELL('',(#3681,#3682,#3683,#3684,#3685,#3686,#3687,#3688,
#3689,#3690,#3691,#3692,#3693,#3694,#3695,#3696,#3697,#3698,#3699,#3700,
#3701,#3702,#3703,#3704,#3705,#3706));
#3760=CLOSED_SHELL('',(#3707,#3708,#3709,#3710,#3711,#3712,#3713,#3714,
#3715,#3716,#3717,#3718,#3719,#3720,#3721,#3722,#3723,#3724,#3725,#3726,
#3727,#3728,#3729,#3730,#3731,#3732,#3733,#3734,#3735,#3736,#3737,#3738,
#3739,#3740,#3741,#3742,#3743,#3744,#3745));
#3761=CLOSED_SHELL('',(#3746,#3747,#3748,#3749,#3750,#3751));
#3762=STYLED_ITEM('',(#3772),#3840);
#3763=STYLED_ITEM('',(#3773),#3841);
#3764=STYLED_ITEM('',(#3774),#3842);
#3765=STYLED_ITEM('',(#3776),#3843);
#3766=STYLED_ITEM('',(#3777),#3844);
#3767=STYLED_ITEM('',(#3778),#3845);
#3768=STYLED_ITEM('',(#3779),#3846);
#3769=STYLED_ITEM('',(#3780),#3847);
#3770=STYLED_ITEM('',(#3781),#3848);
#3771=STYLED_ITEM('',(#3782),#3849);
#3772=PRESENTATION_STYLE_ASSIGNMENT((#3783));
#3773=PRESENTATION_STYLE_ASSIGNMENT((#3784));
#3774=PRESENTATION_STYLE_ASSIGNMENT((#3785));
#3775=PRESENTATION_STYLE_ASSIGNMENT((#3786));
#3776=PRESENTATION_STYLE_ASSIGNMENT((#3787));
#3777=PRESENTATION_STYLE_ASSIGNMENT((#3788));
#3778=PRESENTATION_STYLE_ASSIGNMENT((#3789));
#3779=PRESENTATION_STYLE_ASSIGNMENT((#3790));
#3780=PRESENTATION_STYLE_ASSIGNMENT((#3791));
#3781=PRESENTATION_STYLE_ASSIGNMENT((#3792));
#3782=PRESENTATION_STYLE_ASSIGNMENT((#3793));
#3783=SURFACE_STYLE_USAGE(.BOTH.,#3794);
#3784=SURFACE_STYLE_USAGE(.BOTH.,#3795);
#3785=SURFACE_STYLE_USAGE(.BOTH.,#3796);
#3786=SURFACE_STYLE_USAGE(.BOTH.,#3797);
#3787=SURFACE_STYLE_USAGE(.BOTH.,#3798);
#3788=SURFACE_STYLE_USAGE(.BOTH.,#3799);
#3789=SURFACE_STYLE_USAGE(.BOTH.,#3800);
#3790=SURFACE_STYLE_USAGE(.BOTH.,#3801);
#3791=SURFACE_STYLE_USAGE(.BOTH.,#3802);
#3792=SURFACE_STYLE_USAGE(.BOTH.,#3803);
#3793=SURFACE_STYLE_USAGE(.BOTH.,#3804);
#3794=SURFACE_SIDE_STYLE('',(#3805));
#3795=SURFACE_SIDE_STYLE('',(#3806));
#3796=SURFACE_SIDE_STYLE('',(#3807));
#3797=SURFACE_SIDE_STYLE('',(#3808));
#3798=SURFACE_SIDE_STYLE('',(#3809));
#3799=SURFACE_SIDE_STYLE('',(#3810));
#3800=SURFACE_SIDE_STYLE('',(#3811));
#3801=SURFACE_SIDE_STYLE('',(#3812));
#3802=SURFACE_SIDE_STYLE('',(#3813));
#3803=SURFACE_SIDE_STYLE('',(#3814));
#3804=SURFACE_SIDE_STYLE('',(#3815));
#3805=SURFACE_STYLE_FILL_AREA(#3816);
#3806=SURFACE_STYLE_FILL_AREA(#3817);
#3807=SURFACE_STYLE_FILL_AREA(#3818);
#3808=SURFACE_STYLE_FILL_AREA(#3819);
#3809=SURFACE_STYLE_FILL_AREA(#3820);
#3810=SURFACE_STYLE_FILL_AREA(#3821);
#3811=SURFACE_STYLE_FILL_AREA(#3822);
#3812=SURFACE_STYLE_FILL_AREA(#3823);
#3813=SURFACE_STYLE_FILL_AREA(#3824);
#3814=SURFACE_STYLE_FILL_AREA(#3825);
#3815=SURFACE_STYLE_FILL_AREA(#3826);
#3816=FILL_AREA_STYLE('',(#3827));
#3817=FILL_AREA_STYLE('',(#3828));
#3818=FILL_AREA_STYLE('',(#3829));
#3819=FILL_AREA_STYLE('',(#3830));
#3820=FILL_AREA_STYLE('',(#3831));
#3821=FILL_AREA_STYLE('',(#3832));
#3822=FILL_AREA_STYLE('',(#3833));
#3823=FILL_AREA_STYLE('',(#3834));
#3824=FILL_AREA_STYLE('',(#3835));
#3825=FILL_AREA_STYLE('',(#3836));
#3826=FILL_AREA_STYLE('',(#3837));
#3827=FILL_AREA_STYLE_COLOUR('',#3838);
#3828=FILL_AREA_STYLE_COLOUR('',#37);
#3829=FILL_AREA_STYLE_COLOUR('',#38);
#3830=FILL_AREA_STYLE_COLOUR('',#3839);
#3831=FILL_AREA_STYLE_COLOUR('',#39);
#3832=FILL_AREA_STYLE_COLOUR('',#37);
#3833=FILL_AREA_STYLE_COLOUR('',#37);
#3834=FILL_AREA_STYLE_COLOUR('',#40);
#3835=FILL_AREA_STYLE_COLOUR('',#3838);
#3836=FILL_AREA_STYLE_COLOUR('',#3838);
#3837=FILL_AREA_STYLE_COLOUR('',#41);
#3838=DRAUGHTING_PRE_DEFINED_COLOUR('red');
#3839=DRAUGHTING_PRE_DEFINED_COLOUR('white');
#3840=MANIFOLD_SOLID_BREP('Part 3',#3752);
#3841=MANIFOLD_SOLID_BREP('#10-32 x 3/8" L BHCS (Steel, Black Oxide)',#3753);
#3842=MANIFOLD_SOLID_BREP('#10-32 Thin Nylon-Insert Locknut',#3754);
#3843=MANIFOLD_SOLID_BREP(
'3/16" Blind Rivet (.250" - .438" Grip Length, Aluminum)',#3755);
#3844=MANIFOLD_SOLID_BREP('#10-32 x 1-1/2" L BHCS (Steel, Black Oxide)',
#3756);
#3845=MANIFOLD_SOLID_BREP('#10-32 x 1-1/4" L BHCS (Steel, Black Oxide)',
#3757);
#3846=MANIFOLD_SOLID_BREP('intake picam mount',#3758);
#3847=MANIFOLD_SOLID_BREP('left rear picam mount',#3759);
#3848=MANIFOLD_SOLID_BREP('right rear picam mount',#3760);
#3849=MANIFOLD_SOLID_BREP('Origin Cube',#3761);
#3850=SHAPE_DEFINITION_REPRESENTATION(#8912,#3861);
#3851=SHAPE_DEFINITION_REPRESENTATION(#8913,#3862);
#3852=SHAPE_DEFINITION_REPRESENTATION(#8915,#3863);
#3853=SHAPE_DEFINITION_REPRESENTATION(#8918,#3864);
#3854=SHAPE_DEFINITION_REPRESENTATION(#8920,#3865);
#3855=SHAPE_DEFINITION_REPRESENTATION(#8923,#3866);
#3856=SHAPE_DEFINITION_REPRESENTATION(#8930,#3867);
#3857=SHAPE_DEFINITION_REPRESENTATION(#8932,#3868);
#3858=SHAPE_DEFINITION_REPRESENTATION(#8936,#3869);
#3859=SHAPE_DEFINITION_REPRESENTATION(#8942,#3870);
#3860=SHAPE_DEFINITION_REPRESENTATION(#8952,#3871);
#3861=SHAPE_REPRESENTATION('Assembly 2',(#3872,#3921,#3942,#3943,#3985,
#4011,#4012,#4033,#4034,#4035,#4036,#4037,#4038,#4059,#4110,#4111,#4112,
#4148,#4149,#4150,#4151,#4152,#4199,#4200,#4201,#4202,#4203,#4204,#4205,
#4206,#4207,#4214),#8887);
#3862=SHAPE_REPRESENTATION('Part 3',(#3872),#8888);
#3863=SHAPE_REPRESENTATION('#10-32 x 3/8" L BHCS (Steel, Black Oxide)',
(#3872),#8889);
#3864=SHAPE_REPRESENTATION('#10-32 Thin Nylon-Insert Locknut',(#3872),#8890);
#3865=SHAPE_REPRESENTATION(
'3/16" Blind Rivet (.250" - .438" Grip Length, Aluminum)',(#3872),#8891);
#3866=SHAPE_REPRESENTATION(
'#10-32 x 1-1/2" L BHCS (Steel, Black Oxide)',(#3872),#8892);
#3867=SHAPE_REPRESENTATION(
'#10-32 x 1-1/4" L BHCS (Steel, Black Oxide)',(#3872),#8893);
#3868=SHAPE_REPRESENTATION('intake picam mount',(#3872),#8894);
#3869=SHAPE_REPRESENTATION('left rear picam mount',(#3872),#8895);
#3870=SHAPE_REPRESENTATION('right rear picam mount',(#3872),#8896);
#3871=SHAPE_REPRESENTATION('Origin Cube',(#3872),#8897);
#3872=AXIS2_PLACEMENT_3D('',#5100,#4215,#4216);
#3873=AXIS2_PLACEMENT_3D('',#5101,#4217,#4218);
#3874=AXIS2_PLACEMENT_3D('',#5102,#4219,#4220);
#3875=AXIS2_PLACEMENT_3D('',#5104,#4221,#4222);
#3876=AXIS2_PLACEMENT_3D('',#5115,#4227,#4228);
#3877=AXIS2_PLACEMENT_3D('',#5123,#4232,#4233);
#3878=AXIS2_PLACEMENT_3D('',#5179,#4244,#4245);
#3879=AXIS2_PLACEMENT_3D('',#5420,#4253,#4254);
#3880=AXIS2_PLACEMENT_3D('',#5422,#4255,#4256);
#3881=AXIS2_PLACEMENT_3D('',#5424,#4257,#4258);
#3882=AXIS2_PLACEMENT_3D('',#5547,#4262,#4263);
#3883=AXIS2_PLACEMENT_3D('',#5584,#4264,#4265);
#3884=AXIS2_PLACEMENT_3D('',#5856,#4268,#4269);
#3885=AXIS2_PLACEMENT_3D('',#5858,#4270,#4271);
#3886=AXIS2_PLACEMENT_3D('',#5860,#4272,#4273);
#3887=AXIS2_PLACEMENT_3D('',#5861,#4274,#4275);
#3888=AXIS2_PLACEMENT_3D('',#5863,#4277,#4278);
#3889=AXIS2_PLACEMENT_3D('',#5864,#4279,#4280);
#3890=AXIS2_PLACEMENT_3D('',#5866,#4281,#4282);
#3891=AXIS2_PLACEMENT_3D('',#5868,#4284,#4285);
#3892=AXIS2_PLACEMENT_3D('',#5870,#4287,#4288);
#3893=AXIS2_PLACEMENT_3D('',#5871,#4289,#4290);
#3894=AXIS2_PLACEMENT_3D('',#5872,#4291,#4292);
#3895=AXIS2_PLACEMENT_3D('',#5874,#4293,#4294);
#3896=AXIS2_PLACEMENT_3D('',#5875,#4295,#4296);
#3897=AXIS2_PLACEMENT_3D('',#5877,#4297,#4298);
#3898=AXIS2_PLACEMENT_3D('',#5887,#4304,#4305);
#3899=AXIS2_PLACEMENT_3D('',#5889,#4307,#4308);
#3900=AXIS2_PLACEMENT_3D('',#5891,#4310,#4311);
#3901=AXIS2_PLACEMENT_3D('',#5893,#4313,#4314);
#3902=AXIS2_PLACEMENT_3D('',#5895,#4316,#4317);
#3903=AXIS2_PLACEMENT_3D('',#5896,#4318,#4319);
#3904=AXIS2_PLACEMENT_3D('',#5906,#4325,#4326);
#3905=AXIS2_PLACEMENT_3D('',#5909,#4329,#4330);
#3906=AXIS2_PLACEMENT_3D('',#5911,#4332,#4333);
#3907=AXIS2_PLACEMENT_3D('',#5913,#4335,#4336);
#3908=AXIS2_PLACEMENT_3D('',#5914,#4337,#4338);
#3909=AXIS2_PLACEMENT_3D('',#6524,#4339,#4340);
#3910=AXIS2_PLACEMENT_3D('',#6525,#4341,#4342);
#3911=AXIS2_PLACEMENT_3D('',#6527,#4343,#4344);
#3912=AXIS2_PLACEMENT_3D('',#6529,#4346,#4347);
#3913=AXIS2_PLACEMENT_3D('',#6531,#4349,#4350);
#3914=AXIS2_PLACEMENT_3D('',#6532,#4351,#4352);
#3915=AXIS2_PLACEMENT_3D('',#6534,#4354,#4355);
#3916=AXIS2_PLACEMENT_3D('',#6536,#4357,#4358);
#3917=AXIS2_PLACEMENT_3D('',#6537,#4359,#4360);
#3918=AXIS2_PLACEMENT_3D('',#6539,#4362,#4363);
#3919=AXIS2_PLACEMENT_3D('',#6541,#4365,#4366);
#3920=AXIS2_PLACEMENT_3D('',#6542,#4367,#4368);
#3921=AXIS2_PLACEMENT_3D('',#6543,#4369,#4370);
#3922=AXIS2_PLACEMENT_3D('',#6544,#4371,#4372);
#3923=AXIS2_PLACEMENT_3D('',#6557,#4379,#4380);
#3924=AXIS2_PLACEMENT_3D('',#6559,#4381,#4382);
#3925=AXIS2_PLACEMENT_3D('',#6565,#4386,#4387);
#3926=AXIS2_PLACEMENT_3D('',#6569,#4390,#4391);
#3927=AXIS2_PLACEMENT_3D('',#6573,#4394,#4395);
#3928=AXIS2_PLACEMENT_3D('',#6577,#4398,#4399);
#3929=AXIS2_PLACEMENT_3D('',#6581,#4402,#4403);
#3930=AXIS2_PLACEMENT_3D('',#6583,#4405,#4406);
#3931=AXIS2_PLACEMENT_3D('',#6584,#4407,#4408);
#3932=AXIS2_PLACEMENT_3D('',#6585,#4409,#4410);
#3933=AXIS2_PLACEMENT_3D('',#6587,#4411,#4412);
#3934=AXIS2_PLACEMENT_3D('',#6588,#4413,#4414);
#3935=AXIS2_PLACEMENT_3D('',#6590,#4415,#4416);
#3936=AXIS2_PLACEMENT_3D('',#6592,#4417,#4418);
#3937=AXIS2_PLACEMENT_3D('',#6593,#4419,#4420);
#3938=AXIS2_PLACEMENT_3D('',#6594,#4421,#4422);
#3939=AXIS2_PLACEMENT_3D('',#6596,#4423,#4424);
#3940=AXIS2_PLACEMENT_3D('',#6597,#4425,#4426);
#3941=AXIS2_PLACEMENT_3D('',#6599,#4427,#4428);
#3942=AXIS2_PLACEMENT_3D('',#6600,#4429,#4430);
#3943=AXIS2_PLACEMENT_3D('',#6601,#4431,#4432);
#3944=AXIS2_PLACEMENT_3D('',#6602,#4433,#4434);
#3945=AXIS2_PLACEMENT_3D('',#6603,#4435,#4436);
#3946=AXIS2_PLACEMENT_3D('',#6605,#4437,#4438);
#3947=AXIS2_PLACEMENT_3D('',#6607,#4439,#4440);
#3948=AXIS2_PLACEMENT_3D('',#6632,#4443,#4444);
#3949=AXIS2_PLACEMENT_3D('',#6654,#4446,#4447);
#3950=AXIS2_PLACEMENT_3D('',#6676,#4449,#4450);
#3951=AXIS2_PLACEMENT_3D('',#6698,#4452,#4453);
#3952=AXIS2_PLACEMENT_3D('',#6720,#4455,#4456);
#3953=AXIS2_PLACEMENT_3D('',#6739,#4457,#4458);
#3954=AXIS2_PLACEMENT_3D('',#6740,#4459,#4460);
#3955=AXIS2_PLACEMENT_3D('',#6741,#4461,#4462);
#3956=AXIS2_PLACEMENT_3D('',#6742,#4463,#4464);
#3957=AXIS2_PLACEMENT_3D('',#6743,#4465,#4466);
#3958=AXIS2_PLACEMENT_3D('',#6744,#4467,#4468);
#3959=AXIS2_PLACEMENT_3D('',#6745,#4469,#4470);
#3960=AXIS2_PLACEMENT_3D('',#6746,#4471,#4472);
#3961=AXIS2_PLACEMENT_3D('',#6747,#4473,#4474);
#3962=AXIS2_PLACEMENT_3D('',#6748,#4475,#4476);
#3963=AXIS2_PLACEMENT_3D('',#6749,#4477,#4478);
#3964=AXIS2_PLACEMENT_3D('',#6750,#4479,#4480);
#3965=AXIS2_PLACEMENT_3D('',#6751,#4481,#4482);
#3966=AXIS2_PLACEMENT_3D('',#6752,#4483,#4484);
#3967=AXIS2_PLACEMENT_3D('',#6753,#4485,#4486);
#3968=AXIS2_PLACEMENT_3D('',#6754,#4487,#4488);
#3969=AXIS2_PLACEMENT_3D('',#6755,#4489,#4490);
#3970=AXIS2_PLACEMENT_3D('',#6756,#4491,#4492);
#3971=AXIS2_PLACEMENT_3D('',#6757,#4493,#4494);
#3972=AXIS2_PLACEMENT_3D('',#6758,#4495,#4496);
#3973=AXIS2_PLACEMENT_3D('',#6759,#4497,#4498);
#3974=AXIS2_PLACEMENT_3D('',#6760,#4499,#4500);
#3975=AXIS2_PLACEMENT_3D('',#6762,#4501,#4502);
#3976=AXIS2_PLACEMENT_3D('',#6763,#4503,#4504);
#3977=AXIS2_PLACEMENT_3D('',#6764,#4505,#4506);
#3978=AXIS2_PLACEMENT_3D('',#6765,#4507,#4508);
#3979=AXIS2_PLACEMENT_3D('',#6766,#4509,#4510);
#3980=AXIS2_PLACEMENT_3D('',#6767,#4511,#4512);
#3981=AXIS2_PLACEMENT_3D('',#6768,#4513,#4514);
#3982=AXIS2_PLACEMENT_3D('',#6770,#4515,#4516);
#3983=AXIS2_PLACEMENT_3D('',#6771,#4517,#4518);
#3984=AXIS2_PLACEMENT_3D('',#6773,#4519,#4520);
#3985=AXIS2_PLACEMENT_3D('',#6774,#4521,#4522);
#3986=AXIS2_PLACEMENT_3D('',#6775,#4523,#4524);
#3987=AXIS2_PLACEMENT_3D('',#6776,#4525,#4526);
#3988=AXIS2_PLACEMENT_3D('',#6778,#4527,#4528);
#3989=AXIS2_PLACEMENT_3D('',#6779,#4529,#4530);
#3990=AXIS2_PLACEMENT_3D('',#6781,#4531,#4532);
#3991=AXIS2_PLACEMENT_3D('',#6782,#4533,#4534);
#3992=AXIS2_PLACEMENT_3D('',#6784,#4535,#4536);
#3993=AXIS2_PLACEMENT_3D('',#6785,#4537,#4538);
#3994=AXIS2_PLACEMENT_3D('',#6787,#4539,#4540);
#3995=AXIS2_PLACEMENT_3D('',#6788,#4541,#4542);
#3996=AXIS2_PLACEMENT_3D('',#6790,#4543,#4544);
#3997=AXIS2_PLACEMENT_3D('',#6791,#4545,#4546);
#3998=AXIS2_PLACEMENT_3D('',#6793,#4547,#4548);
#3999=AXIS2_PLACEMENT_3D('',#6794,#4549,#4550);
#4000=AXIS2_PLACEMENT_3D('',#6796,#4551,#4552);
#4001=AXIS2_PLACEMENT_3D('',#6797,#4553,#4554);
#4002=AXIS2_PLACEMENT_3D('',#6799,#4555,#4556);
#4003=AXIS2_PLACEMENT_3D('',#6801,#4557,#4558);
#4004=AXIS2_PLACEMENT_3D('',#6802,#4559,#4560);
#4005=AXIS2_PLACEMENT_3D('',#6804,#4561,#4562);
#4006=AXIS2_PLACEMENT_3D('',#6805,#4563,#4564);
#4007=AXIS2_PLACEMENT_3D('',#6807,#4565,#4566);
#4008=AXIS2_PLACEMENT_3D('',#6808,#4567,#4568);
#4009=AXIS2_PLACEMENT_3D('',#6810,#4569,#4570);
#4010=AXIS2_PLACEMENT_3D('',#6811,#4571,#4572);
#4011=AXIS2_PLACEMENT_3D('',#6812,#4573,#4574);
#4012=AXIS2_PLACEMENT_3D('',#6813,#4575,#4576);
#4013=AXIS2_PLACEMENT_3D('',#6814,#4577,#4578);
#4014=AXIS2_PLACEMENT_3D('',#6827,#4585,#4586);
#4015=AXIS2_PLACEMENT_3D('',#6829,#4587,#4588);
#4016=AXIS2_PLACEMENT_3D('',#6835,#4592,#4593);
#4017=AXIS2_PLACEMENT_3D('',#6839,#4596,#4597);
#4018=AXIS2_PLACEMENT_3D('',#6843,#4600,#4601);
#4019=AXIS2_PLACEMENT_3D('',#6847,#4604,#4605);
#4020=AXIS2_PLACEMENT_3D('',#6851,#4608,#4609);
#4021=AXIS2_PLACEMENT_3D('',#6853,#4611,#4612);
#4022=AXIS2_PLACEMENT_3D('',#6854,#4613,#4614);
#4023=AXIS2_PLACEMENT_3D('',#6855,#4615,#4616);
#4024=AXIS2_PLACEMENT_3D('',#6857,#4617,#4618);
#4025=AXIS2_PLACEMENT_3D('',#6858,#4619,#4620);
#4026=AXIS2_PLACEMENT_3D('',#6860,#4621,#4622);
#4027=AXIS2_PLACEMENT_3D('',#6862,#4623,#4624);
#4028=AXIS2_PLACEMENT_3D('',#6863,#4625,#4626);
#4029=AXIS2_PLACEMENT_3D('',#6864,#4627,#4628);
#4030=AXIS2_PLACEMENT_3D('',#6866,#4629,#4630);
#4031=AXIS2_PLACEMENT_3D('',#6867,#4631,#4632);
#4032=AXIS2_PLACEMENT_3D('',#6869,#4633,#4634);
#4033=AXIS2_PLACEMENT_3D('',#6870,#4635,#4636);
#4034=AXIS2_PLACEMENT_3D('',#6871,#4637,#4638);
#4035=AXIS2_PLACEMENT_3D('',#6872,#4639,#4640);
#4036=AXIS2_PLACEMENT_3D('',#6873,#4641,#4642);
#4037=AXIS2_PLACEMENT_3D('',#6874,#4643,#4644);
#4038=AXIS2_PLACEMENT_3D('',#6875,#4645,#4646);
#4039=AXIS2_PLACEMENT_3D('',#6876,#4647,#4648);
#4040=AXIS2_PLACEMENT_3D('',#6889,#4655,#4656);
#4041=AXIS2_PLACEMENT_3D('',#6891,#4657,#4658);
#4042=AXIS2_PLACEMENT_3D('',#6897,#4662,#4663);
#4043=AXIS2_PLACEMENT_3D('',#6901,#4666,#4667);
#4044=AXIS2_PLACEMENT_3D('',#6905,#4670,#4671);
#4045=AXIS2_PLACEMENT_3D('',#6909,#4674,#4675);
#4046=AXIS2_PLACEMENT_3D('',#6913,#4678,#4679);
#4047=AXIS2_PLACEMENT_3D('',#6915,#4681,#4682);
#4048=AXIS2_PLACEMENT_3D('',#6916,#4683,#4684);
#4049=AXIS2_PLACEMENT_3D('',#6917,#4685,#4686);
#4050=AXIS2_PLACEMENT_3D('',#6919,#4687,#4688);
#4051=AXIS2_PLACEMENT_3D('',#6920,#4689,#4690);
#4052=AXIS2_PLACEMENT_3D('',#6922,#4691,#4692);
#4053=AXIS2_PLACEMENT_3D('',#6924,#4693,#4694);
#4054=AXIS2_PLACEMENT_3D('',#6925,#4695,#4696);
#4055=AXIS2_PLACEMENT_3D('',#6926,#4697,#4698);
#4056=AXIS2_PLACEMENT_3D('',#6928,#4699,#4700);
#4057=AXIS2_PLACEMENT_3D('',#6929,#4701,#4702);
#4058=AXIS2_PLACEMENT_3D('',#6931,#4703,#4704);
#4059=AXIS2_PLACEMENT_3D('',#6932,#4705,#4706);
#4060=AXIS2_PLACEMENT_3D('',#6933,#4707,#4708);
#4061=AXIS2_PLACEMENT_3D('',#6942,#4713,#4714);
#4062=AXIS2_PLACEMENT_3D('',#6943,#4715,#4716);
#4063=AXIS2_PLACEMENT_3D('',#6947,#4718,#4719);
#4064=AXIS2_PLACEMENT_3D('',#6948,#4720,#4721);
#4065=AXIS2_PLACEMENT_3D('',#6954,#4725,#4726);
#4066=AXIS2_PLACEMENT_3D('',#6955,#4727,#4728);
#4067=AXIS2_PLACEMENT_3D('',#6959,#4730,#4731);
#4068=AXIS2_PLACEMENT_3D('',#6960,#4732,#4733);
#4069=AXIS2_PLACEMENT_3D('',#6966,#4737,#4738);
#4070=AXIS2_PLACEMENT_3D('',#6972,#4742,#4743);
#4071=AXIS2_PLACEMENT_3D('',#6978,#4747,#4748);
#4072=AXIS2_PLACEMENT_3D('',#6979,#4749,#4750);
#4073=AXIS2_PLACEMENT_3D('',#6983,#4752,#4753);
#4074=AXIS2_PLACEMENT_3D('',#6984,#4754,#4755);
#4075=AXIS2_PLACEMENT_3D('',#6990,#4759,#4760);
#4076=AXIS2_PLACEMENT_3D('',#6991,#4761,#4762);
#4077=AXIS2_PLACEMENT_3D('',#6993,#4763,#4764);
#4078=AXIS2_PLACEMENT_3D('',#6995,#4765,#4766);
#4079=AXIS2_PLACEMENT_3D('',#6996,#4767,#4768);
#4080=AXIS2_PLACEMENT_3D('',#6998,#4769,#4770);
#4081=AXIS2_PLACEMENT_3D('',#7000,#4771,#4772);
#4082=AXIS2_PLACEMENT_3D('',#7001,#4773,#4774);
#4083=AXIS2_PLACEMENT_3D('',#7003,#4775,#4776);
#4084=AXIS2_PLACEMENT_3D('',#7005,#4777,#4778);
#4085=AXIS2_PLACEMENT_3D('',#7006,#4779,#4780);
#4086=AXIS2_PLACEMENT_3D('',#7008,#4781,#4782);
#4087=AXIS2_PLACEMENT_3D('',#7010,#4783,#4784);
#4088=AXIS2_PLACEMENT_3D('',#7011,#4785,#4786);
#4089=AXIS2_PLACEMENT_3D('',#7013,#4787,#4788);
#4090=AXIS2_PLACEMENT_3D('',#7015,#4789,#4790);
#4091=AXIS2_PLACEMENT_3D('',#7016,#4791,#4792);
#4092=AXIS2_PLACEMENT_3D('',#7018,#4793,#4794);
#4093=AXIS2_PLACEMENT_3D('',#7020,#4795,#4796);
#4094=AXIS2_PLACEMENT_3D('',#7021,#4797,#4798);
#4095=AXIS2_PLACEMENT_3D('',#7023,#4799,#4800);
#4096=AXIS2_PLACEMENT_3D('',#7025,#4801,#4802);
#4097=AXIS2_PLACEMENT_3D('',#7026,#4803,#4804);
#4098=AXIS2_PLACEMENT_3D('',#7028,#4805,#4806);
#4099=AXIS2_PLACEMENT_3D('',#7030,#4807,#4808);
#4100=AXIS2_PLACEMENT_3D('',#7031,#4809,#4810);
#4101=AXIS2_PLACEMENT_3D('',#7033,#4811,#4812);
#4102=AXIS2_PLACEMENT_3D('',#7035,#4813,#4814);
#4103=AXIS2_PLACEMENT_3D('',#7036,#4815,#4816);
#4104=AXIS2_PLACEMENT_3D('',#7038,#4817,#4818);
#4105=AXIS2_PLACEMENT_3D('',#7040,#4819,#4820);
#4106=AXIS2_PLACEMENT_3D('',#7041,#4821,#4822);
#4107=AXIS2_PLACEMENT_3D('',#7042,#4823,#4824);
#4108=AXIS2_PLACEMENT_3D('',#7043,#4825,#4826);
#4109=AXIS2_PLACEMENT_3D('',#7044,#4827,#4828);
#4110=AXIS2_PLACEMENT_3D('',#7045,#4829,#4830);
#4111=AXIS2_PLACEMENT_3D('',#7046,#4831,#4832);
#4112=AXIS2_PLACEMENT_3D('',#7047,#4833,#4834);
#4113=AXIS2_PLACEMENT_3D('',#7214,#4837,#4838);
#4114=AXIS2_PLACEMENT_3D('',#7441,#4856,#4857);
#4115=AXIS2_PLACEMENT_3D('',#7442,#4858,#4859);
#4116=AXIS2_PLACEMENT_3D('',#7443,#4860,#4861);
#4117=AXIS2_PLACEMENT_3D('',#7445,#4862,#4863);
#4118=AXIS2_PLACEMENT_3D('',#7447,#4864,#4865);
#4119=AXIS2_PLACEMENT_3D('',#7449,#4866,#4867);
#4120=AXIS2_PLACEMENT_3D('',#7451,#4868,#4869);
#4121=AXIS2_PLACEMENT_3D('',#7453,#4870,#4871);
#4122=AXIS2_PLACEMENT_3D('',#7455,#4872,#4873);
#4123=AXIS2_PLACEMENT_3D('',#7456,#4874,#4875);
#4124=AXIS2_PLACEMENT_3D('',#7458,#4876,#4877);
#4125=AXIS2_PLACEMENT_3D('',#7816,#4878,#4879);
#4126=AXIS2_PLACEMENT_3D('',#7817,#4880,#4881);
#4127=AXIS2_PLACEMENT_3D('',#7819,#4882,#4883);
#4128=AXIS2_PLACEMENT_3D('',#7820,#4884,#4885);
#4129=AXIS2_PLACEMENT_3D('',#7822,#4886,#4887);
#4130=AXIS2_PLACEMENT_3D('',#7824,#4888,#4889);
#4131=AXIS2_PLACEMENT_3D('',#7826,#4890,#4891);
#4132=AXIS2_PLACEMENT_3D('',#7828,#4892,#4893);
#4133=AXIS2_PLACEMENT_3D('',#7830,#4894,#4895);
#4134=AXIS2_PLACEMENT_3D('',#7831,#4896,#4897);
#4135=AXIS2_PLACEMENT_3D('',#7833,#4898,#4899);
#4136=AXIS2_PLACEMENT_3D('',#7835,#4900,#4901);
#4137=AXIS2_PLACEMENT_3D('',#7836,#4902,#4903);
#4138=AXIS2_PLACEMENT_3D('',#7837,#4904,#4905);
#4139=AXIS2_PLACEMENT_3D('',#7838,#4906,#4907);
#4140=AXIS2_PLACEMENT_3D('',#7839,#4908,#4909);
#4141=AXIS2_PLACEMENT_3D('',#7840,#4910,#4911);
#4142=AXIS2_PLACEMENT_3D('',#7841,#4912,#4913);
#4143=AXIS2_PLACEMENT_3D('',#7842,#4914,#4915);
#4144=AXIS2_PLACEMENT_3D('',#7843,#4916,#4917);
#4145=AXIS2_PLACEMENT_3D('',#7844,#4918,#4919);
#4146=AXIS2_PLACEMENT_3D('',#7845,#4920,#4921);
#4147=AXIS2_PLACEMENT_3D('',#7846,#4922,#4923);
#4148=AXIS2_PLACEMENT_3D('',#7847,#4924,#4925);
#4149=AXIS2_PLACEMENT_3D('',#7848,#4926,#4927);
#4150=AXIS2_PLACEMENT_3D('',#7849,#4928,#4929);
#4151=AXIS2_PLACEMENT_3D('',#7850,#4930,#4931);
#4152=AXIS2_PLACEMENT_3D('',#7851,#4932,#4933);
#4153=AXIS2_PLACEMENT_3D('',#8282,#4938,#4939);
#4154=AXIS2_PLACEMENT_3D('',#8327,#4943,#4944);
#4155=AXIS2_PLACEMENT_3D('',#8328,#4945,#4946);
#4156=AXIS2_PLACEMENT_3D('',#8330,#4947,#4948);
#4157=AXIS2_PLACEMENT_3D('',#8332,#4949,#4950);
#4158=AXIS2_PLACEMENT_3D('',#8694,#4964,#4965);
#4159=AXIS2_PLACEMENT_3D('',#8708,#4970,#4971);
#4160=AXIS2_PLACEMENT_3D('',#8709,#4972,#4973);
#4161=AXIS2_PLACEMENT_3D('',#8712,#4975,#4976);
#4162=AXIS2_PLACEMENT_3D('',#8713,#4977,#4978);
#4163=AXIS2_PLACEMENT_3D('',#8715,#4979,#4980);
#4164=AXIS2_PLACEMENT_3D('',#8717,#4981,#4982);
#4165=AXIS2_PLACEMENT_3D('',#8719,#4983,#4984);
#4166=AXIS2_PLACEMENT_3D('',#8721,#4985,#4986);
#4167=AXIS2_PLACEMENT_3D('',#8723,#4987,#4988);
#4168=AXIS2_PLACEMENT_3D('',#8725,#4990,#4991);
#4169=AXIS2_PLACEMENT_3D('',#8727,#4993,#4994);
#4170=AXIS2_PLACEMENT_3D('',#8728,#4995,#4996);
#4171=AXIS2_PLACEMENT_3D('',#8812,#4997,#4998);
#4172=AXIS2_PLACEMENT_3D('',#8813,#4999,#5000);
#4173=AXIS2_PLACEMENT_3D('',#8815,#5001,#5002);
#4174=AXIS2_PLACEMENT_3D('',#8817,#5004,#5005);
#4175=AXIS2_PLACEMENT_3D('',#8818,#5006,#5007);
#4176=AXIS2_PLACEMENT_3D('',#8819,#5008,#5009);
#4177=AXIS2_PLACEMENT_3D('',#8821,#5010,#5011);
#4178=AXIS2_PLACEMENT_3D('',#8823,#5012,#5013);
#4179=AXIS2_PLACEMENT_3D('',#8825,#5014,#5015);
#4180=AXIS2_PLACEMENT_3D('',#8827,#5016,#5017);
#4181=AXIS2_PLACEMENT_3D('',#8829,#5018,#5019);
#4182=AXIS2_PLACEMENT_3D('',#8831,#5021,#5022);
#4183=AXIS2_PLACEMENT_3D('',#8833,#5024,#5025);
#4184=AXIS2_PLACEMENT_3D('',#8834,#5026,#5027);
#4185=AXIS2_PLACEMENT_3D('',#8836,#5028,#5029);
#4186=AXIS2_PLACEMENT_3D('',#8837,#5030,#5031);
#4187=AXIS2_PLACEMENT_3D('',#8838,#5032,#5033);
#4188=AXIS2_PLACEMENT_3D('',#8839,#5034,#5035);
#4189=AXIS2_PLACEMENT_3D('',#8840,#5036,#5037);
#4190=AXIS2_PLACEMENT_3D('',#8841,#5038,#5039);
#4191=AXIS2_PLACEMENT_3D('',#8842,#5040,#5041);
#4192=AXIS2_PLACEMENT_3D('',#8843,#5042,#5043);
#4193=AXIS2_PLACEMENT_3D('',#8844,#5044,#5045);
#4194=AXIS2_PLACEMENT_3D('',#8845,#5046,#5047);
#4195=AXIS2_PLACEMENT_3D('',#8846,#5048,#5049);
#4196=AXIS2_PLACEMENT_3D('',#8847,#5050,#5051);
#4197=AXIS2_PLACEMENT_3D('',#8848,#5052,#5053);
#4198=AXIS2_PLACEMENT_3D('',#8849,#5054,#5055);
#4199=AXIS2_PLACEMENT_3D('',#8850,#5056,#5057);
#4200=AXIS2_PLACEMENT_3D('',#8851,#5058,#5059);
#4201=AXIS2_PLACEMENT_3D('',#8852,#5060,#5061);
#4202=AXIS2_PLACEMENT_3D('',#8853,#5062,#5063);
#4203=AXIS2_PLACEMENT_3D('',#8854,#5064,#5065);
#4204=AXIS2_PLACEMENT_3D('',#8855,#5066,#5067);
#4205=AXIS2_PLACEMENT_3D('',#8856,#5068,#5069);
#4206=AXIS2_PLACEMENT_3D('',#8857,#5070,#5071);
#4207=AXIS2_PLACEMENT_3D('',#8858,#5072,#5073);
#4208=AXIS2_PLACEMENT_3D('',#8859,#5074,#5075);
#4209=AXIS2_PLACEMENT_3D('',#8868,#5080,#5081);
#4210=AXIS2_PLACEMENT_3D('',#8874,#5085,#5086);
#4211=AXIS2_PLACEMENT_3D('',#8880,#5090,#5091);
#4212=AXIS2_PLACEMENT_3D('',#8883,#5094,#5095);
#4213=AXIS2_PLACEMENT_3D('',#8884,#5096,#5097);
#4214=AXIS2_PLACEMENT_3D('',#8885,#5098,#5099);
#4215=DIRECTION('',(0.,0.,1.));
#4216=DIRECTION('',(1.,0.,0.));
#4217=DIRECTION('',(0.,0.,-1.));
#4218=DIRECTION('',(1.,0.,0.));
#4219=DIRECTION('',(0.,0.,-1.));
#4220=DIRECTION('',(-1.,0.,0.));
#4221=DIRECTION('',(0.,0.,-1.));
#4222=DIRECTION('',(-1.,0.,0.));
#4223=DIRECTION('',(-1.,9.32396385905297E-16,0.));
#4224=DIRECTION('',(0.,1.,0.));
#4225=DIRECTION('',(0.,1.,0.));
#4226=DIRECTION('',(0.717055652265199,0.697015919154312,0.));
#4227=DIRECTION('',(0.,0.,1.));
#4228=DIRECTION('',(-1.,0.,0.));
#4229=DIRECTION('',(-0.717055652265198,0.697015919154313,0.));
#4230=DIRECTION('',(1.2303003375722E-16,1.,0.));
#4231=DIRECTION('',(-0.717055652265198,-0.697015919154313,0.));
#4232=DIRECTION('',(0.,0.,-1.));
#4233=DIRECTION('',(-1.,0.,0.));
#4234=DIRECTION('',(0.717055652265199,-0.697015919154312,0.));
#4235=DIRECTION('',(-0.000908069956540282,0.999999587704392,0.));
#4236=DIRECTION('',(0.,1.,0.));
#4237=DIRECTION('',(1.,9.32396385905297E-16,0.));
#4238=DIRECTION('',(-0.5,-0.866025403784439,0.));
#4239=DIRECTION('',(-1.,0.,0.));
#4240=DIRECTION('',(-0.5,0.866025403784439,0.));
#4241=DIRECTION('',(-0.5,-0.866025403784439,0.));
#4242=DIRECTION('',(-1.,3.15446634905441E-16,0.));
#4243=DIRECTION('',(-0.5,0.866025403784439,0.));
#4244=DIRECTION('',(-1.,0.,0.));
#4245=DIRECTION('',(0.,0.,1.));
#4246=DIRECTION('',(0.,0.,-1.));
#4247=DIRECTION('',(0.,1.,0.));
#4248=DIRECTION('',(0.,0.,-1.));
#4249=DIRECTION('',(0.,0.,-1.));
#4250=DIRECTION('',(0.,1.,0.));
#4251=DIRECTION('',(0.,0.,-1.));
#4252=DIRECTION('',(-0.487217543688003,0.410772982898879,0.770639099477172));
#4253=DIRECTION('',(0.,0.,1.));
#4254=DIRECTION('',(1.,0.,0.));
#4255=DIRECTION('',(0.,0.,1.));
#4256=DIRECTION('',(1.,0.,0.));
#4257=DIRECTION('',(0.,0.,1.));
#4258=DIRECTION('',(1.,0.,0.));
#4259=DIRECTION('',(0.0909019829422472,0.637342626627769,0.765200108324864));
#4260=DIRECTION('',(-0.487217543688003,0.410772982898879,0.770639099477172));
#4261=DIRECTION('',(-0.363624930917168,-0.596181904428546,0.715782122190431));
#4262=DIRECTION('',(0.,0.,1.));
#4263=DIRECTION('',(1.,0.,0.));
#4264=DIRECTION('',(0.,0.,1.));
#4265=DIRECTION('',(1.,0.,0.));
#4266=DIRECTION('',(0.209680270961201,-0.459922602579366,0.8628472539252));
#4267=DIRECTION('',(-0.363624930917168,-0.596181904428546,0.715782122190431));
#4268=DIRECTION('',(0.,0.,1.));
#4269=DIRECTION('',(1.,0.,0.));
#4270=DIRECTION('',(0.,0.,1.));
#4271=DIRECTION('',(1.,0.,0.));
#4272=DIRECTION('',(0.,0.,1.));
#4273=DIRECTION('',(1.,0.,0.));
#4274=DIRECTION('',(0.891595200950872,0.000809631149186349,0.452832576278227));
#4275=DIRECTION('',(0.452832724694765,0.,-0.891595493172501));
#4276=DIRECTION('',(-0.452832724694765,-4.22219595925047E-16,0.891595493172501));
#4277=DIRECTION('',(0.,0.,1.));
#4278=DIRECTION('',(1.,0.,0.));
#4279=DIRECTION('',(0.,0.,1.));
#4280=DIRECTION('',(1.,0.,0.));
#4281=DIRECTION('',(9.32396385905297E-16,1.,0.));
#4282=DIRECTION('',(-1.,9.32396385905297E-16,0.));
#4283=DIRECTION('',(1.,-9.32396385905297E-16,0.));
#4284=DIRECTION('',(-9.32396385905297E-16,1.,0.));
#4285=DIRECTION('',(-1.,-9.32396385905297E-16,0.));
#4286=DIRECTION('',(1.,9.32396385905297E-16,0.));
#4287=DIRECTION('',(0.,0.,1.));
#4288=DIRECTION('',(1.,0.,0.));
#4289=DIRECTION('',(0.,0.,-1.));
#4290=DIRECTION('',(-1.,0.,0.));
#4291=DIRECTION('',(0.,0.,-1.));
#4292=DIRECTION('',(-1.,0.,0.));
#4293=DIRECTION('',(0.,0.,-1.));
#4294=DIRECTION('',(-1.,0.,0.));
#4295=DIRECTION('',(0.,0.,-1.));
#4296=DIRECTION('',(-1.,0.,0.));
#4297=DIRECTION('',(0.,0.,-1.));
#4298=DIRECTION('',(1.,0.,0.));
#4299=DIRECTION('',(0.5,0.866025403784439,0.));
#4300=DIRECTION('',(-0.5,0.866025403784439,0.));
#4301=DIRECTION('',(-1.,0.,0.));
#4302=DIRECTION('',(-0.5,-0.866025403784439,0.));
#4303=DIRECTION('',(0.5,-0.866025403784439,0.));
#4304=DIRECTION('',(0.866025403784439,0.5,0.));
#4305=DIRECTION('',(-0.5,0.866025403784439,0.));
#4306=DIRECTION('',(0.,0.,-1.));
#4307=DIRECTION('',(0.866025403784439,-0.5,0.));
#4308=DIRECTION('',(0.5,0.866025403784439,0.));
#4309=DIRECTION('',(0.,0.,-1.));
#4310=DIRECTION('',(0.,-1.,0.));
#4311=DIRECTION('',(0.,0.,-1.));
#4312=DIRECTION('',(0.,0.,-1.));
#4313=DIRECTION('',(-0.866025403784439,-0.5,0.));
#4314=DIRECTION('',(0.5,-0.866025403784439,0.));
#4315=DIRECTION('',(0.,0.,-1.));
#4316=DIRECTION('',(-0.866025403784439,0.5,0.));
#4317=DIRECTION('',(-0.5,-0.866025403784439,0.));
#4318=DIRECTION('',(0.,0.,-1.));
#4319=DIRECTION('',(1.,0.,0.));
#4320=DIRECTION('',(0.5,0.866025403784439,0.));
#4321=DIRECTION('',(-0.5,0.866025403784439,0.));
#4322=DIRECTION('',(-1.,3.15446634905441E-16,0.));
#4323=DIRECTION('',(-0.5,-0.866025403784439,0.));
#4324=DIRECTION('',(0.5,-0.866025403784439,0.));
#4325=DIRECTION('',(0.866025403784439,-0.5,0.));
#4326=DIRECTION('',(0.5,0.866025403784439,0.));
#4327=DIRECTION('',(0.,0.,-1.));
#4328=DIRECTION('',(0.,0.,-1.));
#4329=DIRECTION('',(-3.15446634905441E-16,-1.,0.));
#4330=DIRECTION('',(1.,-3.15446634905441E-16,0.));
#4331=DIRECTION('',(0.,0.,-1.));
#4332=DIRECTION('',(-0.866025403784439,-0.5,0.));
#4333=DIRECTION('',(0.5,-0.866025403784439,0.));
#4334=DIRECTION('',(0.,0.,-1.));
#4335=DIRECTION('',(-0.866025403784439,0.5,0.));
#4336=DIRECTION('',(-0.5,-0.866025403784439,0.));
#4337=DIRECTION('',(0.866025403784439,0.5,0.));
#4338=DIRECTION('',(-0.5,0.866025403784439,0.));
#4339=DIRECTION('',(0.,0.,1.));
#4340=DIRECTION('',(1.,0.,0.));
#4341=DIRECTION('',(0.,0.,1.));
#4342=DIRECTION('',(1.,0.,0.));
#4343=DIRECTION('',(9.32396385905297E-16,1.,0.));
#4344=DIRECTION('',(-1.,9.32396385905297E-16,0.));
#4345=DIRECTION('',(1.,-9.32396385905297E-16,0.));
#4346=DIRECTION('',(-9.32396385905297E-16,1.,0.));
#4347=DIRECTION('',(-1.,-9.32396385905297E-16,0.));
#4348=DIRECTION('',(1.,9.32396385905297E-16,0.));
#4349=DIRECTION('',(0.,0.,1.));
#4350=DIRECTION('',(1.,0.,0.));
#4351=DIRECTION('',(0.866025403784439,-0.5,0.));
#4352=DIRECTION('',(0.5,0.866025403784439,0.));
#4353=DIRECTION('',(0.,0.,-1.));
#4354=DIRECTION('',(0.,-1.,0.));
#4355=DIRECTION('',(0.,0.,-1.));
#4356=DIRECTION('',(0.,0.,-1.));
#4357=DIRECTION('',(-0.866025403784439,-0.5,0.));
#4358=DIRECTION('',(0.5,-0.866025403784439,0.));
#4359=DIRECTION('',(0.866025403784439,-0.5,0.));
#4360=DIRECTION('',(0.5,0.866025403784439,0.));
#4361=DIRECTION('',(0.,0.,-1.));
#4362=DIRECTION('',(-3.15446634905441E-16,-1.,0.));
#4363=DIRECTION('',(1.,-3.15446634905441E-16,0.));
#4364=DIRECTION('',(0.,0.,-1.));
#4365=DIRECTION('',(-0.866025403784439,-0.5,0.));
#4366=DIRECTION('',(0.5,-0.866025403784439,0.));
#4367=DIRECTION('',(0.,0.,-1.));
#4368=DIRECTION('',(-1.,0.,0.));
#4369=DIRECTION('',(-0.482962913144534,0.836516303737808,0.258819045102521));
#4370=DIRECTION('',(-0.12940952255126,0.224143868042014,-0.965925826289068));
#4371=DIRECTION('',(0.,0.,1.));
#4372=DIRECTION('',(1.,0.,0.));
#4373=DIRECTION('',(-0.5,0.866025403784439,0.));
#4374=DIRECTION('',(0.5,0.866025403784439,0.));
#4375=DIRECTION('',(1.,-1.1829248808954E-16,0.));
#4376=DIRECTION('',(0.5,-0.866025403784439,0.));
#4377=DIRECTION('',(-0.5,-0.866025403784439,0.));
#4378=DIRECTION('',(-1.,0.,0.));
#4379=DIRECTION('',(0.,0.,1.));
#4380=DIRECTION('',(1.,0.,0.));
#4381=DIRECTION('',(0.866025403784439,0.5,0.));
#4382=DIRECTION('',(-0.5,0.866025403784439,0.));
#4383=DIRECTION('',(0.,0.,1.));
#4384=DIRECTION('',(-0.5,0.866025403784439,0.));
#4385=DIRECTION('',(0.,0.,1.));
#4386=DIRECTION('',(0.,1.,0.));
#4387=DIRECTION('',(0.,0.,1.));
#4388=DIRECTION('',(0.,0.,1.));
#4389=DIRECTION('',(-1.,0.,0.));
#4390=DIRECTION('',(-0.866025403784439,0.5,0.));
#4391=DIRECTION('',(-0.5,-0.866025403784439,0.));
#4392=DIRECTION('',(0.,0.,1.));
#4393=DIRECTION('',(-0.5,-0.866025403784439,0.));
#4394=DIRECTION('',(-0.866025403784439,-0.5,0.));
#4395=DIRECTION('',(0.5,-0.866025403784439,0.));
#4396=DIRECTION('',(0.,0.,1.));
#4397=DIRECTION('',(0.5,-0.866025403784439,0.));
#4398=DIRECTION('',(-1.1829248808954E-16,-1.,0.));
#4399=DIRECTION('',(1.,-1.1829248808954E-16,0.));
#4400=DIRECTION('',(0.,0.,1.));
#4401=DIRECTION('',(1.,-1.1829248808954E-16,0.));
#4402=DIRECTION('',(0.866025403784439,-0.5,0.));
#4403=DIRECTION('',(0.5,0.866025403784439,0.));
#4404=DIRECTION('',(0.5,0.866025403784439,0.));
#4405=DIRECTION('',(0.,0.,1.));
#4406=DIRECTION('',(1.,0.,0.));
#4407=DIRECTION('',(0.,0.,1.));
#4408=DIRECTION('',(1.,0.,0.));
#4409=DIRECTION('',(0.,0.,-1.));
#4410=DIRECTION('',(-1.,0.,0.));
#4411=DIRECTION('',(0.,0.,1.));
#4412=DIRECTION('',(1.,0.,0.));
#4413=DIRECTION('',(0.,0.,-1.));
#4414=DIRECTION('',(-1.,0.,0.));
#4415=DIRECTION('',(0.,0.,1.));
#4416=DIRECTION('',(1.,0.,0.));
#4417=DIRECTION('',(0.,0.,-1.));
#4418=DIRECTION('',(-1.,0.,0.));
#4419=DIRECTION('',(0.,0.,1.));
#4420=DIRECTION('',(1.,0.,0.));
#4421=DIRECTION('',(0.,0.,-1.));
#4422=DIRECTION('',(-1.,0.,0.));
#4423=DIRECTION('',(0.,0.,-1.));
#4424=DIRECTION('',(1.,0.,0.));
#4425=DIRECTION('',(0.,0.,-1.));
#4426=DIRECTION('',(-1.,0.,0.));
#4427=DIRECTION('',(0.,0.,1.));
#4428=DIRECTION('',(1.,0.,0.));
#4429=DIRECTION('',(-0.482962913144534,-0.836516303737808,-0.258819045102521));
#4430=DIRECTION('',(0.875640807938361,-0.461383648732996,-0.142752597716756));
#4431=DIRECTION('',(-4.16333634234433E-17,1.,1.15555796663234E-33));
#4432=DIRECTION('',(1.,4.16333634234433E-17,3.45166095876534E-18));
#4433=DIRECTION('',(0.,0.,1.));
#4434=DIRECTION('',(0.,-1.,0.));
#4435=DIRECTION('',(0.,-3.00652462874612E-17,-1.));
#4436=DIRECTION('',(0.,1.,-3.00652462874612E-17));
#4437=DIRECTION('',(0.,0.,-1.));
#4438=DIRECTION('',(0.,1.,0.));
#4439=DIRECTION('',(-0.5,0.866025403784439,0.));
#4440=DIRECTION('',(0.866025403784439,0.5,0.));
#4441=DIRECTION('',(0.,0.,1.));
#4442=DIRECTION('',(0.,0.,1.));
#4443=DIRECTION('',(0.5,0.866025403784439,0.));
#4444=DIRECTION('',(0.866025403784439,-0.5,0.));
#4445=DIRECTION('',(0.,0.,1.));
#4446=DIRECTION('',(1.,-3.1544663490544E-16,0.));
#4447=DIRECTION('',(-3.1544663490544E-16,-1.,0.));
#4448=DIRECTION('',(0.,0.,1.));
#4449=DIRECTION('',(0.5,-0.866025403784439,0.));
#4450=DIRECTION('',(-0.866025403784439,-0.5,0.));
#4451=DIRECTION('',(0.,0.,1.));
#4452=DIRECTION('',(-0.5,-0.866025403784439,0.));
#4453=DIRECTION('',(-0.866025403784439,0.5,0.));
#4454=DIRECTION('',(0.,0.,1.));
#4455=DIRECTION('',(-1.,1.5772331745272E-16,0.));
#4456=DIRECTION('',(1.5772331745272E-16,1.,0.));
#4457=DIRECTION('',(0.,0.,1.));
#4458=DIRECTION('',(0.,-1.,0.));
#4459=DIRECTION('',(0.,0.,1.));
#4460=DIRECTION('',(0.,-1.,0.));
#4461=DIRECTION('',(0.,0.,1.));
#4462=DIRECTION('',(0.,-1.,0.));
#4463=DIRECTION('',(0.,0.,1.));
#4464=DIRECTION('',(0.,-1.,0.));
#4465=DIRECTION('',(0.,0.,1.));
#4466=DIRECTION('',(0.,-1.,0.));
#4467=DIRECTION('',(0.,0.,1.));
#4468=DIRECTION('',(0.,-1.,0.));
#4469=DIRECTION('',(0.,0.,1.));
#4470=DIRECTION('',(0.,-1.,0.));
#4471=DIRECTION('',(0.,0.,1.));
#4472=DIRECTION('',(0.,-1.,0.));
#4473=DIRECTION('',(0.,0.,1.));
#4474=DIRECTION('',(0.,-1.,0.));
#4475=DIRECTION('',(0.,0.,1.));
#4476=DIRECTION('',(0.,-1.,0.));
#4477=DIRECTION('',(0.,0.,-1.));
#4478=DIRECTION('',(0.,1.,0.));
#4479=DIRECTION('',(0.,0.,1.));
#4480=DIRECTION('',(0.,-1.,0.));
#4481=DIRECTION('',(0.,0.,-1.));
#4482=DIRECTION('',(0.,1.,0.));
#4483=DIRECTION('',(0.,0.,1.));
#4484=DIRECTION('',(0.,-1.,0.));
#4485=DIRECTION('',(0.,0.,-1.));
#4486=DIRECTION('',(0.,1.,0.));
#4487=DIRECTION('',(0.,0.,1.));
#4488=DIRECTION('',(0.,-1.,0.));
#4489=DIRECTION('',(0.,0.,-1.));
#4490=DIRECTION('',(0.,1.,0.));
#4491=DIRECTION('',(0.,0.,1.));
#4492=DIRECTION('',(0.,-1.,0.));
#4493=DIRECTION('',(0.,0.,-1.));
#4494=DIRECTION('',(0.,1.,0.));
#4495=DIRECTION('',(0.,0.,1.));
#4496=DIRECTION('',(0.,-1.,0.));
#4497=DIRECTION('',(0.,0.,-1.));
#4498=DIRECTION('',(0.,1.,0.));
#4499=DIRECTION('',(0.,0.,1.));
#4500=DIRECTION('',(0.,-1.,0.));
#4501=DIRECTION('',(0.,0.,-1.));
#4502=DIRECTION('',(0.,1.,0.));
#4503=DIRECTION('',(0.,0.,1.));
#4504=DIRECTION('',(0.,-1.,0.));
#4505=DIRECTION('',(0.,0.,1.));
#4506=DIRECTION('',(0.,-1.,0.));
#4507=DIRECTION('',(0.,0.,1.));
#4508=DIRECTION('',(0.,-1.,0.));
#4509=DIRECTION('',(0.,0.,1.));
#4510=DIRECTION('',(0.,-1.,0.));
#4511=DIRECTION('',(0.,-3.00652462874612E-17,-1.));
#4512=DIRECTION('',(0.,1.,-3.00652462874612E-17));
#4513=DIRECTION('',(0.,-3.00652462874612E-17,-1.));
#4514=DIRECTION('',(0.,1.,-3.00652462874612E-17));
#4515=DIRECTION('',(0.,0.,1.));
#4516=DIRECTION('',(1.,0.,0.));
#4517=DIRECTION('',(0.,0.,1.));
#4518=DIRECTION('',(1.,0.,0.));
#4519=DIRECTION('',(0.,0.,1.));
#4520=DIRECTION('',(1.,0.,0.));
#4521=DIRECTION('',(-0.48296291314453,-0.83651630373781,-0.25881904510252));
#4522=DIRECTION('',(0.866025403784441,-0.499999999999996,-8.42631071824094E-17));
#4523=DIRECTION('',(1.22464679914735E-16,0.,-1.));
#4524=DIRECTION('',(-1.,0.,-1.22464679914735E-16));
#4525=DIRECTION('',(-1.22464679914735E-16,0.,1.));
#4526=DIRECTION('',(1.,0.,1.22464679914735E-16));
#4527=DIRECTION('',(-1.22464679914735E-16,0.,1.));
#4528=DIRECTION('',(1.,0.,1.22464679914735E-16));
#4529=DIRECTION('',(-1.22464679914735E-16,0.,1.));
#4530=DIRECTION('',(1.,0.,1.22464679914735E-16));
#4531=DIRECTION('',(-1.22464679914735E-16,0.,1.));
#4532=DIRECTION('',(1.,0.,1.22464679914735E-16));
#4533=DIRECTION('',(-1.22464679914735E-16,0.,1.));
#4534=DIRECTION('',(1.,0.,1.22464679914735E-16));
#4535=DIRECTION('',(-1.22464679914735E-16,0.,1.));
#4536=DIRECTION('',(1.,0.,1.22464679914735E-16));
#4537=DIRECTION('',(-1.22464679914735E-16,0.,1.));
#4538=DIRECTION('',(1.,0.,1.22464679914735E-16));
#4539=DIRECTION('',(-1.22464679914735E-16,0.,1.));
#4540=DIRECTION('',(1.,0.,1.22464679914735E-16));
#4541=DIRECTION('',(-1.22464679914735E-16,0.,1.));
#4542=DIRECTION('',(1.,0.,1.22464679914735E-16));
#4543=DIRECTION('',(1.22464679914735E-16,0.,-1.));
#4544=DIRECTION('',(-1.,0.,-1.22464679914735E-16));
#4545=DIRECTION('',(-1.22464679914735E-16,0.,1.));
#4546=DIRECTION('',(1.,0.,1.22464679914735E-16));
#4547=DIRECTION('',(-1.22464679914735E-16,0.,1.));
#4548=DIRECTION('',(1.,0.,1.22464679914735E-16));
#4549=DIRECTION('',(1.22464679914735E-16,0.,-1.));
#4550=DIRECTION('',(-1.,0.,-1.22464679914735E-16));
#4551=DIRECTION('',(1.22464679914735E-16,0.,-1.));
#4552=DIRECTION('',(-1.,0.,-1.22464679914735E-16));
#4553=DIRECTION('',(1.22464679914735E-16,0.,-1.));
#4554=DIRECTION('',(-1.,0.,-1.22464679914735E-16));
#4555=DIRECTION('',(-1.22464679914735E-16,0.,1.));
#4556=DIRECTION('',(1.,0.,1.22464679914735E-16));
#4557=DIRECTION('',(1.22464679914735E-16,0.,-1.));
#4558=DIRECTION('',(-1.,0.,-1.22464679914735E-16));
#4559=DIRECTION('',(-1.22464679914735E-16,0.,1.));
#4560=DIRECTION('',(1.,0.,1.22464679914735E-16));
#4561=DIRECTION('',(-1.22464679914735E-16,0.,1.));
#4562=DIRECTION('',(1.,0.,1.22464679914735E-16));
#4563=DIRECTION('',(-1.22464679914735E-16,0.,1.));
#4564=DIRECTION('',(1.,0.,1.22464679914735E-16));
#4565=DIRECTION('',(-1.22464679914735E-16,0.,1.));
#4566=DIRECTION('',(1.,0.,1.22464679914735E-16));
#4567=DIRECTION('',(-1.22464679914735E-16,0.,1.));
#4568=DIRECTION('',(1.,0.,1.22464679914735E-16));
#4569=DIRECTION('',(1.22464679914735E-16,0.,-1.));
#4570=DIRECTION('',(-1.,0.,-1.22464679914735E-16));
#4571=DIRECTION('',(-1.22464679914735E-16,0.,1.));
#4572=DIRECTION('',(1.,0.,1.22464679914735E-16));
#4573=DIRECTION('',(0.,1.,0.));
#4574=DIRECTION('',(1.,0.,0.));
#4575=DIRECTION('',(-1.,9.50577390791315E-29,6.31088724176809E-30));
#4576=DIRECTION('',(6.31088724176809E-30,-9.35469702495508E-31,1.));
#4577=DIRECTION('',(0.,0.,1.));
#4578=DIRECTION('',(1.,0.,0.));
#4579=DIRECTION('',(-0.5,0.866025403784439,0.));
#4580=DIRECTION('',(0.5,0.866025403784439,0.));
#4581=DIRECTION('',(1.,-1.1829248808954E-16,0.));
#4582=DIRECTION('',(0.5,-0.866025403784439,0.));
#4583=DIRECTION('',(-0.5,-0.866025403784439,0.));
#4584=DIRECTION('',(-1.,0.,0.));
#4585=DIRECTION('',(0.,0.,1.));
#4586=DIRECTION('',(1.,0.,0.));
#4587=DIRECTION('',(0.866025403784439,0.5,0.));
#4588=DIRECTION('',(-0.5,0.866025403784439,0.));
#4589=DIRECTION('',(0.,0.,1.));
#4590=DIRECTION('',(-0.5,0.866025403784439,0.));
#4591=DIRECTION('',(0.,0.,1.));
#4592=DIRECTION('',(0.,1.,0.));
#4593=DIRECTION('',(0.,0.,1.));
#4594=DIRECTION('',(0.,0.,1.));
#4595=DIRECTION('',(-1.,0.,0.));
#4596=DIRECTION('',(-0.866025403784439,0.5,0.));
#4597=DIRECTION('',(-0.5,-0.866025403784439,0.));
#4598=DIRECTION('',(0.,0.,1.));
#4599=DIRECTION('',(-0.5,-0.866025403784439,0.));
#4600=DIRECTION('',(-0.866025403784439,-0.5,0.));
#4601=DIRECTION('',(0.5,-0.866025403784439,0.));
#4602=DIRECTION('',(0.,0.,1.));
#4603=DIRECTION('',(0.5,-0.866025403784439,0.));
#4604=DIRECTION('',(-1.1829248808954E-16,-1.,0.));
#4605=DIRECTION('',(1.,-1.1829248808954E-16,0.));
#4606=DIRECTION('',(0.,0.,1.));
#4607=DIRECTION('',(1.,-1.1829248808954E-16,0.));
#4608=DIRECTION('',(0.866025403784439,-0.5,0.));
#4609=DIRECTION('',(0.5,0.866025403784439,0.));
#4610=DIRECTION('',(0.5,0.866025403784439,0.));
#4611=DIRECTION('',(0.,0.,1.));
#4612=DIRECTION('',(1.,0.,0.));
#4613=DIRECTION('',(0.,0.,1.));
#4614=DIRECTION('',(1.,0.,0.));
#4615=DIRECTION('',(0.,0.,-1.));
#4616=DIRECTION('',(-1.,0.,0.));
#4617=DIRECTION('',(0.,0.,1.));
#4618=DIRECTION('',(1.,0.,0.));
#4619=DIRECTION('',(0.,0.,-1.));
#4620=DIRECTION('',(-1.,0.,0.));
#4621=DIRECTION('',(0.,0.,1.));
#4622=DIRECTION('',(1.,0.,0.));
#4623=DIRECTION('',(0.,0.,-1.));
#4624=DIRECTION('',(-1.,0.,0.));
#4625=DIRECTION('',(0.,0.,1.));
#4626=DIRECTION('',(1.,0.,0.));
#4627=DIRECTION('',(0.,0.,-1.));
#4628=DIRECTION('',(-1.,0.,0.));
#4629=DIRECTION('',(0.,0.,-1.));
#4630=DIRECTION('',(1.,0.,0.));
#4631=DIRECTION('',(0.,0.,-1.));
#4632=DIRECTION('',(-1.,0.,0.));
#4633=DIRECTION('',(0.,0.,1.));
#4634=DIRECTION('',(1.,0.,0.));
#4635=DIRECTION('',(-1.,0.,0.));
#4636=DIRECTION('',(0.,0.,1.));
#4637=DIRECTION('',(-1.66533453693771E-15,1.,-3.37022542929347E-17));
#4638=DIRECTION('',(3.975854800741E-17,-3.37022542929346E-17,-1.));
#4639=DIRECTION('',(0.482962913144533,0.836516303737809,0.258819045102521));
#4640=DIRECTION('',(0.12940952255126,0.224143868042013,-0.965925826289068));
#4641=DIRECTION('',(0.,1.,0.));
#4642=DIRECTION('',(1.,0.,0.));
#4643=DIRECTION('',(0.482962913144534,-0.836516303737808,-0.258819045102521));
#4644=DIRECTION('',(0.875640807938361,0.461383648732996,0.142752597716756));
#4645=DIRECTION('',(-1.,0.,0.));
#4646=DIRECTION('',(0.,0.,1.));
#4647=DIRECTION('',(0.,0.,1.));
#4648=DIRECTION('',(1.,0.,0.));
#4649=DIRECTION('',(-0.5,0.866025403784439,0.));
#4650=DIRECTION('',(0.5,0.866025403784439,0.));
#4651=DIRECTION('',(1.,-1.1829248808954E-16,0.));
#4652=DIRECTION('',(0.5,-0.866025403784439,0.));
#4653=DIRECTION('',(-0.5,-0.866025403784439,0.));
#4654=DIRECTION('',(-1.,0.,0.));
#4655=DIRECTION('',(0.,0.,1.));
#4656=DIRECTION('',(1.,0.,0.));
#4657=DIRECTION('',(0.866025403784439,0.5,0.));
#4658=DIRECTION('',(-0.5,0.866025403784439,0.));
#4659=DIRECTION('',(0.,0.,1.));
#4660=DIRECTION('',(-0.5,0.866025403784439,0.));
#4661=DIRECTION('',(0.,0.,1.));
#4662=DIRECTION('',(0.,1.,0.));
#4663=DIRECTION('',(0.,0.,1.));
#4664=DIRECTION('',(0.,0.,1.));
#4665=DIRECTION('',(-1.,0.,0.));
#4666=DIRECTION('',(-0.866025403784439,0.5,0.));
#4667=DIRECTION('',(-0.5,-0.866025403784439,0.));
#4668=DIRECTION('',(0.,0.,1.));
#4669=DIRECTION('',(-0.5,-0.866025403784439,0.));
#4670=DIRECTION('',(-0.866025403784439,-0.5,0.));
#4671=DIRECTION('',(0.5,-0.866025403784439,0.));
#4672=DIRECTION('',(0.,0.,1.));
#4673=DIRECTION('',(0.5,-0.866025403784439,0.));
#4674=DIRECTION('',(-1.1829248808954E-16,-1.,0.));
#4675=DIRECTION('',(1.,-1.1829248808954E-16,0.));
#4676=DIRECTION('',(0.,0.,1.));
#4677=DIRECTION('',(1.,-1.1829248808954E-16,0.));
#4678=DIRECTION('',(0.866025403784439,-0.5,0.));
#4679=DIRECTION('',(0.5,0.866025403784439,0.));
#4680=DIRECTION('',(0.5,0.866025403784439,0.));
#4681=DIRECTION('',(0.,0.,1.));
#4682=DIRECTION('',(1.,0.,0.));
#4683=DIRECTION('',(0.,0.,1.));
#4684=DIRECTION('',(1.,0.,0.));
#4685=DIRECTION('',(0.,0.,-1.));
#4686=DIRECTION('',(-1.,0.,0.));
#4687=DIRECTION('',(0.,0.,1.));
#4688=DIRECTION('',(1.,0.,0.));
#4689=DIRECTION('',(0.,0.,-1.));
#4690=DIRECTION('',(-1.,0.,0.));
#4691=DIRECTION('',(0.,0.,1.));
#4692=DIRECTION('',(1.,0.,0.));
#4693=DIRECTION('',(0.,0.,-1.));
#4694=DIRECTION('',(-1.,0.,0.));
#4695=DIRECTION('',(0.,0.,1.));
#4696=DIRECTION('',(1.,0.,0.));
#4697=DIRECTION('',(0.,0.,-1.));
#4698=DIRECTION('',(-1.,0.,0.));
#4699=DIRECTION('',(0.,0.,-1.));
#4700=DIRECTION('',(1.,0.,0.));
#4701=DIRECTION('',(0.,0.,-1.));
#4702=DIRECTION('',(-1.,0.,0.));
#4703=DIRECTION('',(0.,0.,1.));
#4704=DIRECTION('',(1.,0.,0.));
#4705=DIRECTION('',(-1.,0.,0.));
#4706=DIRECTION('',(0.,0.,1.));
#4707=DIRECTION('',(0.,0.,-1.));
#4708=DIRECTION('',(-1.,0.,0.));
#4709=DIRECTION('',(1.,0.,0.));
#4710=DIRECTION('',(0.,-1.,0.));
#4711=DIRECTION('',(1.,0.,0.));
#4712=DIRECTION('',(0.,-1.,0.));
#4713=DIRECTION('',(0.,-1.,0.));
#4714=DIRECTION('',(0.,0.,-1.));
#4715=DIRECTION('',(0.,1.,0.));
#4716=DIRECTION('',(0.,0.,1.));
#4717=DIRECTION('',(0.,-1.,0.));
#4718=DIRECTION('',(0.,1.,0.));
#4719=DIRECTION('',(0.,0.,1.));
#4720=DIRECTION('',(-0.999280013673459,0.,-0.0379401406530218));
#4721=DIRECTION('',(-0.0379401406530218,0.,0.999280013673459));
#4722=DIRECTION('',(0.0379401406530218,0.,-0.999280013673459));
#4723=DIRECTION('',(0.,-1.,0.));
#4724=DIRECTION('',(0.0379401406530218,0.,-0.999280013673459));
#4725=DIRECTION('',(0.,-1.,0.));
#4726=DIRECTION('',(0.,0.,-1.));
#4727=DIRECTION('',(0.,1.,0.));
#4728=DIRECTION('',(0.,0.,1.));
#4729=DIRECTION('',(0.,-1.,0.));
#4730=DIRECTION('',(0.,1.,0.));
#4731=DIRECTION('',(0.,0.,1.));
#4732=DIRECTION('',(0.602122270480731,0.,-0.798403889889779));
#4733=DIRECTION('',(-0.798403889889779,0.,-0.602122270480731));
#4734=DIRECTION('',(0.798403889889779,0.,0.602122270480731));
#4735=DIRECTION('',(0.,-1.,0.));
#4736=DIRECTION('',(0.798403889889779,0.,0.602122270480731));
#4737=DIRECTION('',(0.,0.,1.));
#4738=DIRECTION('',(1.,0.,0.));
#4739=DIRECTION('',(-1.,0.,0.));
#4740=DIRECTION('',(0.,-1.,0.));
#4741=DIRECTION('',(-1.,0.,0.));
#4742=DIRECTION('',(-0.60212227048073,0.,-0.798403889889779));
#4743=DIRECTION('',(-0.798403889889779,0.,0.60212227048073));
#4744=DIRECTION('',(0.798403889889779,0.,-0.60212227048073));
#4745=DIRECTION('',(0.,-1.,0.));
#4746=DIRECTION('',(0.798403889889779,0.,-0.60212227048073));
#4747=DIRECTION('',(0.,-1.,0.));
#4748=DIRECTION('',(0.,0.,-1.));
#4749=DIRECTION('',(0.,1.,0.));
#4750=DIRECTION('',(0.,0.,1.));
#4751=DIRECTION('',(0.,-1.,0.));
#4752=DIRECTION('',(0.,1.,0.));
#4753=DIRECTION('',(0.,0.,1.));
#4754=DIRECTION('',(0.999813363536907,0.,0.0193193709270437));
#4755=DIRECTION('',(0.0193193709270437,0.,-0.999813363536907));
#4756=DIRECTION('',(-0.0193193709270437,0.,0.999813363536907));
#4757=DIRECTION('',(0.,-1.,0.));
#4758=DIRECTION('',(-0.0193193709270437,0.,0.999813363536907));
#4759=DIRECTION('',(0.,-1.,0.));
#4760=DIRECTION('',(0.,0.,-1.));
#4761=DIRECTION('',(0.,1.,0.));
#4762=DIRECTION('',(0.,0.,1.));
#4763=DIRECTION('',(0.,1.,0.));
#4764=DIRECTION('',(0.,0.,1.));
#4765=DIRECTION('',(0.,-1.,0.));
#4766=DIRECTION('',(0.,0.,-1.));
#4767=DIRECTION('',(0.,1.,0.));
#4768=DIRECTION('',(0.,0.,1.));
#4769=DIRECTION('',(0.,1.,0.));
#4770=DIRECTION('',(0.,0.,1.));
#4771=DIRECTION('',(0.,-1.,0.));
#4772=DIRECTION('',(0.,0.,-1.));
#4773=DIRECTION('',(0.,1.,0.));
#4774=DIRECTION('',(0.,0.,1.));
#4775=DIRECTION('',(0.,1.,0.));
#4776=DIRECTION('',(0.,0.,1.));
#4777=DIRECTION('',(0.,-1.,0.));
#4778=DIRECTION('',(0.,0.,-1.));
#4779=DIRECTION('',(0.,1.,0.));
#4780=DIRECTION('',(0.,0.,1.));
#4781=DIRECTION('',(0.,1.,0.));
#4782=DIRECTION('',(0.,0.,1.));
#4783=DIRECTION('',(0.,-1.,0.));
#4784=DIRECTION('',(0.,0.,-1.));
#4785=DIRECTION('',(0.,1.,0.));
#4786=DIRECTION('',(0.,0.,1.));
#4787=DIRECTION('',(0.,1.,0.));
#4788=DIRECTION('',(0.,0.,1.));
#4789=DIRECTION('',(0.,-1.,0.));
#4790=DIRECTION('',(0.,0.,-1.));
#4791=DIRECTION('',(0.,1.,0.));
#4792=DIRECTION('',(0.,0.,1.));
#4793=DIRECTION('',(0.,1.,0.));
#4794=DIRECTION('',(0.,0.,1.));
#4795=DIRECTION('',(0.,-1.,0.));
#4796=DIRECTION('',(0.,0.,-1.));
#4797=DIRECTION('',(0.,1.,0.));
#4798=DIRECTION('',(0.,0.,1.));
#4799=DIRECTION('',(0.,1.,0.));
#4800=DIRECTION('',(0.,0.,1.));
#4801=DIRECTION('',(0.,-1.,0.));
#4802=DIRECTION('',(0.,0.,-1.));
#4803=DIRECTION('',(0.,1.,0.));
#4804=DIRECTION('',(0.,0.,1.));
#4805=DIRECTION('',(0.,1.,0.));
#4806=DIRECTION('',(0.,0.,1.));
#4807=DIRECTION('',(0.,-1.,0.));
#4808=DIRECTION('',(0.,0.,-1.));
#4809=DIRECTION('',(0.,1.,0.));
#4810=DIRECTION('',(0.,0.,1.));
#4811=DIRECTION('',(0.,1.,0.));
#4812=DIRECTION('',(0.,0.,1.));
#4813=DIRECTION('',(0.,-1.,0.));
#4814=DIRECTION('',(0.,0.,-1.));
#4815=DIRECTION('',(0.,1.,0.));
#4816=DIRECTION('',(0.,0.,1.));
#4817=DIRECTION('',(0.,1.,0.));
#4818=DIRECTION('',(0.,0.,1.));
#4819=DIRECTION('',(0.,-1.,0.));
#4820=DIRECTION('',(0.,0.,-1.));
#4821=DIRECTION('',(0.,-1.,0.));
#4822=DIRECTION('',(0.,0.,1.));
#4823=DIRECTION('',(0.,-1.,0.));
#4824=DIRECTION('',(0.,0.,1.));
#4825=DIRECTION('',(0.,1.,0.));
#4826=DIRECTION('',(-1.,0.,0.));
#4827=DIRECTION('',(0.,1.,0.));
#4828=DIRECTION('',(-1.,0.,0.));
#4829=DIRECTION('',(0.,0.,1.));
#4830=DIRECTION('',(1.,0.,0.));
#4831=DIRECTION('',(0.,1.,0.));
#4832=DIRECTION('',(0.,0.,1.));
#4833=DIRECTION('',(-1.,-1.66533453693771E-15,-3.37022542929347E-17));
#4834=DIRECTION('',(3.37022542929346E-17,3.975854800741E-17,-1.));
#4835=DIRECTION('',(0.722365458465057,0.688195997527612,-0.0676344099075542));
#4836=DIRECTION('',(-0.510839663227475,0.509231587077267,-0.692622573409507));
#4837=DIRECTION('',(-0.482962913144534,-0.836516303737808,-0.258819045102521));
#4838=DIRECTION('',(0.866025403784439,-0.5,0.));
#4839=DIRECTION('',(0.821463522299368,0.526172948747024,-0.219862933525364));
#4840=DIRECTION('',(0.,0.,1.));
#4841=DIRECTION('',(0.722365458465057,0.688195997527612,-0.0676344099075542));
#4842=DIRECTION('',(0.696427322432117,-0.187784332077046,-0.692622573409509));
#4843=DIRECTION('',(0.544111357036261,0.828622226807339,-0.131635999578405));
#4844=DIRECTION('',(0.,-1.,0.));
#4845=DIRECTION('',(0.693492292049102,-0.295651531471937,0.657007315641752));
#4846=DIRECTION('',(0.,-1.,0.));
#4847=DIRECTION('',(-0.866025403784439,0.5,-1.14938745233726E-16));
#4848=DIRECTION('',(-0.696427322432119,0.187784332077048,0.692622573409506));
#4849=DIRECTION('',(0.992893859221985,0.0897869319623513,-0.0781030804005852));
#4850=DIRECTION('',(0.,-1.,0.));
#4851=DIRECTION('',(-0.866025403784439,0.5,-2.87346863084316E-16));
#4852=DIRECTION('',(0.717563424937805,-0.67484581577064,-0.172295838975835));
#4853=DIRECTION('',(0.,-1.,0.));
#4854=DIRECTION('',(0.,0.,1.));
#4855=DIRECTION('',(0.510839663227473,-0.509231587077267,0.692622573409509));
#4856=DIRECTION('',(-0.482962913144534,-0.836516303737808,-0.258819045102521));
#4857=DIRECTION('',(0.866025403784439,-0.5,0.));
#4858=DIRECTION('',(-0.482962913144534,-0.836516303737808,-0.258819045102521));
#4859=DIRECTION('',(0.875640807938361,-0.461383648732996,-0.142752597716756));
#4860=DIRECTION('',(-0.482962913144534,-0.836516303737808,-0.258819045102521));
#4861=DIRECTION('',(-0.12940952255126,-0.224143868042013,0.965925826289068));
#4862=DIRECTION('',(-0.482962913144534,-0.836516303737808,-0.258819045102521));
#4863=DIRECTION('',(-0.12940952255126,-0.224143868042013,0.965925826289068));
#4864=DIRECTION('',(-0.482962913144534,-0.836516303737808,-0.258819045102521));
#4865=DIRECTION('',(-0.12940952255126,-0.224143868042013,0.965925826289068));
#4866=DIRECTION('',(-0.482962913144534,-0.836516303737808,-0.258819045102521));
#4867=DIRECTION('',(-0.12940952255126,-0.224143868042013,0.965925826289068));
#4868=DIRECTION('',(-0.482962913144534,-0.836516303737808,-0.258819045102521));
#4869=DIRECTION('',(-0.12940952255126,-0.224143868042013,0.965925826289068));
#4870=DIRECTION('',(-0.482962913144534,-0.836516303737808,-0.258819045102521));
#4871=DIRECTION('',(-0.12940952255126,-0.224143868042013,0.965925826289068));
#4872=DIRECTION('',(1.,0.,0.));
#4873=DIRECTION('',(0.,1.,0.));
#4874=DIRECTION('',(1.,0.,0.));
#4875=DIRECTION('',(0.,0.,-1.));
#4876=DIRECTION('',(1.,0.,0.));
#4877=DIRECTION('',(0.,0.,-1.));
#4878=DIRECTION('',(-0.482962913144534,-0.836516303737808,-0.258819045102521));
#4879=DIRECTION('',(0.875640807938361,-0.461383648732996,-0.142752597716756));
#4880=DIRECTION('',(-0.482962913144534,-0.836516303737808,-0.258819045102521));
#4881=DIRECTION('',(0.866025403784439,-0.5,0.));
#4882=DIRECTION('',(-0.482962913144534,-0.836516303737808,-0.258819045102521));
#4883=DIRECTION('',(0.866025403784439,-0.5,0.));
#4884=DIRECTION('',(-0.482962913144534,-0.836516303737808,-0.258819045102521));
#4885=DIRECTION('',(0.866025403784439,-0.5,0.));
#4886=DIRECTION('',(-0.482962913144534,-0.836516303737808,-0.258819045102521));
#4887=DIRECTION('',(0.866025403784439,-0.5,0.));
#4888=DIRECTION('',(-0.482962913144534,-0.836516303737808,-0.258819045102521));
#4889=DIRECTION('',(0.866025403784439,-0.5,0.));
#4890=DIRECTION('',(-0.482962913144534,-0.836516303737808,-0.258819045102521));
#4891=DIRECTION('',(0.866025403784439,-0.5,0.));
#4892=DIRECTION('',(-0.482962913144534,-0.836516303737808,-0.258819045102521));
#4893=DIRECTION('',(0.866025403784439,-0.5,0.));
#4894=DIRECTION('',(1.,0.,0.));
#4895=DIRECTION('',(0.,1.,0.));
#4896=DIRECTION('',(1.,0.,0.));
#4897=DIRECTION('',(0.,0.,-1.));
#4898=DIRECTION('',(1.,0.,0.));
#4899=DIRECTION('',(0.,0.,-1.));
#4900=DIRECTION('',(-1.,0.,0.));
#4901=DIRECTION('',(0.,0.,1.));
#4902=DIRECTION('',(-1.,0.,0.));
#4903=DIRECTION('',(0.,0.,1.));
#4904=DIRECTION('',(-0.482962913144534,-0.836516303737808,-0.258819045102521));
#4905=DIRECTION('',(0.12940952255126,0.224143868042013,-0.965925826289068));
#4906=DIRECTION('',(-0.482962913144534,-0.836516303737808,-0.258819045102521));
#4907=DIRECTION('',(-0.12940952255126,-0.224143868042013,0.965925826289068));
#4908=DIRECTION('',(0.482962913144534,0.836516303737808,0.258819045102521));
#4909=DIRECTION('',(-0.866025403784439,0.5,0.));
#4910=DIRECTION('',(0.482962913144534,0.836516303737808,0.258819045102521));
#4911=DIRECTION('',(-0.866025403784439,0.5,0.));
#4912=DIRECTION('',(0.482962913144534,0.836516303737808,0.258819045102521));
#4913=DIRECTION('',(-0.866025403784439,0.5,0.));
#4914=DIRECTION('',(0.482962913144534,0.836516303737808,0.258819045102521));
#4915=DIRECTION('',(-0.866025403784439,0.5,0.));
#4916=DIRECTION('',(0.482962913144534,0.836516303737808,0.258819045102521));
#4917=DIRECTION('',(-0.866025403784439,0.5,0.));
#4918=DIRECTION('',(0.482962913144534,0.836516303737808,0.258819045102521));
#4919=DIRECTION('',(-0.866025403784439,0.5,0.));
#4920=DIRECTION('',(0.482962913144534,0.836516303737808,0.258819045102521));
#4921=DIRECTION('',(-0.866025403784439,0.5,0.));
#4922=DIRECTION('',(0.482962913144534,0.836516303737808,0.258819045102521));
#4923=DIRECTION('',(-0.866025403784439,0.5,0.));
#4924=DIRECTION('',(0.,0.,1.));
#4925=DIRECTION('',(1.,0.,0.));
#4926=DIRECTION('',(-4.16333634234433E-17,1.,1.15555796663234E-33));
#4927=DIRECTION('',(1.,4.16333634234433E-17,3.45166095876534E-18));
#4928=DIRECTION('',(-1.,-1.66533453693771E-15,-3.37022542929347E-17));
#4929=DIRECTION('',(3.37022542929346E-17,3.975854800741E-17,-1.));
#4930=DIRECTION('',(2.99364653094609E-16,1.,1.77635683940023E-15));
#4931=DIRECTION('',(-1.,2.99364653094608E-16,1.52655665885957E-16));
#4932=DIRECTION('',(0.,1.,0.));
#4933=DIRECTION('',(1.,0.,0.));
#4934=DIRECTION('',(0.922955874179537,-0.358403967106773,-0.14035330662159));
#4935=DIRECTION('',(0.922955874179537,-0.358403967106773,-0.14035330662159));
#4936=DIRECTION('',(0.889617620154193,-0.453811767296944,0.0513358527153659));
#4937=DIRECTION('',(0.696427322432117,0.187784332077046,0.692622573409509));
#4938=DIRECTION('',(-0.482962913144534,0.836516303737808,0.258819045102521));
#4939=DIRECTION('',(-0.866025403784439,-0.5,0.));
#4940=DIRECTION('',(0.510839663227473,0.509231587077267,-0.692622573409509));
#4941=DIRECTION('',(0.998906398991115,-0.0246325126736404,0.0397397203561532));
#4942=DIRECTION('',(0.,-1.,0.));
#4943=DIRECTION('',(-0.482962913144534,0.836516303737808,0.258819045102521));
#4944=DIRECTION('',(-0.866025403784439,-0.5,0.));
#4945=DIRECTION('',(-0.482962913144534,0.836516303737808,0.258819045102521));
#4946=DIRECTION('',(0.12940952255126,-0.224143868042013,0.965925826289068));
#4947=DIRECTION('',(-0.482962913144534,0.836516303737808,0.258819045102521));
#4948=DIRECTION('',(-0.866025403784439,-0.5,0.));
#4949=DIRECTION('',(-0.70710678118655,0.707106781186545,0.));
#4950=DIRECTION('',(-0.707106781186545,-0.70710678118655,0.));
#4951=DIRECTION('',(0.,0.,-1.));
#4952=DIRECTION('',(-0.707106781186545,-0.70710678118655,0.));
#4953=DIRECTION('',(-0.707106781186545,-0.70710678118655,0.));
#4954=DIRECTION('',(0.,0.,-1.));
#4955=DIRECTION('',(-0.707106781186545,-0.70710678118655,0.));
#4956=DIRECTION('',(0.707106781186545,0.70710678118655,0.));
#4957=DIRECTION('',(0.,-1.,0.));
#4958=DIRECTION('',(0.856241404798827,-0.500680144551819,0.127161509741357));
#4959=DIRECTION('',(0.866025403784439,0.5,-2.15510147313237E-16));
#4960=DIRECTION('',(0.,-1.,0.));
#4961=DIRECTION('',(0.496628901131091,0.544428445949189,0.675986243796925));
#4962=DIRECTION('',(-0.510839663227474,-0.509231587077267,0.692622573409508));
#4963=DIRECTION('',(-0.696427322432116,-0.187784332077045,-0.69262257340951));
#4964=DIRECTION('',(-0.482962913144534,0.836516303737808,0.258819045102521));
#4965=DIRECTION('',(-0.866025403784439,-0.5,0.));
#4966=DIRECTION('',(0.,0.,-1.));
#4967=DIRECTION('',(0.878126037660134,0.471736583323626,0.0797449555612435));
#4968=DIRECTION('',(0.,-1.,0.));
#4969=DIRECTION('',(0.866025403784439,0.5,1.72408117850589E-16));
#4970=DIRECTION('',(-1.,0.,0.));
#4971=DIRECTION('',(0.,-1.,0.));
#4972=DIRECTION('',(-1.,0.,0.));
#4973=DIRECTION('',(0.,0.,1.));
#4974=DIRECTION('',(0.,0.,-1.));
#4975=DIRECTION('',(-0.482962913144534,0.836516303737808,0.258819045102521));
#4976=DIRECTION('',(-0.875640807938361,-0.461383648732996,-0.142752597716756));
#4977=DIRECTION('',(-0.482962913144534,0.836516303737808,0.258819045102521));
#4978=DIRECTION('',(0.12940952255126,-0.224143868042013,0.965925826289068));
#4979=DIRECTION('',(-0.482962913144534,0.836516303737808,0.258819045102521));
#4980=DIRECTION('',(0.12940952255126,-0.224143868042013,0.965925826289068));
#4981=DIRECTION('',(-0.482962913144534,0.836516303737808,0.258819045102521));
#4982=DIRECTION('',(0.12940952255126,-0.224143868042013,0.965925826289068));
#4983=DIRECTION('',(-0.482962913144534,0.836516303737808,0.258819045102521));
#4984=DIRECTION('',(0.12940952255126,-0.224143868042013,0.965925826289068));
#4985=DIRECTION('',(-0.482962913144534,0.836516303737808,0.258819045102521));
#4986=DIRECTION('',(0.12940952255126,-0.224143868042013,0.965925826289068));
#4987=DIRECTION('',(0.,0.,1.));
#4988=DIRECTION('',(1.,0.,0.));
#4989=DIRECTION('',(1.,0.,0.));
#4990=DIRECTION('',(0.,0.,1.));
#4991=DIRECTION('',(1.,0.,0.));
#4992=DIRECTION('',(1.,0.,0.));
#4993=DIRECTION('',(0.,-1.,0.));
#4994=DIRECTION('',(1.,0.,0.));
#4995=DIRECTION('',(0.,-1.,0.));
#4996=DIRECTION('',(0.,0.,-1.));
#4997=DIRECTION('',(-1.,0.,0.));
#4998=DIRECTION('',(0.,-1.,0.));
#4999=DIRECTION('',(-1.,0.,0.));
#5000=DIRECTION('',(0.,0.,1.));
#5001=DIRECTION('',(-1.,0.,0.));
#5002=DIRECTION('',(0.,0.,1.));
#5003=DIRECTION('',(0.,0.,-1.));
#5004=DIRECTION('',(-0.482962913144534,0.836516303737808,0.258819045102521));
#5005=DIRECTION('',(-0.875640807938361,-0.461383648732996,-0.142752597716756));
#5006=DIRECTION('',(0.482962913144534,-0.836516303737808,-0.258819045102521));
#5007=DIRECTION('',(0.866025403784439,0.5,0.));
#5008=DIRECTION('',(-0.482962913144534,0.836516303737808,0.258819045102521));
#5009=DIRECTION('',(-0.866025403784439,-0.5,0.));
#5010=DIRECTION('',(-0.482962913144534,0.836516303737808,0.258819045102521));
#5011=DIRECTION('',(-0.866025403784439,-0.5,0.));
#5012=DIRECTION('',(-0.482962913144534,0.836516303737808,0.258819045102521));
#5013=DIRECTION('',(-0.866025403784439,-0.5,0.));
#5014=DIRECTION('',(-0.482962913144534,0.836516303737808,0.258819045102521));
#5015=DIRECTION('',(-0.866025403784439,-0.5,0.));
#5016=DIRECTION('',(-0.482962913144534,0.836516303737808,0.258819045102521));
#5017=DIRECTION('',(-0.866025403784439,-0.5,0.));
#5018=DIRECTION('',(0.,0.,1.));
#5019=DIRECTION('',(1.,0.,0.));
#5020=DIRECTION('',(-1.,0.,0.));
#5021=DIRECTION('',(0.,0.,1.));
#5022=DIRECTION('',(1.,0.,0.));
#5023=DIRECTION('',(-1.,0.,0.));
#5024=DIRECTION('',(0.,-1.,0.));
#5025=DIRECTION('',(1.,0.,0.));
#5026=DIRECTION('',(0.,-1.,0.));
#5027=DIRECTION('',(0.,0.,-1.));
#5028=DIRECTION('',(1.,0.,0.));
#5029=DIRECTION('',(0.,0.,-1.));
#5030=DIRECTION('',(0.,1.,0.));
#5031=DIRECTION('',(0.,0.,1.));
#5032=DIRECTION('',(-0.482962913144534,0.836516303737808,0.258819045102521));
#5033=DIRECTION('',(-0.12940952255126,0.224143868042013,-0.965925826289068));
#5034=DIRECTION('',(-0.482962913144534,0.836516303737808,0.258819045102521));
#5035=DIRECTION('',(0.12940952255126,-0.224143868042013,0.965925826289068));
#5036=DIRECTION('',(-0.482962913144534,0.836516303737808,0.258819045102521));
#5037=DIRECTION('',(-0.866025403784439,-0.5,0.));
#5038=DIRECTION('',(-0.482962913144534,0.836516303737808,0.258819045102521));
#5039=DIRECTION('',(-0.866025403784439,-0.5,0.));
#5040=DIRECTION('',(-0.482962913144534,0.836516303737808,0.258819045102521));
#5041=DIRECTION('',(-0.866025403784439,-0.5,0.));
#5042=DIRECTION('',(-0.482962913144534,0.836516303737808,0.258819045102521));
#5043=DIRECTION('',(-0.866025403784439,-0.5,0.));
#5044=DIRECTION('',(-0.482962913144534,0.836516303737808,0.258819045102521));
#5045=DIRECTION('',(-0.866025403784439,-0.5,0.));
#5046=DIRECTION('',(-0.482962913144534,0.836516303737808,0.258819045102521));
#5047=DIRECTION('',(-0.866025403784439,-0.5,0.));
#5048=DIRECTION('',(-0.482962913144534,0.836516303737808,0.258819045102521));
#5049=DIRECTION('',(-0.866025403784439,-0.5,0.));
#5050=DIRECTION('',(1.,0.,0.));
#5051=DIRECTION('',(0.,0.,-1.));
#5052=DIRECTION('',(-1.,0.,0.));
#5053=DIRECTION('',(0.,0.,1.));
#5054=DIRECTION('',(-1.,0.,0.));
#5055=DIRECTION('',(0.,-1.,0.));
#5056=DIRECTION('',(0.,0.,1.));
#5057=DIRECTION('',(1.,0.,0.));
#5058=DIRECTION('',(0.,1.,0.));
#5059=DIRECTION('',(1.,0.,0.));
#5060=DIRECTION('',(-0.48296291314453,-0.83651630373781,-0.25881904510252));
#5061=DIRECTION('',(0.866025403784441,-0.499999999999996,-8.42631071824094E-17));
#5062=DIRECTION('',(2.99364653094609E-16,1.,1.77635683940023E-15));
#5063=DIRECTION('',(-1.,2.99364653094608E-16,1.52655665885957E-16));
#5064=DIRECTION('',(6.37399128466662E-16,-1.,9.71445146547011E-17));
#5065=DIRECTION('',(-8.13752302369391E-17,-9.71445146547012E-17,-1.));
#5066=DIRECTION('',(-0.482962913144534,-0.836516303737808,-0.258819045102521));
#5067=DIRECTION('',(0.875640807938361,-0.461383648732996,-0.142752597716756));
#5068=DIRECTION('',(0.482962913144534,-0.836516303737808,-0.258819045102519));
#5069=DIRECTION('',(0.866025403784439,0.5,-5.55111512312579E-17));
#5070=DIRECTION('',(0.482962913144534,-0.836516303737808,-0.258819045102521));
#5071=DIRECTION('',(0.875640807938361,0.461383648732996,0.142752597716756));
#5072=DIRECTION('',(0.482962913144534,-0.836516303737808,-0.258819045102519));
#5073=DIRECTION('',(0.866025403784439,0.5,-5.55111512312579E-17));
#5074=DIRECTION('',(1.,-6.82961998416066E-17,0.));
#5075=DIRECTION('',(6.82961998416066E-17,1.,0.));
#5076=DIRECTION('',(-6.82961998416066E-17,-1.,0.));
#5077=DIRECTION('',(0.,0.,-1.));
#5078=DIRECTION('',(-6.82961998416066E-17,-1.,0.));
#5079=DIRECTION('',(0.,0.,-1.));
#5080=DIRECTION('',(0.,-1.,0.));
#5081=DIRECTION('',(0.,0.,-1.));
#5082=DIRECTION('',(-1.,0.,0.));
#5083=DIRECTION('',(0.,0.,-1.));
#5084=DIRECTION('',(-1.,0.,0.));
#5085=DIRECTION('',(1.,-6.82961998416066E-17,0.));
#5086=DIRECTION('',(6.82961998416066E-17,1.,0.));
#5087=DIRECTION('',(-6.82961998416066E-17,-1.,0.));
#5088=DIRECTION('',(0.,0.,-1.));
#5089=DIRECTION('',(-6.82961998416066E-17,-1.,0.));
#5090=DIRECTION('',(0.,-1.,0.));
#5091=DIRECTION('',(0.,0.,-1.));
#5092=DIRECTION('',(-1.,0.,0.));
#5093=DIRECTION('',(-1.,0.,0.));
#5094=DIRECTION('',(0.,0.,1.));
#5095=DIRECTION('',(1.,0.,0.));
#5096=DIRECTION('',(0.,0.,1.));
#5097=DIRECTION('',(1.,0.,0.));
#5098=DIRECTION('',(0.,0.,1.));
#5099=DIRECTION('',(1.,0.,0.));
#5100=CARTESIAN_POINT('',(0.,0.,0.));
#5101=CARTESIAN_POINT('',(0.003124,0.,-0.0010668));
#5102=CARTESIAN_POINT('',(0.003124,-0.0195625,-0.0010668));
#5103=CARTESIAN_POINT('',(0.0006348,-0.0195625,-0.0010668));
#5104=CARTESIAN_POINT('',(0.003124,0.0195625,-0.0010668));
#5105=CARTESIAN_POINT('',(0.0006348,0.0195625,-0.0010668));
#5106=CARTESIAN_POINT('',(0.013003,-0.0109855,-0.0010668));
#5107=CARTESIAN_POINT('',(0.016724,-0.0109855,-0.0010668));
#5108=CARTESIAN_POINT('',(0.0148525445302954,-0.0109855,-0.00106680000002481));
#5109=CARTESIAN_POINT('',(0.016724,-3.46944695195361E-18,-0.0010668));
#5110=CARTESIAN_POINT('',(0.016724,-0.0125855,-0.0010668));
#5111=CARTESIAN_POINT('',(0.016724,-3.46944695195361E-18,-0.0010668));
#5112=CARTESIAN_POINT('',(0.016724,-0.0141,-0.0010668));
#5113=CARTESIAN_POINT('',(0.0118625755251479,-0.0188255610328626,-0.0010668));
#5114=CARTESIAN_POINT('',(0.00700115105029586,-0.0235511220657252,-0.0010668));
#5115=CARTESIAN_POINT('',(0.003124,-0.0195625,-0.0010668));
#5116=CARTESIAN_POINT('',(-0.000753151050295862,-0.0235511220657252,-0.0010668));
#5117=CARTESIAN_POINT('',(-0.00561457552514793,-0.0188255610328626,-0.0010668));
#5118=CARTESIAN_POINT('',(-0.010476,-0.0141,-0.0010668));
#5119=CARTESIAN_POINT('',(-0.010476,0.,-0.0010668));
#5120=CARTESIAN_POINT('',(-0.010476,0.0141,-0.0010668));
#5121=CARTESIAN_POINT('',(-0.00561457552514793,0.0188255610328626,-0.0010668));
#5122=CARTESIAN_POINT('',(-0.00075315105029587,0.0235511220657252,-0.0010668));
#5123=CARTESIAN_POINT('',(0.003124,0.0195625,-0.0010668));
#5124=CARTESIAN_POINT('',(0.00700115105029586,0.0235511220657252,-0.0010668));
#5125=CARTESIAN_POINT('',(0.0118625755251479,0.0188255610328626,-0.0010668));
#5126=CARTESIAN_POINT('',(0.016724,0.0141,-0.0010668));
#5127=CARTESIAN_POINT('',(0.0167246613795529,0.0126098713365919,-0.0010668));
#5128=CARTESIAN_POINT('',(0.016724,0.0125855,-0.0010668));
#5129=CARTESIAN_POINT('',(0.016724,-3.46944695195361E-18,-0.0010668));
#5130=CARTESIAN_POINT('',(0.016724,0.0109855,-0.0010668));
#5131=CARTESIAN_POINT('',(0.003124,0.0109855,-0.0010668));
#5132=CARTESIAN_POINT('',(0.0149307439346046,0.0109854999999995,-0.0010668));
#5133=CARTESIAN_POINT('',(0.0149299724022987,0.0127828056862499,-0.00106679999999999));
#5134=CARTESIAN_POINT('',(0.0149304036576856,0.0121837036761455,-0.00106679999999999));
#5135=CARTESIAN_POINT('',(0.0149306604871939,0.0115846017809579,-0.0010668));
#5136=CARTESIAN_POINT('',(0.0149307439346046,0.0109854999999995,-0.0010668));
#5137=CARTESIAN_POINT('',(0.0149299724022987,0.0127828056862499,-0.0010668));
#5138=CARTESIAN_POINT('',(0.0149299724022988,0.0127828056862499,-0.0010668));
#5139=CARTESIAN_POINT('',(0.0131739453592366,0.0145659294646185,-0.0010668));
#5140=CARTESIAN_POINT('',(0.0114027398583649,0.016334104504404,-0.0010668));
#5141=CARTESIAN_POINT('',(0.0096222950864023,0.0180928772522177,-0.0010668));
#5142=CARTESIAN_POINT('',(0.00962229508639783,0.0180928772522131,-0.0010668));
#5143=CARTESIAN_POINT('',(0.000163275650811949,0.001709375,-0.0010668));
#5144=CARTESIAN_POINT('',(0.006797391087719,0.0132,-0.0010668));
#5145=CARTESIAN_POINT('',(0.003124,0.0132,-0.0010668));
#5146=CARTESIAN_POINT('',(-0.000549391087719001,0.0132,-0.0010668));
#5147=CARTESIAN_POINT('',(0.00608472434918805,0.001709375,-0.0010668));
#5148=CARTESIAN_POINT('',(-0.00349548189228188,0.0183027789572144,-0.0010668));
#5149=CARTESIAN_POINT('',(-0.00883213586877808,0.0131514334425127,-0.0010668));
#5150=CARTESIAN_POINT('',(-0.00706174069455867,0.0148773057232879,-0.0010668));
#5151=CARTESIAN_POINT('',(-0.00528344424264273,0.0165951355865043,-0.0010668));
#5152=CARTESIAN_POINT('',(-0.0034954818922819,0.0183027789572143,-0.0010668));
#5153=CARTESIAN_POINT('',(-0.00883213586877808,0.0131514334425127,-0.0010668));
#5154=CARTESIAN_POINT('',(-0.00883213586877808,0.0131514334425127,-0.0010668));
#5155=CARTESIAN_POINT('',(-0.0088629133430774,0.00443837603339902,-0.0010668));
#5156=CARTESIAN_POINT('',(-0.00886636875702635,-0.00427474283593147,-0.0010668));
#5157=CARTESIAN_POINT('',(-0.00886494293927695,-0.0129878505265472,-0.0010668));
#5158=CARTESIAN_POINT('',(-0.00886494293927695,-0.0129878505265472,-0.0010668));
#5159=CARTESIAN_POINT('',(-0.00886494293927695,-0.0129878505265472,-0.0010668));
#5160=CARTESIAN_POINT('',(-0.00708838931990969,-0.0147745007687671,-0.0010668));
#5161=CARTESIAN_POINT('',(-0.00529919280557364,-0.0165486253564834,-0.00106679999999999));
#5162=CARTESIAN_POINT('',(-0.00350284125153003,-0.0183155257413433,-0.00106679999999999));
#5163=CARTESIAN_POINT('',(-0.00350284125153001,-0.0183155257413433,-0.0010668));
#5164=CARTESIAN_POINT('',(0.00608472434918805,-0.001709375,-0.0010668));
#5165=CARTESIAN_POINT('',(-0.000549391087719001,-0.0132,-0.0010668));
#5166=CARTESIAN_POINT('',(0.003124,-0.0132,-0.0010668));
#5167=CARTESIAN_POINT('',(0.006797391087719,-0.0132,-0.0010668));
#5168=CARTESIAN_POINT('',(0.000163275650811949,-0.001709375,-0.0010668));
#5169=CARTESIAN_POINT('',(0.00961477673392607,-0.0180798550837459,-0.0010668));
#5170=CARTESIAN_POINT('',(0.0148360792297584,-0.0130474741462055,-0.0010668));
#5171=CARTESIAN_POINT('',(0.0131064423699337,-0.0147360423989206,-0.0010668));
#5172=CARTESIAN_POINT('',(0.0113663214128837,-0.0164139298234888,-0.0010668));
#5173=CARTESIAN_POINT('',(0.00961477673392608,-0.0180798550837459,-0.0010668));
#5174=CARTESIAN_POINT('',(0.0148360792297584,-0.0130474741462055,-0.0010668));
#5175=CARTESIAN_POINT('',(0.0148360792297584,-0.0130474741462055,-0.0010668));
#5176=CARTESIAN_POINT('',(0.014841855710052,-0.0123601513345148,-0.0010668));
#5177=CARTESIAN_POINT('',(0.0148473420376098,-0.0116728266051946,-0.0010668));
#5178=CARTESIAN_POINT('',(0.0148525445302803,-0.0109854999999999,-0.0010668));
#5179=CARTESIAN_POINT('',(0.016724,-3.46944695195361E-18,0.0052342));
#5180=CARTESIAN_POINT('',(0.016724,-0.0109855,0.0012827));
#5181=CARTESIAN_POINT('',(0.016724,-0.0109855,0.0036322));
#5182=CARTESIAN_POINT('',(0.016724,0.,0.0036322));
#5183=CARTESIAN_POINT('',(0.016724,0.0109855,0.0036322));
#5184=CARTESIAN_POINT('',(0.016724,0.0109855,0.0012827));
#5185=CARTESIAN_POINT('',(0.016724,0.0125855,0.0052342));
#5186=CARTESIAN_POINT('',(0.016724,0.0125855,0.0052322));
#5187=CARTESIAN_POINT('',(0.016724,-3.46944695195361E-18,0.0052322));
#5188=CARTESIAN_POINT('',(0.016724,-0.0125855,0.0052322));
#5189=CARTESIAN_POINT('',(0.016724,-0.0125855,0.0052342));
#5190=CARTESIAN_POINT('',(-0.010487442421175,-0.0141802264431488,-0.0011631206922355));
#5191=CARTESIAN_POINT('',(-0.010476,-0.0141,-0.0010668));
#5192=CARTESIAN_POINT('',(-0.00856900686722356,-0.000729466455346295,0.014986));
#5193=CARTESIAN_POINT('',(-0.0100800361432633,-0.0145747034528022,-0.0011631206922355));
#5194=CARTESIAN_POINT('',(-0.0100708812937623,-0.0144937967527385,-0.0010668));
#5195=CARTESIAN_POINT('',(-0.00854513470018586,-0.00100989163704223,0.014986));
#5196=CARTESIAN_POINT('',(-0.00966694917132643,-0.0149748117687716,-0.0011631206922355));
#5197=CARTESIAN_POINT('',(-0.00966003597751921,-0.0148931600724848,-0.0010668));
#5198=CARTESIAN_POINT('',(-0.00850788356900838,-0.00128509393703601,0.014986));
#5199=CARTESIAN_POINT('',(-0.00883372355556067,-0.0157820868389455,-0.0011631206922355));
#5200=CARTESIAN_POINT('',(-0.00883118708252617,-0.0156988449207369,-0.0010668));
#5201=CARTESIAN_POINT('',(-0.00840845865955584,-0.00182575250824143,0.014986));
#5202=CARTESIAN_POINT('',(-0.00841358492053257,-0.0161892535710557,-0.0011631206922355));
#5203=CARTESIAN_POINT('',(-0.00841318350377626,-0.0161051664492428,-0.0010668));
#5204=CARTESIAN_POINT('',(-0.00834628341454132,-0.00209121246168746,0.014986));
#5205=CARTESIAN_POINT('',(-0.00757057158538701,-0.0170064408097002,-0.0011631206922355));
#5206=CARTESIAN_POINT('',(-0.00757431304127369,-0.0169205927897584,-0.0010668));
#5207=CARTESIAN_POINT('',(-0.00819786382422379,-0.00261316764009647,0.014986));
#5208=CARTESIAN_POINT('',(-0.00714769689987144,-0.017416461267863,-0.0011631206922355));
#5209=CARTESIAN_POINT('',(-0.00715344615752105,-0.0173296976017681,-0.0010668));
#5210=CARTESIAN_POINT('',(-0.00811161704537122,-0.00286967092668743,0.014986));
#5211=CARTESIAN_POINT('',(-0.00630353257940931,-0.0182351521233405,-0.0011631206922355));
#5212=CARTESIAN_POINT('',(-0.00631314404251713,-0.0181465155840356,-0.0010668));
#5213=CARTESIAN_POINT('',(-0.00791498982867481,-0.00337435598747468,0.014986));
#5214=CARTESIAN_POINT('',(-0.00588224296224532,-0.0186438224738636,-0.0011631206922355));
#5215=CARTESIAN_POINT('',(-0.00589370881126584,-0.0185542287542934,-0.0010668));
#5216=CARTESIAN_POINT('',(-0.00780460642718692,-0.00362254555998254,0.014986));
#5217=CARTESIAN_POINT('',(-0.0050455749132374,-0.0194556115856694,-0.0011631206922355));
#5218=CARTESIAN_POINT('',(-0.00506056495876873,-0.0193640885278012,-0.0010668));
#5219=CARTESIAN_POINT('',(-0.00755880492487008,-0.00411086194431247,0.014986));
#5220=CARTESIAN_POINT('',(-0.00463019650363536,-0.0198587302994877,-0.0011631206922355));
#5221=CARTESIAN_POINT('',(-0.00464685633752289,-0.0197662351310514,-0.0010668));
#5222=CARTESIAN_POINT('',(-0.0074233831172097,-0.00435099666655579,0.014986));
#5223=CARTESIAN_POINT('',(-0.00380968142945844,-0.0206552183219032,-0.0011631206922355));
#5224=CARTESIAN_POINT('',(-0.00382946066254074,-0.0205607868452881,-0.0010668));
#5225=CARTESIAN_POINT('',(-0.00712586629932062,-0.00482284339176179,0.014986));
#5226=CARTESIAN_POINT('',(-0.0034045447941039,-0.0210485875807692,-0.0011631206922355));
#5227=CARTESIAN_POINT('',(-0.00342577360880442,-0.0209531919562747,-0.0010668));
#5228=CARTESIAN_POINT('',(-0.00696376641923133,-0.00505456368291017,0.014986));
#5229=CARTESIAN_POINT('',(-0.00280777181769883,-0.0216281849268352,-0.0011631206922355));
#5230=CARTESIAN_POINT('',(-0.00283098042196017,-0.0215313623096152,-0.0010668));
#5231=CARTESIAN_POINT('',(-0.00669892482559299,-0.00539491152592942,0.014986));
#5232=CARTESIAN_POINT('',(-0.00261066951424879,-0.0218196413301701,-0.0011631206922355));
#5233=CARTESIAN_POINT('',(-0.00263450559197212,-0.0217223462085388,-0.0010668));
#5234=CARTESIAN_POINT('',(-0.00660702467999422,-0.00550714787188177,0.014986));
#5235=CARTESIAN_POINT('',(-0.00222065098524911,-0.0221985452500753,-0.0011631206922355));
#5236=CARTESIAN_POINT('',(-0.00224567193293743,-0.0221003130363492,-0.0010668));
#5237=CARTESIAN_POINT('',(-0.00641566136852936,-0.00572893899506571,0.014986));
#5238=CARTESIAN_POINT('',(-0.00202773476116445,-0.0223859927649607,-0.0011631206922355));
#5239=CARTESIAN_POINT('',(-0.00205331310389078,-0.022287295965236,-0.0010668));
#5240=CARTESIAN_POINT('',(-0.00631619795851067,-0.00583849405311632,0.014986));
#5241=CARTESIAN_POINT('',(-0.00164663055219176,-0.0227563559106172,-0.0011631206922355));
#5242=CARTESIAN_POINT('',(-0.00167324831642692,-0.0226567389873159,-0.0010668));
#5243=CARTESIAN_POINT('',(-0.00610936308883137,-0.0060545893426552,0.014986));
#5244=CARTESIAN_POINT('',(-0.0014584425690341,-0.0229392715396766,-0.0011631206922355));
#5245=CARTESIAN_POINT('',(-0.00148554235800971,-0.022839199080509,-0.0010668));
#5246=CARTESIAN_POINT('',(-0.00600199134079012,-0.00616112985941779,0.014986));
#5247=CARTESIAN_POINT('',(-0.00108733708040185,-0.0233000484360064,-0.0011631206922355));
#5248=CARTESIAN_POINT('',(-0.00111532018149271,-0.0231990745655444,-0.0010668));
#5249=CARTESIAN_POINT('',(-0.00577898190116769,-0.00637077619960907,0.014986));
#5250=CARTESIAN_POINT('',(-0.000904419576970009,-0.0234779097015602,-0.0011631206922355));
#5251=CARTESIAN_POINT('',(-0.000932803963392925,-0.0233764899573867,-0.0010668));
#5252=CARTESIAN_POINT('',(-0.00566334386914614,-0.00647388230909595,0.014986));
#5253=CARTESIAN_POINT('',(-0.000579605537516027,-0.0237938135540061,-0.0011631206922355));
#5254=CARTESIAN_POINT('',(-0.000608636303336718,-0.0236915980230165,-0.0010668));
#5255=CARTESIAN_POINT('',(-0.00544690175544732,-0.0066563645982106,0.014986));
#5256=CARTESIAN_POINT('',(-0.000430254513159262,-0.0239237433975854,-0.0011631206922355));
#5257=CARTESIAN_POINT('',(-0.000459577448404278,-0.0238212359005376,-0.0010668));
#5258=CARTESIAN_POINT('',(-0.00534653583685029,-0.006737343432384,0.014986));
#5259=CARTESIAN_POINT('',(-0.000125035189084511,-0.0241629712245177,-0.0011631206922355));
#5260=CARTESIAN_POINT('',(-0.000154936899235756,-0.0240599917020568,-0.0010668));
#5261=CARTESIAN_POINT('',(-0.00513835387408807,-0.00689743151073328,0.014986));
#5262=CARTESIAN_POINT('',(3.0835943507993E-5,-0.0242722732378175,-0.0011631206922355));
#5263=CARTESIAN_POINT('',(6.47611417838067E-7,-0.0241691136283281,-0.0010668));
#5264=CARTESIAN_POINT('',(-0.00503053775622894,-0.00697654014512502,0.014986));
#5265=CARTESIAN_POINT('',(0.000347105854579688,-0.024471478049963,-0.0011631206922355));
#5266=CARTESIAN_POINT('',(0.000316359221539597,-0.0243680564217983,-0.0010668));
#5267=CARTESIAN_POINT('',(-0.00480787254435387,-0.0071318149240312,0.014986));
#5268=CARTESIAN_POINT('',(0.000507507594610644,-0.0245613838571736,-0.0011631206922355));
#5269=CARTESIAN_POINT('',(0.000476489264565323,-0.0244578802757969,-0.0010668));
#5270=CARTESIAN_POINT('',(-0.00469302350569303,-0.00720798046131563,0.014986));
#5271=CARTESIAN_POINT('',(0.000831345747453173,-0.0247229763771253,-0.0011631206922355));
#5272=CARTESIAN_POINT('',(0.000799804685322308,-0.0246193940346949,-0.0010668));
#5273=CARTESIAN_POINT('',(-0.00445682657866858,-0.00735636790837493,0.014986));
#5274=CARTESIAN_POINT('',(0.000994785107994144,-0.0247946652752681,-0.0011631206922355));
#5275=CARTESIAN_POINT('',(0.000962992992124981,-0.0246910861084755,-0.0010668));
#5276=CARTESIAN_POINT('',(-0.00433547887077163,-0.00742858923374093,0.014986));
#5277=CARTESIAN_POINT('',(0.00132361305950126,-0.0249208744241697,-0.0011631206922355));
#5278=CARTESIAN_POINT('',(0.00129134210988886,-0.0248173750525532,-0.0010668));
#5279=CARTESIAN_POINT('',(-0.00408693215200332,-0.00756817683643031,0.014986));
#5280=CARTESIAN_POINT('',(0.00148900451033637,-0.0249753962108223,-0.0011631206922355));
#5281=CARTESIAN_POINT('',(0.00145650576188711,-0.0248719734463563,-0.0010668));
#5282=CARTESIAN_POINT('',(-0.00395973343862371,-0.00763554257269855,0.014986));
#5283=CARTESIAN_POINT('',(0.00182097138001454,-0.0250681367437163,-0.0011631206922355));
#5284=CARTESIAN_POINT('',(0.00178804037621958,-0.0249649306747362,-0.0010668));
#5285=CARTESIAN_POINT('',(-0.0037002384707304,-0.00776461425598037,0.014986));
#5286=CARTESIAN_POINT('',(0.00198754954655237,-0.0251063565178545,-0.0011631206922355));
#5287=CARTESIAN_POINT('',(0.00195441406746045,-0.0250032905282281,-0.0010668));
#5288=CARTESIAN_POINT('',(-0.00356794261853776,-0.00782631972501138,0.014986));
#5289=CARTESIAN_POINT('',(0.00232136059434709,-0.0251671358586046,-0.0011631206922355));
#5290=CARTESIAN_POINT('',(0.00228783759732182,-0.0250644056027887,-0.0010668));
#5291=CARTESIAN_POINT('',(-0.00329910280102527,-0.00794338817354078,0.014986));
#5292=CARTESIAN_POINT('',(0.00248859612133819,-0.0251896960517676,-0.0011631206922355));
#5293=CARTESIAN_POINT('',(0.00245489006296693,-0.0250871614443034,-0.0010668));
#5294=CARTESIAN_POINT('',(-0.00316255932682061,-0.00799875075601006,0.014986));
#5295=CARTESIAN_POINT('',(0.00282334781003836,-0.0252195518572944,-0.0011631206922355));
#5296=CARTESIAN_POINT('',(0.00278929373617691,-0.0251174584966016,-0.0010668));
#5297=CARTESIAN_POINT('',(-0.00288615589147571,-0.00810258596514295,0.014986));
#5298=CARTESIAN_POINT('',(0.00299086654810096,-0.0252268477658346,-0.0011631206922355));
#5299=CARTESIAN_POINT('',(0.00295664750138552,-0.025125,-0.0010668));
#5300=CARTESIAN_POINT('',(-0.00274629649086199,-0.00815105829086033,0.014986));
#5301=CARTESIAN_POINT('',(0.00332588756417893,-0.0252263098261612,-0.0011631206922355));
#5302=CARTESIAN_POINT('',(0.00329135249861448,-0.025125,-0.0010668));
#5303=CARTESIAN_POINT('',(-0.00246425917346028,-0.00824071128014692,0.014986));
#5304=CARTESIAN_POINT('',(0.00349339239422984,-0.025218475979107,-0.0011631206922355));
#5305=CARTESIAN_POINT('',(0.00345870626382309,-0.0251174584966016,-0.0010668));
#5306=CARTESIAN_POINT('',(-0.00232208186456886,-0.0082818917504802,0.014986));
#5307=CARTESIAN_POINT('',(0.003828088742704,-0.0251875481942871,-0.0011631206922355));
#5308=CARTESIAN_POINT('',(0.00379310993703307,-0.0250871614443034,-0.0010668));
#5309=CARTESIAN_POINT('',(-0.00203645543093048,-0.00835671253725203,0.014986));
#5310=CARTESIAN_POINT('',(0.0039952828379061,-0.0251644539626183,-0.0011631206922355));
#5311=CARTESIAN_POINT('',(0.00396016240267817,-0.0250644056027887,-0.0010668));
#5312=CARTESIAN_POINT('',(-0.0018930069375974,-0.00839035277574718,0.014986));
#5313=CARTESIAN_POINT('',(0.00432898436783722,-0.0251026142734935,-0.0011631206922355));
#5314=CARTESIAN_POINT('',(0.00429358593253953,-0.0250032905282281,-0.0010668));
#5315=CARTESIAN_POINT('',(-0.00160591488040512,-0.00845000191503965,0.014986));
#5316=CARTESIAN_POINT('',(0.00449549444913512,-0.0250638681916252,-0.0011631206922355));
#5317=CARTESIAN_POINT('',(0.00445995962378041,-0.0249649306747362,-0.0010668));
#5318=CARTESIAN_POINT('',(-0.00146227194676753,-0.00847601085641964,0.014986));
#5319=CARTESIAN_POINT('',(0.00482729992308307,-0.0249700864671296,-0.0011631206922355));
#5320=CARTESIAN_POINT('',(0.00479149423811288,-0.0248719734463563,-0.0010668));
#5321=CARTESIAN_POINT('',(-0.00117587877748066,-0.00852046409446794,0.014986));
#5322=CARTESIAN_POINT('',(0.00499259806464083,-0.0249150497985257,-0.0011631206922355));
#5323=CARTESIAN_POINT('',(0.00495665789011113,-0.0248173750525532,-0.0010668));
#5324=CARTESIAN_POINT('',(-0.00103312914629974,-0.00853890854908429,0.014986));
#5325=CARTESIAN_POINT('',(0.00532121612964665,-0.0247878258079134,-0.0011631206922355));
#5326=CARTESIAN_POINT('',(0.00528500700787501,-0.0246910861084755,-0.0010668));
#5327=CARTESIAN_POINT('',(-0.000749602757539683,-0.00856845439670701,0.014986));
#5328=CARTESIAN_POINT('',(0.00548453891451061,-0.0247156369516377,-0.0011631206922355));
#5329=CARTESIAN_POINT('',(0.00544819531467769,-0.0246193940346949,-0.0010668));
#5330=CARTESIAN_POINT('',(-0.000608826555259073,-0.00857955605968669,0.014986));
#5331=CARTESIAN_POINT('',(0.00580812309204199,-0.0245530626855682,-0.0011631206922355));
#5332=CARTESIAN_POINT('',(0.00577151073543467,-0.0244578802757969,-0.0010668));
#5333=CARTESIAN_POINT('',(-0.000330302120198152,-0.00859478635366161,0.014986));
#5334=CARTESIAN_POINT('',(0.00596838743426481,-0.0244626750916417,-0.0011631206922355));
#5335=CARTESIAN_POINT('',(0.00593164077846039,-0.0243680564217983,-0.0010668));
#5336=CARTESIAN_POINT('',(-0.000192554372203341,-0.0085989153575978,0.014986));
#5337=CARTESIAN_POINT('',(0.00628436460562101,-0.024262527830122,-0.0011631206922355));
#5338=CARTESIAN_POINT('',(0.00624735238858215,-0.0241691136283281,-0.0010668));
#5339=CARTESIAN_POINT('',(7.88988206948164E-5,-0.00860070912712893,0.014986));
#5340=CARTESIAN_POINT('',(0.006440080398349,-0.0241527651550245,-0.0011631206922355));
#5341=CARTESIAN_POINT('',(0.00640293689923575,-0.0240599917020568,-0.0010668));
#5342=CARTESIAN_POINT('',(0.000212603869783575,-0.00859837435653771,0.014986));
#5343=CARTESIAN_POINT('',(0.00674497435603991,-0.0239126397562908,-0.0011631206922355));
#5344=CARTESIAN_POINT('',(0.00670757744840428,-0.0238212359005376,-0.0010668));
#5345=CARTESIAN_POINT('',(0.000475011371890204,-0.00858787553340099,0.014986));
#5346=CARTESIAN_POINT('',(0.00689415535607117,-0.0237822730031241,-0.0011631206922355));
#5347=CARTESIAN_POINT('',(0.00685663630333671,-0.0236915980230165,-0.0010668));
#5348=CARTESIAN_POINT('',(0.000603713532981505,-0.00857971202126863,0.014986));
#5349=CARTESIAN_POINT('',(0.0072185755393895,-0.0234654182978539,-0.0011631206922355));
#5350=CARTESIAN_POINT('',(0.00718080396339292,-0.0233764899573867,-0.0010668));
#5351=CARTESIAN_POINT('',(0.000885795683391702,-0.00855569879901726,0.014986));
#5352=CARTESIAN_POINT('',(0.0074012631759173,-0.0232870428420972,-0.0011631206922355));
#5353=CARTESIAN_POINT('',(0.00736332018149271,-0.0231990745655444,-0.0010668));
#5354=CARTESIAN_POINT('',(0.00103974331796852,-0.00853828759367292,0.014986));
#5355=CARTESIAN_POINT('',(0.00777188792879669,-0.0229252624237863,-0.0011631206922355));
#5356=CARTESIAN_POINT('',(0.00773354235800971,-0.022839199080509,-0.0010668));
#5357=CARTESIAN_POINT('',(0.00134287214538038,-0.00849588815843821,0.014986));
#5358=CARTESIAN_POINT('',(0.00795982504248941,-0.022741857461454,-0.0011631206922355));
#5359=CARTESIAN_POINT('',(0.00792124831642691,-0.0226567389873159,-0.0010668));
#5360=CARTESIAN_POINT('',(0.00149205378134221,-0.0084708998915671,0.014986));
#5361=CARTESIAN_POINT('',(0.00834040835951519,-0.0223705397297622,-0.0011631206922355));
#5362=CARTESIAN_POINT('',(0.00830131310389077,-0.022287295965236,-0.0010668));
#5363=CARTESIAN_POINT('',(0.00178570046737279,-0.00841389584557556,0.014986));
#5364=CARTESIAN_POINT('',(0.00853305456044714,-0.0221826269608011,-0.0011631206922355));
#5365=CARTESIAN_POINT('',(0.00849367193293742,-0.0221003130363492,-0.0010668));
#5366=CARTESIAN_POINT('',(0.00193016591761125,-0.00838188000005467,0.014986));
#5367=CARTESIAN_POINT('',(0.00892251542477718,-0.0218028157845741,-0.0011631206922355));
#5368=CARTESIAN_POINT('',(0.00888250559197212,-0.0217223462085388,-0.0010668));
#5369=CARTESIAN_POINT('',(0.00221446958489352,-0.00831129215359477,0.014986));
#5370=CARTESIAN_POINT('',(0.00911933008600626,-0.021610917377838,-0.0011631206922355));
#5371=CARTESIAN_POINT('',(0.00907898042196017,-0.0215313623096152,-0.0010668));
#5372=CARTESIAN_POINT('',(0.0023543081634243,-0.00827272006435524,0.014986));
#5373=CARTESIAN_POINT('',(0.00971521556981881,-0.0210300276355458,-0.0011631206922355));
#5374=CARTESIAN_POINT('',(0.00967377360880443,-0.0209531919562747,-0.0010668));
#5375=CARTESIAN_POINT('',(0.00276705921201492,-0.00814776288826643,0.014986));
#5376=CARTESIAN_POINT('',(0.0101197279118736,-0.0206358415710324,-0.0011631206922355));
#5377=CARTESIAN_POINT('',(0.0100774606625407,-0.0205607868452881,-0.0010668));
#5378=CARTESIAN_POINT('',(0.0030332037708673,-0.00805217137060868,0.014986));
#5379=CARTESIAN_POINT('',(0.0109389358893986,-0.0198378031249856,-0.0011631206922355));
#5380=CARTESIAN_POINT('',(0.0108948563375229,-0.0197662351310514,-0.0010668));
#5381=CARTESIAN_POINT('',(0.00354856122763437,-0.00783871814208061,0.014986));
#5382=CARTESIAN_POINT('',(0.0113536314722965,-0.0194339507671835,-0.0011631206922355));
#5383=CARTESIAN_POINT('',(0.0113085649587687,-0.0193640885278013,-0.0010668));
#5384=CARTESIAN_POINT('',(0.00379778288724067,-0.00772085247617247,0.014986));
#5385=CARTESIAN_POINT('',(0.0121888784093983,-0.0186207722658675,-0.0011631206922355));
#5386=CARTESIAN_POINT('',(0.0121417088112658,-0.0185542287542934,-0.0010668));
#5387=CARTESIAN_POINT('',(0.00428042680293224,-0.00746409165285206,0.014986));
#5388=CARTESIAN_POINT('',(0.0126094297180363,-0.0182114461482638,-0.0011631206922355));
#5389=CARTESIAN_POINT('',(0.0125611440425171,-0.0181465155840356,-0.0010668));
#5390=CARTESIAN_POINT('',(0.00451385665302319,-0.00732519217728724,0.014986));
#5391=CARTESIAN_POINT('',(0.0134520620596658,-0.0173915182449851,-0.0011631206922355));
#5392=CARTESIAN_POINT('',(0.013401446157521,-0.0173296976017681,-0.0010668));
#5393=CARTESIAN_POINT('',(0.00496580335750269,-0.00702667341868447,0.014986));
#5394=CARTESIAN_POINT('',(0.0138741430511207,-0.0169809164872457,-0.0011631206922355));
#5395=CARTESIAN_POINT('',(0.0138223130412737,-0.0169205927897584,-0.0010668));
#5396=CARTESIAN_POINT('',(0.00518432713438438,-0.00686704947990404,0.014986));
#5397=CARTESIAN_POINT('',(0.014715511481976,-0.0161626402006644,-0.0011631206922355));
#5398=CARTESIAN_POINT('',(0.0146611835037763,-0.0161051664492427,-0.0010668));
#5399=CARTESIAN_POINT('',(0.00560688636154718,-0.0065265949563659,0.014986));
#5400=CARTESIAN_POINT('',(0.0151347988815244,-0.0157549657028846,-0.0011631206922355));
#5401=CARTESIAN_POINT('',(0.0150791870825261,-0.0156988449207369,-0.0010668));
#5402=CARTESIAN_POINT('',(0.00581092845356389,-0.0063457591947986,0.014986));
#5403=CARTESIAN_POINT('',(0.0159662608350405,-0.0149467507329774,-0.0011631206922355));
#5404=CARTESIAN_POINT('',(0.0159080359775192,-0.0148931600724848,-0.0010668));
#5405=CARTESIAN_POINT('',(0.00620428519328658,-0.00596174424905785,0.014986));
#5406=CARTESIAN_POINT('',(0.0163784353690653,-0.0145462102738074,-0.0011631206922355));
#5407=CARTESIAN_POINT('',(0.0163188812937624,-0.0144937967527385,-0.0010668));
#5408=CARTESIAN_POINT('',(0.00639360316467267,-0.00575856290541103,0.014986));
#5409=CARTESIAN_POINT('',(0.0167848963795234,-0.0141513417215546,-0.0011631206922355));
#5410=CARTESIAN_POINT('',(0.016724,-0.0141,-0.0010668));
#5411=CARTESIAN_POINT('',(0.00657501354107136,-0.00554339218662439,0.014986));
#5412=CARTESIAN_POINT('',(0.0127416127713052,-0.0107424503752334,0.0052322));
#5413=CARTESIAN_POINT('',(0.0121254529438956,-0.0113709746822143,0.0052322));
#5414=CARTESIAN_POINT('',(0.0114947446692771,-0.0119845803443951,0.0052322));
#5415=CARTESIAN_POINT('',(0.0108516651840404,-0.0125855,0.0052322));
#5416=CARTESIAN_POINT('',(0.0127416127713052,-0.0107424503752334,0.0052322));
#5417=CARTESIAN_POINT('',(0.0108516651840404,-0.0125855,0.0052322));
#5418=CARTESIAN_POINT('',(0.0116495067705357,-0.0098216960933122,0.0069596));
#5419=CARTESIAN_POINT('',(0.00657501354107136,-0.00554339218662439,0.014986));
#5420=CARTESIAN_POINT('',(0.,5.26598123633362E-19,0.014986));
#5421=CARTESIAN_POINT('',(0.000729466455346287,-0.00856900686722356,0.014986));
#5422=CARTESIAN_POINT('',(0.,5.26598123633362E-19,0.014986));
#5423=CARTESIAN_POINT('',(-0.0055433921866244,-0.00657501354107135,0.014986));
#5424=CARTESIAN_POINT('',(0.,5.26598123633362E-19,0.014986));
#5425=CARTESIAN_POINT('',(-0.00856900686722356,-0.000729466455346294,0.014986));
#5426=CARTESIAN_POINT('',(-0.00952250343361178,-0.00741473322767315,0.0069596));
#5427=CARTESIAN_POINT('',(0.0116495067705357,-0.0098216960933122,0.0069596));
#5428=CARTESIAN_POINT('',(0.0149276526241135,-0.0125855,0.00177450886097125));
#5429=CARTESIAN_POINT('',(0.0149276526241135,-0.0125855,0.00177450886097125));
#5430=CARTESIAN_POINT('',(0.0135731772722297,-0.0125855,0.00293200843465342));
#5431=CARTESIAN_POINT('',(0.0122226944309586,-0.0125855,0.00409421445042565));
#5432=CARTESIAN_POINT('',(0.0108516651840405,-0.0125855,0.0052322));
#5433=CARTESIAN_POINT('',(-0.000861505684557183,-0.0221844016604924,0.000533199999999986));
#5434=CARTESIAN_POINT('',(-0.00135538544238777,-0.0213289768271,0.00109179125942119));
#5435=CARTESIAN_POINT('',(-0.00186740386616457,-0.0204421349027072,0.00157953996601992));
#5436=CARTESIAN_POINT('',(-0.00237526131403119,-0.0195625,0.00208353982118255));
#5437=CARTESIAN_POINT('',(-0.00086150568453674,-0.0221844016605089,0.0005332));
#5438=CARTESIAN_POINT('',(-0.0023752613140312,-0.0195625,0.00208353982118255));
#5439=CARTESIAN_POINT('',(-0.0023752613140312,-0.0195625,0.00208353982118255));
#5440=CARTESIAN_POINT('',(-0.00219423955245667,-0.0192489611116773,0.00272307504605618));
#5441=CARTESIAN_POINT('',(-0.0018382125755506,-0.0186323042988105,0.00401197660216881));
#5442=CARTESIAN_POINT('',(-0.00117109982449399,-0.0174768311196038,0.00572788727759323));
#5443=CARTESIAN_POINT('',(-0.000432602127451599,-0.0161977155870537,0.00732715412306305));
#5444=CARTESIAN_POINT('',(9.95840191186443E-5,-0.0152759421421098,0.00832820955213215));
#5445=CARTESIAN_POINT('',(0.000374369342984401,-0.0148,0.00881453402836975));
#5446=CARTESIAN_POINT('',(0.000374369342984402,-0.0148,0.00881453402836974));
#5447=CARTESIAN_POINT('',(0.000374369342984402,-0.0148,0.00881453402836974));
#5448=CARTESIAN_POINT('',(0.000871509647147602,-0.0148,0.00884591403449416));
#5449=CARTESIAN_POINT('',(0.0018579696345801,-0.0148,0.00880083500021468));
#5450=CARTESIAN_POINT('',(0.00329498312745554,-0.0148,0.00837785562973398));
#5451=CARTESIAN_POINT('',(0.00460265440548675,-0.0148000000000001,0.0077100908684278));
#5452=CARTESIAN_POINT('',(0.00545614944451633,-0.0148,0.00721466721827864));
#5453=CARTESIAN_POINT('',(0.00587363065701559,-0.0148,0.00695283822969816));
#5454=CARTESIAN_POINT('',(0.00587363065701559,-0.0148,0.00695283822969817));
#5455=CARTESIAN_POINT('',(0.00587363065701559,-0.0148,0.00695283822969817));
#5456=CARTESIAN_POINT('',(0.00679334950210984,-0.0163929997683818,0.00494324593789374));
#5457=CARTESIAN_POINT('',(0.00770924340952312,-0.0179793745503644,0.00292669566896578));
#5458=CARTESIAN_POINT('',(0.00862326131403119,-0.0195625,0.00090673274697346));
#5459=CARTESIAN_POINT('',(0.00862326131403118,-0.0195625,0.000906732746973459));
#5460=CARTESIAN_POINT('',(0.00862326131403118,-0.0195625,0.000906732746973458));
#5461=CARTESIAN_POINT('',(0.0084388090839334,-0.0198819806340987,0.00078092461573779));
#5462=CARTESIAN_POINT('',(0.00825415413588491,-0.0202018123859877,0.000656319145437204));
#5463=CARTESIAN_POINT('',(0.00806924865610164,-0.0205220780715703,0.0005332));
#5464=CARTESIAN_POINT('',(0.00806924865610163,-0.0205220780715703,0.0005332));
#5465=CARTESIAN_POINT('',(-0.000861505684536736,-0.0221844016605089,0.0005332));
#5466=CARTESIAN_POINT('',(-0.000208852726041201,-0.0227103571817646,0.0005332));
#5467=CARTESIAN_POINT('',(0.00135560710665205,-0.0234766422208283,0.0005332));
#5468=CARTESIAN_POINT('',(0.00353463298062397,-0.0234906639977555,0.0005332));
#5469=CARTESIAN_POINT('',(0.00514172425934615,-0.0229421906258865,0.0005332));
#5470=CARTESIAN_POINT('',(0.00622190237262594,-0.0222433965896792,0.0005332));
#5471=CARTESIAN_POINT('',(0.00713021291785505,-0.0213679256886003,0.0005332));
#5472=CARTESIAN_POINT('',(0.00775905647722179,-0.0208069385016303,0.0005332));
#5473=CARTESIAN_POINT('',(0.00806924865610163,-0.0205220780715703,0.0005332));
#5474=CARTESIAN_POINT('',(0.016724,-0.0141,-0.0010668));
#5475=CARTESIAN_POINT('',(0.0149168745398582,-0.012576413,0.00179155671413709));
#5476=CARTESIAN_POINT('',(0.016724,-0.0135921376666667,-0.0010668));
#5477=CARTESIAN_POINT('',(0.0149308359190285,-0.0121424208982461,0.00179155671413709));
#5478=CARTESIAN_POINT('',(0.016724,-0.0130842753333333,-0.0010668));
#5479=CARTESIAN_POINT('',(0.0149444456587742,-0.0117081323657278,0.00179155671413709));
#5480=CARTESIAN_POINT('',(0.016724,-0.012576413,-0.0010668));
#5481=CARTESIAN_POINT('',(0.0149576919447818,-0.011273562899451,0.00179155671413709));
#5482=CARTESIAN_POINT('',(0.016724,-0.0125855,-0.0010668));
#5483=CARTESIAN_POINT('',(0.0161348996299993,-0.0125855,-0.000113606677595477));
#5484=CARTESIAN_POINT('',(0.0155378452444157,-0.0125855,0.000834671060601618));
#5485=CARTESIAN_POINT('',(0.0149276526241135,-0.0125855,0.00177450886097126));
#5486=CARTESIAN_POINT('',(0.0127416127713052,-0.0107424503752334,0.0052322));
#5487=CARTESIAN_POINT('',(0.00657501354107136,-0.00554339218662439,0.014986));
#5488=CARTESIAN_POINT('',(0.00653801367389275,-0.00551219760834058,0.0150445232299056));
#5489=CARTESIAN_POINT('',(0.0128127956204363,-0.00994408175853976,0.0052322));
#5490=CARTESIAN_POINT('',(0.00675642075499919,-0.00532822521884219,0.014986));
#5491=CARTESIAN_POINT('',(0.00672008223886758,-0.00530052987615687,0.0150445232299056));
#5492=CARTESIAN_POINT('',(0.0128798304913353,-0.00914221641118517,0.0052322));
#5493=CARTESIAN_POINT('',(0.00692725697909295,-0.00510414694482827,0.014986));
#5494=CARTESIAN_POINT('',(0.00689154127565562,-0.00507991835004937,0.0150445232299056));
#5495=CARTESIAN_POINT('',(0.0130049594110053,-0.00753233813477394,0.0052322));
#5496=CARTESIAN_POINT('',(0.00724614402809755,-0.00464032348148898,0.014986));
#5497=CARTESIAN_POINT('',(0.00721159088197626,-0.00462297126610169,0.0150445232299056));
#5498=CARTESIAN_POINT('',(0.0130630532155797,-0.00672432554733483,0.0052322));
#5499=CARTESIAN_POINT('',(0.00739419423068061,-0.00440057916276498,0.014986));
#5500=CARTESIAN_POINT('',(0.00736018082691226,-0.0043866365820368,0.0150445232299056));
#5501=CARTESIAN_POINT('',(0.0131697403978621,-0.00510305887610884,0.0052322));
#5502=CARTESIAN_POINT('',(0.00766608310188929,-0.00390773273954595,0.014986));
#5503=CARTESIAN_POINT('',(0.00763306091553588,-0.00390056073004173,0.0150445232299056));
#5504=CARTESIAN_POINT('',(0.0132183336104648,-0.00428980509160452,0.0052322));
#5505=CARTESIAN_POINT('',(0.0077899213497491,-0.00365463139776298,0.014986));
#5506=CARTESIAN_POINT('',(0.00775735063692371,-0.0036508203276042,0.0150445232299056));
#5507=CARTESIAN_POINT('',(0.0133055515994731,-0.002659012470159,0.0052322));
#5508=CARTESIAN_POINT('',(0.00801219360470253,-0.00313750839513707,0.014986));
#5509=CARTESIAN_POINT('',(0.00798043322342542,-0.00314037939177699,0.0150445232299056));
#5510=CARTESIAN_POINT('',(0.0133441762409031,-0.0018414739472424,0.0052322));
#5511=CARTESIAN_POINT('',(0.00811062726781532,-0.00287348753457579,0.014986));
#5512=CARTESIAN_POINT('',(0.00807922574330443,-0.00287967966158651,0.0150445232299056));
#5513=CARTESIAN_POINT('',(0.0134110850797248,-0.00020310956028064,0.0052322));
#5514=CARTESIAN_POINT('',(0.00828114230319194,-0.00233706812974648,0.014986));
#5515=CARTESIAN_POINT('',(0.0082503624204269,-0.002349871975219,0.0150445232299056));
#5516=CARTESIAN_POINT('',(0.0134393691735707,0.000617715978022128,0.0052322));
#5517=CARTESIAN_POINT('',(0.00835322341157261,-0.00206467041562254,0.014986));
#5518=CARTESIAN_POINT('',(0.00832270631282516,-0.00208076485221248,0.0150445232299056));
#5519=CARTESIAN_POINT('',(0.013485324493512,0.0022616250255558,0.0052322));
#5520=CARTESIAN_POINT('',(0.00847033907436874,-0.00151412062069502,0.014986));
#5521=CARTESIAN_POINT('',(0.00844024894081486,-0.00153677526099117,0.0150445232299056));
#5522=CARTESIAN_POINT('',(0.0135029956484884,0.00308470820046357,0.0052322));
#5523=CARTESIAN_POINT('',(0.00851537344754005,-0.00123596939190322,0.014986));
#5524=CARTESIAN_POINT('',(0.00848544749450139,-0.00126189364789433,0.0150445232299056));
#5525=CARTESIAN_POINT('',(0.0135275548746964,0.00473208140551248,0.0052322));
#5526=CARTESIAN_POINT('',(0.00857796184990103,-0.000676591302363766,0.014986));
#5527=CARTESIAN_POINT('',(0.00854826407359546,-0.000709043577002085,0.0150445232299056));
#5528=CARTESIAN_POINT('',(0.013534442907921,0.00555637109596947,0.0052322));
#5529=CARTESIAN_POINT('',(0.00859551578223105,-0.000395365307290253,0.014986));
#5530=CARTESIAN_POINT('',(0.00856588200179022,-0.000431075988036788,0.0150445232299056));
#5531=CARTESIAN_POINT('',(0.0135373695216219,0.00720509459374637,0.0052322));
#5532=CARTESIAN_POINT('',(0.00860297416362784,0.00016745396007171,0.014986));
#5533=CARTESIAN_POINT('',(0.00857336757399292,0.000125227806080692,0.0150445232299056));
#5534=CARTESIAN_POINT('',(0.0135334081042214,0.00802952798114948,0.0052322));
#5535=CARTESIAN_POINT('',(0.00859287861810518,0.000449046162215631,0.014986));
#5536=CARTESIAN_POINT('',(0.00856323522343116,0.000403562937186949,0.0150445232299056));
#5537=CARTESIAN_POINT('',(0.0135240410057212,0.00885350152012275,0.0052322));
#5538=CARTESIAN_POINT('',(0.00856900686722356,0.000729466455346304,0.014986));
#5539=CARTESIAN_POINT('',(0.00853927644399595,0.000680721886885074,0.0150445232299056));
#5540=CARTESIAN_POINT('',(0.0135240410057212,0.00885350152012275,0.0052322));
#5541=CARTESIAN_POINT('',(0.013598391144425,0.00231331760832858,0.0052322));
#5542=CARTESIAN_POINT('',(0.0133224647088698,-0.00422776371183053,0.0052322));
#5543=CARTESIAN_POINT('',(0.0127416127713052,-0.0107424503752334,0.0052322));
#5544=CARTESIAN_POINT('',(0.0135240410057212,0.00885350152012275,0.0052322));
#5545=CARTESIAN_POINT('',(0.0126465034336118,0.00741473322767315,0.0069596));
#5546=CARTESIAN_POINT('',(0.00856900686722356,0.000729466455346305,0.014986));
#5547=CARTESIAN_POINT('',(0.,5.26598123633362E-19,0.014986));
#5548=CARTESIAN_POINT('',(-0.010476,0.0141,-0.0010668));
#5549=CARTESIAN_POINT('',(-0.00657501354107135,0.0055433921866244,0.014986));
#5550=CARTESIAN_POINT('',(-0.010476,0.012925,-0.0010668));
#5551=CARTESIAN_POINT('',(-0.00675642075499919,0.00532822521884219,0.014986));
#5552=CARTESIAN_POINT('',(-0.010476,0.01175,-0.0010668));
#5553=CARTESIAN_POINT('',(-0.00692725697909294,0.00510414694482828,0.014986));
#5554=CARTESIAN_POINT('',(-0.010476,0.0094,-0.0010668));
#5555=CARTESIAN_POINT('',(-0.00724614402809754,0.00464032348148899,0.014986));
#5556=CARTESIAN_POINT('',(-0.010476,0.008225,-0.0010668));
#5557=CARTESIAN_POINT('',(-0.00739419423068061,0.00440057916276499,0.014986));
#5558=CARTESIAN_POINT('',(-0.010476,0.005875,-0.0010668));
#5559=CARTESIAN_POINT('',(-0.00766608310188928,0.00390773273954596,0.014986));
#5560=CARTESIAN_POINT('',(-0.010476,0.0047,-0.0010668));
#5561=CARTESIAN_POINT('',(-0.00778992134974909,0.00365463139776299,0.014986));
#5562=CARTESIAN_POINT('',(-0.010476,0.00235,-0.0010668));
#5563=CARTESIAN_POINT('',(-0.00801219360470253,0.00313750839513709,0.014986));
#5564=CARTESIAN_POINT('',(-0.010476,0.001175,-0.0010668));
#5565=CARTESIAN_POINT('',(-0.00811062726781531,0.00287348753457579,0.014986));
#5566=CARTESIAN_POINT('',(-0.010476,-0.001175,-0.0010668));
#5567=CARTESIAN_POINT('',(-0.00828114230319194,0.00233706812974649,0.014986));
#5568=CARTESIAN_POINT('',(-0.010476,-0.00235,-0.0010668));
#5569=CARTESIAN_POINT('',(-0.00835322341157261,0.00206467041562255,0.014986));
#5570=CARTESIAN_POINT('',(-0.010476,-0.0047,-0.0010668));
#5571=CARTESIAN_POINT('',(-0.00847033907436874,0.00151412062069503,0.014986));
#5572=CARTESIAN_POINT('',(-0.010476,-0.005875,-0.0010668));
#5573=CARTESIAN_POINT('',(-0.00851537344754005,0.00123596939190322,0.014986));
#5574=CARTESIAN_POINT('',(-0.010476,-0.008225,-0.0010668));
#5575=CARTESIAN_POINT('',(-0.00857796184990103,0.000676591302363765,0.014986));
#5576=CARTESIAN_POINT('',(-0.010476,-0.0094,-0.0010668));
#5577=CARTESIAN_POINT('',(-0.00859551578223105,0.000395365307290263,0.014986));
#5578=CARTESIAN_POINT('',(-0.010476,-0.01175,-0.0010668));
#5579=CARTESIAN_POINT('',(-0.00860297416362784,-0.000167453960071698,0.014986));
#5580=CARTESIAN_POINT('',(-0.010476,-0.012925,-0.0010668));
#5581=CARTESIAN_POINT('',(-0.00859287861810518,-0.00044904616221562,0.014986));
#5582=CARTESIAN_POINT('',(-0.010476,-0.0141,-0.0010668));
#5583=CARTESIAN_POINT('',(-0.00856900686722356,-0.000729466455346295,0.014986));
#5584=CARTESIAN_POINT('',(0.,5.26598123633362E-19,0.014986));
#5585=CARTESIAN_POINT('',(-0.00657501354107135,0.0055433921866244,0.014986));
#5586=CARTESIAN_POINT('',(-0.00852550677053568,0.00982169609331219,0.0069596));
#5587=CARTESIAN_POINT('',(0.016772931931856,0.0141802264362009,-0.00116312068389381));
#5588=CARTESIAN_POINT('',(0.016724,0.0141,-0.0010668));
#5589=CARTESIAN_POINT('',(0.00856900686722356,0.000729466455346304,0.014986));
#5590=CARTESIAN_POINT('',(0.0163655256541424,0.0145747034457954,-0.00116312068389381));
#5591=CARTESIAN_POINT('',(0.0163188812937623,0.0144937967527385,-0.0010668));
#5592=CARTESIAN_POINT('',(0.00854513470018586,0.00100989163704224,0.014986));
#5593=CARTESIAN_POINT('',(0.0159524386823997,0.0149748117617003,-0.00116312068389381));
#5594=CARTESIAN_POINT('',(0.0159080359775192,0.0148931600724848,-0.0010668));
#5595=CARTESIAN_POINT('',(0.00850788356900837,0.00128509393703602,0.014986));
#5596=CARTESIAN_POINT('',(0.015119213067013,0.0157820868317365,-0.00116312068389381));
#5597=CARTESIAN_POINT('',(0.0150791870825261,0.0156988449207369,-0.0010668));
#5598=CARTESIAN_POINT('',(0.00840845865955584,0.00182575250824143,0.014986));
#5599=CARTESIAN_POINT('',(0.0146990744321698,0.0161892535637735,-0.00116312068389381));
#5600=CARTESIAN_POINT('',(0.0146611835037762,0.0161051664492428,-0.0010668));
#5601=CARTESIAN_POINT('',(0.00834628341454132,0.00209121246168747,0.014986));
#5602=CARTESIAN_POINT('',(0.0138560610973831,0.0170064408022655,-0.00116312068389381));
#5603=CARTESIAN_POINT('',(0.0138223130412737,0.0169205927897584,-0.0010668));
#5604=CARTESIAN_POINT('',(0.00819786382422379,0.00261316764009648,0.014986));
#5605=CARTESIAN_POINT('',(0.0134331864120413,0.0174164612603489,-0.00116312068389381));
#5606=CARTESIAN_POINT('',(0.013401446157521,0.0173296976017681,-0.0010668));
#5607=CARTESIAN_POINT('',(0.00811161704537121,0.00286967092668744,0.014986));
#5608=CARTESIAN_POINT('',(0.0125890220919137,0.0182351521156643,-0.00116312068389381));
#5609=CARTESIAN_POINT('',(0.0125611440425171,0.0181465155840356,-0.0010668));
#5610=CARTESIAN_POINT('',(0.00791498982867481,0.00337435598747469,0.014986));
#5611=CARTESIAN_POINT('',(0.0121677324749103,0.0186438224661045,-0.00116312068389381));
#5612=CARTESIAN_POINT('',(0.0121417088112658,0.0185542287542934,-0.0010668));
#5613=CARTESIAN_POINT('',(0.00780460642718692,0.00362254555998255,0.014986));
#5614=CARTESIAN_POINT('',(0.0113310644262076,0.0194556115777432,-0.00116312068389381));
#5615=CARTESIAN_POINT('',(0.0113085649587687,0.0193640885278012,-0.0010668));
#5616=CARTESIAN_POINT('',(0.00755880492487007,0.00411086194431248,0.014986));
#5617=CARTESIAN_POINT('',(0.0109156860167502,0.0198587302914773,-0.00116312068389381));
#5618=CARTESIAN_POINT('',(0.0108948563375229,0.0197662351310514,-0.0010668));
#5619=CARTESIAN_POINT('',(0.0074233831172097,0.0043509966665558,0.014986));
#5620=CARTESIAN_POINT('',(0.0100951709428434,0.0206552183137251,-0.00116312068389381));
#5621=CARTESIAN_POINT('',(0.0100774606625407,0.0205607868452881,-0.0010668));
#5622=CARTESIAN_POINT('',(0.00712586629932061,0.0048228433917618,0.014986));
#5623=CARTESIAN_POINT('',(0.00969003430761441,0.0210485875725076,-0.00116312068389381));
#5624=CARTESIAN_POINT('',(0.00967377360880443,0.0209531919562747,-0.0010668));
#5625=CARTESIAN_POINT('',(0.00696376641923133,0.00505456368291018,0.014986));
#5626=CARTESIAN_POINT('',(0.00909326133138078,0.02162818491845,-0.00116312068389381));
#5627=CARTESIAN_POINT('',(0.00907898042196016,0.0215313623096152,-0.0010668));
#5628=CARTESIAN_POINT('',(0.00669892482559298,0.00539491152592943,0.014986));
#5629=CARTESIAN_POINT('',(0.00889615902798508,0.021819641321744,-0.00116312068389381));
#5630=CARTESIAN_POINT('',(0.00888250559197211,0.0217223462085388,-0.0010668));
#5631=CARTESIAN_POINT('',(0.00660702467999421,0.00550714787188177,0.014986));
#5632=CARTESIAN_POINT('',(0.00850614049908802,0.0221985452415681,-0.00116312068389381));
#5633=CARTESIAN_POINT('',(0.00849367193293742,0.0221003130363492,-0.0010668));
#5634=CARTESIAN_POINT('',(0.00641566136852935,0.00572893899506572,0.014986));
#5635=CARTESIAN_POINT('',(0.00831322427505162,0.0223859927564132,-0.00116312068389381));
#5636=CARTESIAN_POINT('',(0.00830131310389077,0.022287295965236,-0.0010668));
#5637=CARTESIAN_POINT('',(0.00631619795851066,0.00583849405311633,0.014986));
#5638=CARTESIAN_POINT('',(0.00793212006616897,0.02275635590199,-0.00116312068389381));
#5639=CARTESIAN_POINT('',(0.00792124831642692,0.0226567389873159,-0.0010668));
#5640=CARTESIAN_POINT('',(0.00610936308883136,0.00605458934265521,0.014986));
#5641=CARTESIAN_POINT('',(0.00774393208305304,0.02293927153101,-0.00116312068389381));
#5642=CARTESIAN_POINT('',(0.00773354235800971,0.022839199080509,-0.0010668));
#5643=CARTESIAN_POINT('',(0.00600199134079012,0.0061611298594178,0.014986));
#5644=CARTESIAN_POINT('',(0.0073728265944973,0.0233000484272617,-0.00116312068389381));
#5645=CARTESIAN_POINT('',(0.00736332018149271,0.0231990745655444,-0.0010668));
#5646=CARTESIAN_POINT('',(0.00577898190116768,0.00637077619960908,0.014986));
#5647=CARTESIAN_POINT('',(0.0071899090911002,0.0234779096927769,-0.00116312068389381));
#5648=CARTESIAN_POINT('',(0.00718080396339292,0.0233764899573867,-0.0010668));
#5649=CARTESIAN_POINT('',(0.00566334386914613,0.00647388230909596,0.014986));
#5650=CARTESIAN_POINT('',(0.00686509505170219,0.0237938135451539,-0.00116312068389381));
#5651=CARTESIAN_POINT('',(0.00685663630333671,0.0236915980230165,-0.0010668));
#5652=CARTESIAN_POINT('',(0.00544690175544731,0.00665636459821061,0.014986));
#5653=CARTESIAN_POINT('',(0.00671574402737073,0.0239237433887079,-0.00116312068389381));
#5654=CARTESIAN_POINT('',(0.00670757744840427,0.0238212359005376,-0.0010668));
#5655=CARTESIAN_POINT('',(0.00534653583685028,0.00673734343238401,0.014986));
#5656=CARTESIAN_POINT('',(0.0064105247033461,0.0241629712155994,-0.00116312068389381));
#5657=CARTESIAN_POINT('',(0.00640293689923574,0.0240599917020568,-0.0010668));
#5658=CARTESIAN_POINT('',(0.00513835387408806,0.00689743151073329,0.014986));
#5659=CARTESIAN_POINT('',(0.00625465357077843,0.0242722732288836,-0.00116312068389381));
#5660=CARTESIAN_POINT('',(0.00624735238858216,0.0241691136283281,-0.0010668));
#5661=CARTESIAN_POINT('',(0.00503053775622893,0.00697654014512503,0.014986));
#5662=CARTESIAN_POINT('',(0.00593838365975509,0.0244714780410063,-0.00116312068389381));
#5663=CARTESIAN_POINT('',(0.00593164077846041,0.0243680564217982,-0.0010668));
#5664=CARTESIAN_POINT('',(0.00480787254435386,0.00713181492403121,0.014986));
#5665=CARTESIAN_POINT('',(0.00577798191974765,0.0245613838482098,-0.00116312068389381));
#5666=CARTESIAN_POINT('',(0.00577151073543467,0.0244578802757969,-0.0010668));
#5667=CARTESIAN_POINT('',(0.00469302350569302,0.00720798046131564,0.014986));
#5668=CARTESIAN_POINT('',(0.0054541437669504,0.0247229763681548,-0.00116312068389381));
#5669=CARTESIAN_POINT('',(0.00544819531467769,0.0246193940346949,-0.0010668));
#5670=CARTESIAN_POINT('',(0.00445682657866857,0.00735636790837494,0.014986));
#5671=CARTESIAN_POINT('',(0.00529070440643116,0.0247946652662978,-0.00116312068389381));
#5672=CARTESIAN_POINT('',(0.00528500700787501,0.0246910861084755,-0.0010668));
#5673=CARTESIAN_POINT('',(0.00433547887077161,0.00742858923374094,0.014986));
#5674=CARTESIAN_POINT('',(0.00496187645496552,0.0249208744152063,-0.00116312068389381));
#5675=CARTESIAN_POINT('',(0.00495665789011113,0.0248173750525532,-0.0010668));
#5676=CARTESIAN_POINT('',(0.00408693215200329,0.00756817683643033,0.014986));
#5677=CARTESIAN_POINT('',(0.00479648500415014,0.0249753962018656,-0.00116312068389381));
#5678=CARTESIAN_POINT('',(0.00479149423811288,0.0248719734463563,-0.0010668));
#5679=CARTESIAN_POINT('',(0.0039597334386237,0.00763554257269856,0.014986));
#5680=CARTESIAN_POINT('',(0.0044645181345094,0.0250681367347783,-0.00116312068389381));
#5681=CARTESIAN_POINT('',(0.0044599596237804,0.0249649306747362,-0.0010668));
#5682=CARTESIAN_POINT('',(0.00370023847073038,0.00776461425598038,0.014986));
#5683=CARTESIAN_POINT('',(0.00429793996798928,0.0251063565089287,-0.00116312068389381));
#5684=CARTESIAN_POINT('',(0.00429358593253954,0.0250032905282281,-0.0010668));
#5685=CARTESIAN_POINT('',(0.00356794261853774,0.0078263197250114,0.014986));
#5686=CARTESIAN_POINT('',(0.00396412892022813,0.0251671358497079,-0.00116312068389381));
#5687=CARTESIAN_POINT('',(0.00396016240267818,0.0250644056027887,-0.0010668));
#5688=CARTESIAN_POINT('',(0.00329910280102525,0.00794338817354079,0.014986));
#5689=CARTESIAN_POINT('',(0.00379689339325288,0.0251896960428877,-0.00116312068389381));
#5690=CARTESIAN_POINT('',(0.00379310993703307,0.0250871614443034,-0.0010668));
#5691=CARTESIAN_POINT('',(0.00316255932682059,0.00799875075601007,0.014986));
#5692=CARTESIAN_POINT('',(0.00346214170458284,0.0252195518484528,-0.00116312068389381));
#5693=CARTESIAN_POINT('',(0.00345870626382309,0.0251174584966016,-0.0010668));
#5694=CARTESIAN_POINT('',(0.00288615589147569,0.00810258596514296,0.014986));
#5695=CARTESIAN_POINT('',(0.00329462296653453,0.0252268477570142,-0.00116312068389381));
#5696=CARTESIAN_POINT('',(0.00329135249861447,0.025125,-0.0010668));
#5697=CARTESIAN_POINT('',(0.00274629649086198,0.00815105829086033,0.014986));
#5698=CARTESIAN_POINT('',(0.00295960195048393,0.0252263098173874,-0.00116312068389381));
#5699=CARTESIAN_POINT('',(0.00295664750138551,0.025125,-0.0010668));
#5700=CARTESIAN_POINT('',(0.00246425917346027,0.00824071128014692,0.014986));
#5701=CARTESIAN_POINT('',(0.0027920971204461,0.0252184759703586,-0.00116312068389381));
#5702=CARTESIAN_POINT('',(0.00278929373617691,0.0251174584966016,-0.0010668));
#5703=CARTESIAN_POINT('',(0.00232208186456885,0.0082818917504802,0.014986));
#5704=CARTESIAN_POINT('',(0.00245740077199729,0.0251875481855932,-0.00116312068389381));
#5705=CARTESIAN_POINT('',(0.00245489006296693,0.0250871614443034,-0.0010668));
#5706=CARTESIAN_POINT('',(0.00203645543093047,0.00835671253725204,0.014986));
#5707=CARTESIAN_POINT('',(0.00229020667680743,0.0251644539539538,-0.00116312068389381));
#5708=CARTESIAN_POINT('',(0.0022878375973218,0.0250644056027887,-0.0010668));
#5709=CARTESIAN_POINT('',(0.00189300693759737,0.00839035277574719,0.014986));
#5710=CARTESIAN_POINT('',(0.00195650514690039,0.0251026142648917,-0.00116312068389381));
#5711=CARTESIAN_POINT('',(0.00195441406746044,0.0250032905282281,-0.0010668));
#5712=CARTESIAN_POINT('',(0.00160591488040508,0.00845000191503966,0.014986));
#5713=CARTESIAN_POINT('',(0.00178999506561431,0.0250638681830569,-0.00116312068389381));
#5714=CARTESIAN_POINT('',(0.00178804037621958,0.0249649306747362,-0.0010668));
#5715=CARTESIAN_POINT('',(0.00146227194676751,0.00847601085641964,0.014986));
#5716=CARTESIAN_POINT('',(0.00145818959168983,0.0249700864586327,-0.00116312068389381));
#5717=CARTESIAN_POINT('',(0.00145650576188711,0.0248719734463563,-0.0010668));
#5718=CARTESIAN_POINT('',(0.00117587877748065,0.00852046409446794,0.014986));
#5719=CARTESIAN_POINT('',(0.00129289145014372,0.0249150497900667,-0.00116312068389381));
#5720=CARTESIAN_POINT('',(0.00129134210988887,0.0248173750525532,-0.0010668));
#5721=CARTESIAN_POINT('',(0.00103312914629973,0.00853890854908429,0.014986));
#5722=CARTESIAN_POINT('',(0.000964273385161183,0.0247878257995354,-0.00116312068389381));
#5723=CARTESIAN_POINT('',(0.000962992992124983,0.0246910861084755,-0.0010668));
#5724=CARTESIAN_POINT('',(0.000749602757539669,0.00856845439670701,0.014986));
#5725=CARTESIAN_POINT('',(0.000800950600308875,0.0247156369433027,-0.00116312068389381));
#5726=CARTESIAN_POINT('',(0.000799804685322303,0.0246193940346949,-0.0010668));
#5727=CARTESIAN_POINT('',(0.000608826555259051,0.00857955605968669,0.014986));
#5728=CARTESIAN_POINT('',(0.000477366422800761,0.0245530626773251,-0.00116312068389381));
#5729=CARTESIAN_POINT('',(0.000476489264565317,0.0244578802757969,-0.0010668));
#5730=CARTESIAN_POINT('',(0.000330302120198131,0.00859478635366161,0.014986));
#5731=CARTESIAN_POINT('',(0.000317102080589551,0.0244626750834474,-0.00116312068389381));
#5732=CARTESIAN_POINT('',(0.000316359221539575,0.0243680564217982,-0.0010668));
#5733=CARTESIAN_POINT('',(0.000192554372203307,0.0085989153575978,0.014986));
#5734=CARTESIAN_POINT('',(1.12490925634976E-6,0.0242625278220321,-0.00116312068389381));
#5735=CARTESIAN_POINT('',(6.47611417816627E-7,0.0241691136283281,-0.0010668));
#5736=CARTESIAN_POINT('',(-7.88988206948501E-5,0.00860070912712893,0.014986));
#5737=CARTESIAN_POINT('',(-0.000154590883460245,0.02415276514699,-0.00116312068389381));
#5738=CARTESIAN_POINT('',(-0.000154936899235764,0.0240599917020568,-0.0010668));
#5739=CARTESIAN_POINT('',(-0.000212603869783595,0.00859837435653771,0.014986));
#5740=CARTESIAN_POINT('',(-0.000459484841129211,0.0239126397483749,-0.00116312068389381));
#5741=CARTESIAN_POINT('',(-0.000459577448404286,0.0238212359005376,-0.0010668));
#5742=CARTESIAN_POINT('',(-0.000475011371890224,0.00858787553340099,0.014986));
#5743=CARTESIAN_POINT('',(-0.000608665841149895,0.0237822729952714,-0.00116312068389381));
#5744=CARTESIAN_POINT('',(-0.000608636303336724,0.0236915980230165,-0.0010668));
#5745=CARTESIAN_POINT('',(-0.000603713532981523,0.00857971202126863,0.014986));
#5746=CARTESIAN_POINT('',(-0.000933086024446354,0.0234654182901524,-0.00116312068389381));
#5747=CARTESIAN_POINT('',(-0.000932803963392931,0.0233764899573867,-0.0010668));
#5748=CARTESIAN_POINT('',(-0.000885795683391718,0.00855569879901726,0.014986));
#5749=CARTESIAN_POINT('',(-0.00111577366095931,0.0232870428344789,-0.00116312068389381));
#5750=CARTESIAN_POINT('',(-0.00111532018149272,0.0231990745655444,-0.0010668));
#5751=CARTESIAN_POINT('',(-0.00103974331796854,0.00853828759367292,0.014986));
#5752=CARTESIAN_POINT('',(-0.00148639841380383,0.0229252624163329,-0.00116312068389381));
#5753=CARTESIAN_POINT('',(-0.00148554235800972,0.022839199080509,-0.0010668));
#5754=CARTESIAN_POINT('',(-0.0013428721453804,0.00849588815843821,0.014986));
#5755=CARTESIAN_POINT('',(-0.00167433552747653,0.0227418574540824,-0.00116312068389381));
#5756=CARTESIAN_POINT('',(-0.00167324831642693,0.0226567389873159,-0.0010668));
#5757=CARTESIAN_POINT('',(-0.00149205378134222,0.0084708998915671,0.014986));
#5758=CARTESIAN_POINT('',(-0.00205491884445741,0.022370539722553,-0.00116312068389381));
#5759=CARTESIAN_POINT('',(-0.00205331310389078,0.022287295965236,-0.0010668));
#5760=CARTESIAN_POINT('',(-0.0017857004673728,0.00841389584557556,0.014986));
#5761=CARTESIAN_POINT('',(-0.00224756504536448,0.0221826269536725,-0.00116312068389381));
#5762=CARTESIAN_POINT('',(-0.00224567193293744,0.0221003130363492,-0.0010668));
#5763=CARTESIAN_POINT('',(-0.00193016591761126,0.00838188000005467,0.014986));
#5764=CARTESIAN_POINT('',(-0.00263702590964019,0.0218028157776052,-0.00116312068389381));
#5765=CARTESIAN_POINT('',(-0.00263450559197213,0.0217223462085388,-0.0010668));
#5766=CARTESIAN_POINT('',(-0.00221446958489353,0.00831129215359477,0.014986));
#5767=CARTESIAN_POINT('',(-0.00283384057083984,0.0216109173709482,-0.00116312068389381));
#5768=CARTESIAN_POINT('',(-0.00283098042196018,0.0215313623096152,-0.0010668));
#5769=CARTESIAN_POINT('',(-0.00235430816342432,0.00827272006435524,0.014986));
#5770=CARTESIAN_POINT('',(-0.0034297260545578,0.0210300276288916,-0.00116312068389381));
#5771=CARTESIAN_POINT('',(-0.00342577360880444,0.0209531919562747,-0.0010668));
#5772=CARTESIAN_POINT('',(-0.00276705921201495,0.00814776288826643,0.014986));
#5773=CARTESIAN_POINT('',(-0.00383423839654111,0.0206358415645325,-0.00116312068389381));
#5774=CARTESIAN_POINT('',(-0.00382946066254074,0.0205607868452881,-0.0010668));
#5775=CARTESIAN_POINT('',(-0.00303320377086732,0.00805217137060867,0.014986));
#5776=CARTESIAN_POINT('',(-0.00465344637390917,0.0198378031187876,-0.00116312068389381));
#5777=CARTESIAN_POINT('',(-0.00464685633752289,0.0197662351310514,-0.0010668));
#5778=CARTESIAN_POINT('',(-0.00354856122763439,0.0078387181420806,0.014986));
#5779=CARTESIAN_POINT('',(-0.00506814195672164,0.0194339507611331,-0.00116312068389381));
#5780=CARTESIAN_POINT('',(-0.00506056495876873,0.0193640885278012,-0.0010668));
#5781=CARTESIAN_POINT('',(-0.00379778288724068,0.00772085247617246,0.014986));
#5782=CARTESIAN_POINT('',(-0.00590338889364128,0.0186207722601047,-0.00116312068389381));
#5783=CARTESIAN_POINT('',(-0.00589370881126585,0.0185542287542934,-0.0010668));
#5784=CARTESIAN_POINT('',(-0.00428042680293225,0.00746409165285206,0.014986));
#5785=CARTESIAN_POINT('',(-0.00632394020218257,0.0182114461426406,-0.00116312068389381));
#5786=CARTESIAN_POINT('',(-0.00631314404251712,0.0181465155840356,-0.0010668));
#5787=CARTESIAN_POINT('',(-0.00451385665302321,0.00732519217728723,0.014986));
#5788=CARTESIAN_POINT('',(-0.00716657254361028,0.0173915182396312,-0.00116312068389381));
#5789=CARTESIAN_POINT('',(-0.00715344615752105,0.0173296976017681,-0.0010668));
#5790=CARTESIAN_POINT('',(-0.00496580335750271,0.00702667341868446,0.014986));
#5791=CARTESIAN_POINT('',(-0.00758865353496002,0.0169809164820215,-0.00116312068389381));
#5792=CARTESIAN_POINT('',(-0.00757431304127368,0.0169205927897584,-0.0010668));
#5793=CARTESIAN_POINT('',(-0.00518432713438437,0.00686704947990405,0.014986));
#5794=CARTESIAN_POINT('',(-0.00843002196559903,0.016162640195687,-0.00116312068389381));
#5795=CARTESIAN_POINT('',(-0.00841318350377625,0.0161051664492428,-0.0010668));
#5796=CARTESIAN_POINT('',(-0.00560688636154717,0.00652659495636591,0.014986));
#5797=CARTESIAN_POINT('',(-0.00884930936503625,0.0157549656980243,-0.00116312068389381));
#5798=CARTESIAN_POINT('',(-0.00883118708252617,0.0156988449207369,-0.0010668));
#5799=CARTESIAN_POINT('',(-0.00581092845356389,0.0063457591947986,0.014986));
#5800=CARTESIAN_POINT('',(-0.00968077131832604,0.0149467507283363,-0.00116312068389381));
#5801=CARTESIAN_POINT('',(-0.00966003597751921,0.0148931600724848,-0.0010668));
#5802=CARTESIAN_POINT('',(-0.00620428519328658,0.00596174424905785,0.014986));
#5803=CARTESIAN_POINT('',(-0.0100929458522357,0.0145462102692682,-0.00116312068389381));
#5804=CARTESIAN_POINT('',(-0.0100708812937623,0.0144937967527385,-0.0010668));
#5805=CARTESIAN_POINT('',(-0.00639360316467266,0.00575856290541104,0.014986));
#5806=CARTESIAN_POINT('',(-0.0104994068625775,0.0141513417171083,-0.00116312068389381));
#5807=CARTESIAN_POINT('',(-0.010476,0.0141,-0.0010668));
#5808=CARTESIAN_POINT('',(-0.00657501354107135,0.0055433921866244,0.014986));
#5809=CARTESIAN_POINT('',(0.00862326131403118,0.0195625,0.00103358311576476));
#5810=CARTESIAN_POINT('',(0.00836813446432691,0.0200043926660628,0.0008685353519958));
#5811=CARTESIAN_POINT('',(0.00811333712386614,0.0204457146053743,0.000701473791628822));
#5812=CARTESIAN_POINT('',(0.00785873813581409,0.0208866929882361,0.000533200000000008));
#5813=CARTESIAN_POINT('',(0.00862326131403118,0.0195625,0.00103358311576477));
#5814=CARTESIAN_POINT('',(0.00785873813581407,0.0208866929882361,0.0005332));
#5815=CARTESIAN_POINT('',(0.00587363065701559,0.0148,0.00748917339762461));
#5816=CARTESIAN_POINT('',(0.00634627827591634,0.0156186496900125,0.00643773410445357));
#5817=CARTESIAN_POINT('',(0.00725505025113272,0.017192688923582,0.00427263008055163));
#5818=CARTESIAN_POINT('',(0.00816680727243317,0.0187718984086321,0.00211261174137748));
#5819=CARTESIAN_POINT('',(0.00862326131403118,0.0195625,0.00103358311576477));
#5820=CARTESIAN_POINT('',(0.00587363065701559,0.0148,0.0074891733976249));
#5821=CARTESIAN_POINT('',(0.0003743693429844,0.0148,0.00870174433192028));
#5822=CARTESIAN_POINT('',(0.00132954432639676,0.0148,0.00890714350841877));
#5823=CARTESIAN_POINT('',(0.00327527985033874,0.0147999999999997,0.00880004942426114));
#5824=CARTESIAN_POINT('',(0.00507426333669174,0.0147999999999997,0.00804294979762612));
#5825=CARTESIAN_POINT('',(0.00587363065701559,0.0147999999999997,0.0074891733976249));
#5826=CARTESIAN_POINT('',(0.0003743693429844,0.0148,0.00870174433192028));
#5827=CARTESIAN_POINT('',(-0.0023752613140312,0.0195625,0.00171401355191254));
#5828=CARTESIAN_POINT('',(-0.00155324054277545,0.0181387182593081,0.00419203376234148));
#5829=CARTESIAN_POINT('',(-0.00068922763561722,0.0166422040057148,0.00660395934613635));
#5830=CARTESIAN_POINT('',(0.000374369342984401,0.0148,0.00870174433192028));
#5831=CARTESIAN_POINT('',(-0.0023752613140312,0.0195625,0.00171401355191254));
#5832=CARTESIAN_POINT('',(-0.00113215190245962,0.021715628660209,0.0005332));
#5833=CARTESIAN_POINT('',(-0.00154996941362387,0.0209919475025806,0.000912286129046139));
#5834=CARTESIAN_POINT('',(-0.00196406065710618,0.0202747204298998,0.00130706367158591));
#5835=CARTESIAN_POINT('',(-0.0023752613140312,0.0195625,0.00171401355191255));
#5836=CARTESIAN_POINT('',(-0.00113215190245962,0.021715628660209,0.0005332));
#5837=CARTESIAN_POINT('',(0.00785873813581419,0.020886692988236,0.0005332));
#5838=CARTESIAN_POINT('',(0.00724844105940628,0.0214820406747446,0.0005332));
#5839=CARTESIAN_POINT('',(0.00606352150252046,0.0227491533956583,0.0005332));
#5840=CARTESIAN_POINT('',(0.00353726543880657,0.0236008052944976,0.0005332));
#5841=CARTESIAN_POINT('',(0.00137083129925666,0.0233429453026028,0.0005332));
#5842=CARTESIAN_POINT('',(-0.000188984937323732,0.0225661094652115,0.0005332));
#5843=CARTESIAN_POINT('',(-0.000817252785155928,0.0219991796478249,0.0005332));
#5844=CARTESIAN_POINT('',(-0.00113215190245961,0.021715628660209,0.0005332));
#5845=CARTESIAN_POINT('',(0.0105330173785067,0.0125855,0.0052322));
#5846=CARTESIAN_POINT('',(0.0115774625317172,0.0113795192836432,0.0052322));
#5847=CARTESIAN_POINT('',(0.012581893751321,0.0101414692560364,0.0052322));
#5848=CARTESIAN_POINT('',(0.0135240410057212,0.00885350152012275,0.0052322));
#5849=CARTESIAN_POINT('',(0.0105330173785067,0.0125855,0.0052322));
#5850=CARTESIAN_POINT('',(0.0158002719334765,0.0125855,0.000751524266477856));
#5851=CARTESIAN_POINT('',(0.0139713709756426,0.0125855,0.00215909208279722));
#5852=CARTESIAN_POINT('',(0.0122254558094758,0.0125855,0.00366421377606548));
#5853=CARTESIAN_POINT('',(0.0105330173785067,0.0125855,0.0052322));
#5854=CARTESIAN_POINT('',(0.0158002719334765,0.0125855,0.000751524266477856));
#5855=CARTESIAN_POINT('',(0.0126465034336118,0.00741473322767315,0.0069596));
#5856=CARTESIAN_POINT('',(0.,5.26598123633362E-19,0.014986));
#5857=CARTESIAN_POINT('',(-0.000729466455346304,0.00856900686722356,0.014986));
#5858=CARTESIAN_POINT('',(0.,5.26598123633362E-19,0.014986));
#5859=CARTESIAN_POINT('',(0.00554339218662439,0.00657501354107136,0.014986));
#5860=CARTESIAN_POINT('',(0.,5.26598123633362E-19,0.014986));
#5861=CARTESIAN_POINT('',(0.0162601365834635,0.0126094495154066,-0.000152182893961638));
#5862=CARTESIAN_POINT('',(0.0162601538717498,0.0125855,-0.000152174113408297));
#5863=CARTESIAN_POINT('',(0.,0.,0.014986));
#5864=CARTESIAN_POINT('',(1.20116058921235E-18,-1.06313262193921E-19,0.014986));
#5865=CARTESIAN_POINT('',(0.007,-1.06313262193921E-19,0.014986));
#5866=CARTESIAN_POINT('',(0.013003,-0.0125855,0.0052342));
#5867=CARTESIAN_POINT('',(0.013003,-0.0125855,0.0052322));
#5868=CARTESIAN_POINT('',(0.013003,0.0125855,0.0052342));
#5869=CARTESIAN_POINT('',(0.013003,0.0125855,0.0052322));
#5870=CARTESIAN_POINT('',(0.012203,-5.24420783783756E-19,0.0052322));
#5871=CARTESIAN_POINT('',(0.003124,-0.0195625,0.0239332));
#5872=CARTESIAN_POINT('',(0.003124,-0.0195625,0.0005332));
#5873=CARTESIAN_POINT('',(0.0006348,-0.0195625,0.0005332));
#5874=CARTESIAN_POINT('',(0.003124,0.0195625,0.0239332));
#5875=CARTESIAN_POINT('',(0.003124,0.0195625,0.0005332));
#5876=CARTESIAN_POINT('',(0.0006348,0.0195625,0.0005332));
#5877=CARTESIAN_POINT('',(0.003124,0.,0.0005332));
#5878=CARTESIAN_POINT('',(-0.0010004459855234,0.02194375,0.0005332));
#5879=CARTESIAN_POINT('',(-0.0023752613140312,0.0195625,0.0005332));
#5880=CARTESIAN_POINT('',(-0.0010004459855234,0.01718125,0.0005332));
#5881=CARTESIAN_POINT('',(0.0003743693429844,0.0148,0.0005332));
#5882=CARTESIAN_POINT('',(0.003124,0.0148,0.0005332));
#5883=CARTESIAN_POINT('',(0.00587363065701559,0.0148,0.0005332));
#5884=CARTESIAN_POINT('',(0.00724844598552339,0.01718125,0.0005332));
#5885=CARTESIAN_POINT('',(0.00862326131403118,0.0195625,0.0005332));
#5886=CARTESIAN_POINT('',(0.00724844598552339,0.02194375,0.0005332));
#5887=CARTESIAN_POINT('',(0.00724844598552339,0.02194375,0.0255332));
#5888=CARTESIAN_POINT('',(0.00862326131403118,0.0195625,0.0255332));
#5889=CARTESIAN_POINT('',(0.00724844598552339,0.01718125,0.0255332));
#5890=CARTESIAN_POINT('',(0.00587363065701559,0.0148,0.0255332));
#5891=CARTESIAN_POINT('',(0.003124,0.0148,0.0255332));
#5892=CARTESIAN_POINT('',(0.0003743693429844,0.0148,0.0255332));
#5893=CARTESIAN_POINT('',(-0.0010004459855234,0.01718125,0.0255332));
#5894=CARTESIAN_POINT('',(-0.0023752613140312,0.0195625,0.0255332));
#5895=CARTESIAN_POINT('',(-0.0010004459855234,0.02194375,0.0255332));
#5896=CARTESIAN_POINT('',(0.003124,0.,0.0005332));
#5897=CARTESIAN_POINT('',(0.00724844598552339,-0.02194375,0.0005332));
#5898=CARTESIAN_POINT('',(0.00862326131403118,-0.0195625,0.0005332));
#5899=CARTESIAN_POINT('',(0.00724844598552339,-0.01718125,0.0005332));
#5900=CARTESIAN_POINT('',(0.00587363065701559,-0.0148,0.0005332));
#5901=CARTESIAN_POINT('',(0.003124,-0.0148,0.0005332));
#5902=CARTESIAN_POINT('',(0.000374369342984402,-0.0148,0.0005332));
#5903=CARTESIAN_POINT('',(-0.0010004459855234,-0.01718125,0.0005332));
#5904=CARTESIAN_POINT('',(-0.0023752613140312,-0.0195625,0.0005332));
#5905=CARTESIAN_POINT('',(-0.0010004459855234,-0.02194375,0.0005332));
#5906=CARTESIAN_POINT('',(-0.0010004459855234,-0.01718125,0.0255332));
#5907=CARTESIAN_POINT('',(-0.0023752613140312,-0.0195625,0.0255332));
#5908=CARTESIAN_POINT('',(0.000374369342984402,-0.0148,0.0255332));
#5909=CARTESIAN_POINT('',(0.003124,-0.0148,0.0255332));
#5910=CARTESIAN_POINT('',(0.00587363065701559,-0.0148,0.0255332));
#5911=CARTESIAN_POINT('',(0.00724844598552339,-0.01718125,0.0255332));
#5912=CARTESIAN_POINT('',(0.00862326131403118,-0.0195625,0.0255332));
#5913=CARTESIAN_POINT('',(0.00724844598552339,-0.02194375,0.0255332));
#5914=CARTESIAN_POINT('',(-0.0010004459855234,-0.02194375,0.0255332));
#5915=CARTESIAN_POINT('',(-0.00937780467042419,-0.0126592215692539,-0.00126474451416186));
#5916=CARTESIAN_POINT('',(-0.00903023698699744,-0.0106171795425118,0.00125641495038212));
#5917=CARTESIAN_POINT('',(-0.00831027433409729,-0.00654978421058408,0.00630982300624382));
#5918=CARTESIAN_POINT('',(-0.00744319966386933,-0.00269365003260846,0.0115226918512113));
#5919=CARTESIAN_POINT('',(-0.00705610702035922,-0.000916997260409572,0.0142607531205068));
#5920=CARTESIAN_POINT('',(-0.00827720244455358,-0.0137327079037016,-0.00123583222882336));
#5921=CARTESIAN_POINT('',(-0.00810234527978759,-0.0116332517818708,0.00128483738919173));
#5922=CARTESIAN_POINT('',(-0.00773261625270922,-0.00745086380163828,0.00633949861294932));
#5923=CARTESIAN_POINT('',(-0.00722307306282859,-0.00342857242595545,0.0115262447917349));
#5924=CARTESIAN_POINT('',(-0.00697791677722606,-0.00156871126221441,0.0142470418810004));
#5925=CARTESIAN_POINT('',(-0.00656081213073951,-0.0154060685661373,-0.00119843156826877));
#5926=CARTESIAN_POINT('',(-0.00663069380091054,-0.0132041621987042,0.00132106077890609));
#5927=CARTESIAN_POINT('',(-0.00675243786429615,-0.00881497733553517,0.00637421440787583));
#5928=CARTESIAN_POINT('',(-0.0067638051661263,-0.0045301452585359,0.0115290089492041));
#5929=CARTESIAN_POINT('',(-0.00674135816020608,-0.00250375278528503,0.0142118211006526));
#5930=CARTESIAN_POINT('',(-0.00437192752895214,-0.0175391276024081,-0.00116515412532815));
#5931=CARTESIAN_POINT('',(-0.00471143322758205,-0.0151953476535409,0.00134987202120589));
#5932=CARTESIAN_POINT('',(-0.00537674216996314,-0.0105170218185809,0.00639084384893735));
#5933=CARTESIAN_POINT('',(-0.00597234170502448,-0.0058944218939537,0.0114959441371305));
#5934=CARTESIAN_POINT('',(-0.00623502327837682,-0.00364152997987996,0.0141095734073309));
#5935=CARTESIAN_POINT('',(-0.00297219319001232,-0.0189029571954954,-0.0011505290689651));
#5936=CARTESIAN_POINT('',(-0.00346616771164896,-0.016465833227106,0.00135965633497688));
#5937=CARTESIAN_POINT('',(-0.0044446423648523,-0.0115970460771339,0.00638745047305716));
#5938=CARTESIAN_POINT('',(-0.00537963338473162,-0.00675795386790665,0.011453972511638));
#5939=CARTESIAN_POINT('',(-0.00582107020038136,-0.00436481834217896,0.0140189858217043));
#5940=CARTESIAN_POINT('',(-0.00192936885394957,-0.0199186283487201,-0.00114407053635686));
#5941=CARTESIAN_POINT('',(-0.00252602030623571,-0.0174108252500332,0.00136061754659503));
#5942=CARTESIAN_POINT('',(-0.0037138789315576,-0.0123979793534021,0.00637415685489795));
#5943=CARTESIAN_POINT('',(-0.00487822060596944,-0.00739855299474496,0.0114072154616691));
#5944=CARTESIAN_POINT('',(-0.00544622350156465,-0.00490864883182959,0.0139372705633117));
#5945=CARTESIAN_POINT('',(-0.00120361270599873,-0.0206257597561033,-0.00114306553397077));
#5946=CARTESIAN_POINT('',(-0.00186466298320227,-0.018068165506661,0.00135657068953263));
#5947=CARTESIAN_POINT('',(-0.00318442415441897,-0.0129540304149443,0.00635756960960351));
#5948=CARTESIAN_POINT('',(-0.00449457216357226,-0.00784441039601482,0.0113658595950577));
#5949=CARTESIAN_POINT('',(-0.00514415497026398,-0.0052923218171779,0.013874319799371));
#5950=CARTESIAN_POINT('',(-0.000751180253119321,-0.0210660856215034,-0.001143048491031));
#5951=CARTESIAN_POINT('',(-0.00144925701931074,-0.0184771323938046,0.00135270643197854));
#5952=CARTESIAN_POINT('',(-0.00284514894331034,-0.013299320816793,0.0063443947604312));
#5953=CARTESIAN_POINT('',(-0.00424005297026688,-0.00812181921451927,0.0113367085027513));
#5954=CARTESIAN_POINT('',(-0.00493700988181554,-0.00553318209518545,0.0138331368165488));
#5955=CARTESIAN_POINT('',(-0.000455728514684115,-0.0213541746347836,-0.00114457150171407));
#5956=CARTESIAN_POINT('',(-0.00117653130601633,-0.0187445820949676,0.00134843633357301));
#5957=CARTESIAN_POINT('',(-0.00261922587750562,-0.0135249542088939,0.00633367879750064));
#5958=CARTESIAN_POINT('',(-0.00406621495719899,-0.00830362756058184,0.0113159208006525));
#5959=CARTESIAN_POINT('',(-0.00479201953461772,-0.00569208975284477,0.0138054682654284));
#5960=CARTESIAN_POINT('',(-0.000255723397978396,-0.0215483858122999,-0.001144581744635));
#5961=CARTESIAN_POINT('',(-0.000991327887836284,-0.0189247347239769,0.00134627989189241));
#5962=CARTESIAN_POINT('',(-0.0024646133796309,-0.0136766514153263,0.00632657630805815));
#5963=CARTESIAN_POINT('',(-0.00394584746165987,-0.00842580732191085,0.0113016514238957));
#5964=CARTESIAN_POINT('',(-0.00469055332802731,-0.00579911609976175,0.0137866614670541));
#5965=CARTESIAN_POINT('',(-0.000103711833614991,-0.0216980038173697,-0.0011480500799453));
#5966=CARTESIAN_POINT('',(-0.000850036997098594,-0.0190636175633461,0.00134142847812774));
#5967=CARTESIAN_POINT('',(-0.00234537509621519,-0.0137938808778004,0.00631857545257833));
#5968=CARTESIAN_POINT('',(-0.00385081936493326,-0.00852090139247222,0.0112893186441393));
#5969=CARTESIAN_POINT('',(-0.00460860176281275,-0.00588302727156209,0.0137717355555593));
#5970=CARTESIAN_POINT('',(3.68500042282685E-5,-0.0218317225102586,-0.00114389491610298));
#5971=CARTESIAN_POINT('',(-0.000719419655254325,-0.0191873602929461,0.00134345818165001));
#5972=CARTESIAN_POINT('',(-0.00223554884146147,-0.0138974304494527,0.00631581586262727));
#5973=CARTESIAN_POINT('',(-0.00376486833100136,-0.00860372759274447,0.0112802382406093));
#5974=CARTESIAN_POINT('',(-0.00453590626851751,-0.00595542501470781,0.0137590071450138));
#5975=CARTESIAN_POINT('',(0.000107575832870433,-0.0219332280573926,-0.00119036733635817));
#5976=CARTESIAN_POINT('',(-0.000651328561704577,-0.019282996879564,0.00130066233239449));
#5977=CARTESIAN_POINT('',(-0.00217110054801981,-0.0139819441873231,0.00628150027907544));
#5978=CARTESIAN_POINT('',(-0.00369775044902643,-0.00867896405807226,0.0112582084142058));
#5979=CARTESIAN_POINT('',(-0.00446423768210331,-0.00602666012838606,0.0137447404533928));
#5980=CARTESIAN_POINT('',(0.000238228478706066,-0.0220739711858873,-0.00122309489387389));
#5981=CARTESIAN_POINT('',(-0.000527432565268537,-0.0194154237474315,0.001269707619137));
#5982=CARTESIAN_POINT('',(-0.00205988223612957,-0.0140980116563993,0.00625462937354921));
#5983=CARTESIAN_POINT('',(-0.00359617339690709,-0.0087795802566589,0.0112372886368274));
#5984=CARTESIAN_POINT('',(-0.0043660241512379,-0.00611994627696789,0.0137276502936121));
#5985=CARTESIAN_POINT('',(0.000402593989378434,-0.0222456597315516,-0.00127611308736074));
#5986=CARTESIAN_POINT('',(-0.00037007216459437,-0.0195786291754563,0.00122025112643266));
#5987=CARTESIAN_POINT('',(-0.00191486615939141,-0.014244730975721,0.00621331552210883));
#5988=CARTESIAN_POINT('',(-0.00345775901520281,-0.0089113428494194,0.0112074976665535));
#5989=CARTESIAN_POINT('',(-0.00422832877621536,-0.00624485026977147,0.0137050686374877));
#5990=CARTESIAN_POINT('',(0.000672958380442051,-0.0224818847732487,-0.00133429966273569));
#5991=CARTESIAN_POINT('',(-0.000111022013303654,-0.0198052420388588,0.00116533996505919));
#5992=CARTESIAN_POINT('',(-0.00167679289076384,-0.0144524607858393,0.00616585151049675));
#5993=CARTESIAN_POINT('',(-0.00323576559327318,-0.00910142720400188,0.0111703858302609));
#5994=CARTESIAN_POINT('',(-0.00401255656490728,-0.00642669894180469,0.0136743513628748));
#5995=CARTESIAN_POINT('',(0.00105526011423796,-0.0227531719772088,-0.00140112129383243));
#5996=CARTESIAN_POINT('',(0.000257483338521628,-0.0200703561702638,0.00110197539627765));
#5997=CARTESIAN_POINT('',(-0.00133397580770246,-0.0147055651179089,0.00611040429373163));
#5998=CARTESIAN_POINT('',(-0.00291370209934813,-0.009343855538914,0.0111259661316023));
#5999=CARTESIAN_POINT('',(-0.00369936116069504,-0.006664407697381,0.0136366301215444));
#6000=CARTESIAN_POINT('',(0.00159160034279851,-0.0230268860957506,-0.00146110301537441));
#6001=CARTESIAN_POINT('',(0.000777127551774596,-0.0203461428043647,0.0010438852054476));
#6002=CARTESIAN_POINT('',(-0.000846155074837319,-0.0149857398420008,0.00605693489423335));
#6003=CARTESIAN_POINT('',(-0.00245481477690562,-0.00962958816454662,0.0110794886038785));
#6004=CARTESIAN_POINT('',(-0.00325458061031589,-0.00695344483209041,0.0135943853751124));
#6005=CARTESIAN_POINT('',(0.00222767774424644,-0.0232255977404467,-0.00150701160543171));
#6006=CARTESIAN_POINT('',(0.00139723298589452,-0.0205593179451452,0.000998098464198555));
#6007=CARTESIAN_POINT('',(-0.000256561362928775,-0.0152280828547094,0.00601219937506285));
#6008=CARTESIAN_POINT('',(-0.00189363446470652,-0.00990236993720483,0.0110380153319922));
#6009=CARTESIAN_POINT('',(-0.00270758216828936,-0.00724197716662863,0.0135551526819947));
#6010=CARTESIAN_POINT('',(0.00292080947362992,-0.0233125294405903,-0.00153594923391867));
#6011=CARTESIAN_POINT('',(0.00207604795471981,-0.0206728843447056,0.000967536743424458));
#6012=CARTESIAN_POINT('',(0.000395440399663559,-0.0153949836611849,0.00597915462905381));
#6013=CARTESIAN_POINT('',(-0.00126531610511316,-0.0101238331291957,0.0110049812323209));
#6014=CARTESIAN_POINT('',(-0.00209076937771346,-0.00749135957993641,0.013522928023798));
#6015=CARTESIAN_POINT('',(0.00362052823831049,-0.0232771369583982,-0.00154991093758185));
#6016=CARTESIAN_POINT('',(0.00276282183274638,-0.0206741602048002,0.000950704859512554));
#6017=CARTESIAN_POINT('',(0.00105912786341871,-0.0154691571454206,0.00595719140168744));
#6018=CARTESIAN_POINT('',(-0.000618361003631261,-0.0102716939294185,0.0109810588953788));
#6019=CARTESIAN_POINT('',(-0.00145083090871113,-0.00767690945473888,0.0134993816343595));
#6020=CARTESIAN_POINT('',(0.00427761765081349,-0.023125024353262,-0.00155041920311721));
#6021=CARTESIAN_POINT('',(0.00340743045316504,-0.0205663909895865,0.000946525524106282));
#6022=CARTESIAN_POINT('',(0.0016826358915006,-0.0154487866200197,0.00594584635937484));
#6023=CARTESIAN_POINT('',(-5.12112534584952E-6,-0.0103383717035993,0.0109662269303363));
#6024=CARTESIAN_POINT('',(-0.000839840801844746,-0.00778816199076769,0.0134849129505132));
#6025=CARTESIAN_POINT('',(0.00484103511638726,-0.0228908317170896,-0.00153971535438305));
#6026=CARTESIAN_POINT('',(0.00395884691923189,-0.0203803436773677,0.000953116698251535));
#6027=CARTESIAN_POINT('',(0.00221451382158236,-0.015356678946934,0.00594366233212007));
#6028=CARTESIAN_POINT('',(0.000523198740029563,-0.0103377963177926,0.0109589778506613));
#6029=CARTESIAN_POINT('',(-0.000308356125320737,-0.00783468226271685,0.0134782684263851));
#6030=CARTESIAN_POINT('',(0.00525817331657409,-0.0226421896790422,-0.00152419881657019));
#6031=CARTESIAN_POINT('',(0.00436583070627775,-0.0201758576771392,0.000965107737732823));
#6032=CARTESIAN_POINT('',(0.0026048232752667,-0.0152378587423331,0.00594755785429726));
#6033=CARTESIAN_POINT('',(0.000913373019740101,-0.0103005655531068,0.0109572781002834));
#6034=CARTESIAN_POINT('',(8.76750991870661E-5,-0.00783937409920982,0.0134770855081525));
#6035=CARTESIAN_POINT('',(0.00554740994275366,-0.0224245317744833,-0.00150656685244949));
#6036=CARTESIAN_POINT('',(0.00464753581114616,-0.0199947743388327,0.000979524654702508));
#6037=CARTESIAN_POINT('',(0.00287441977651224,-0.0151271312547536,0.00595418642246617));
#6038=CARTESIAN_POINT('',(0.0011879015877083,-0.0102548790847002,0.0109578497637217));
#6039=CARTESIAN_POINT('',(0.000371218284547005,-0.00782747917251513,0.0134783194800278));
#6040=CARTESIAN_POINT('',(0.00574203479278602,-0.0222543043717013,-0.00149348809309096));
#6041=CARTESIAN_POINT('',(0.00483660943757919,-0.0198522592069678,0.000990701329371482));
#6042=CARTESIAN_POINT('',(0.00305385477748089,-0.0150381651965391,0.00596050712763656));
#6043=CARTESIAN_POINT('',(0.0013690133595717,-0.0102148758893239,0.0109596113755808));
#6044=CARTESIAN_POINT('',(0.00055825197324075,-0.00781251315014639,0.0134802582550842));
#6045=CARTESIAN_POINT('',(0.00586829017478656,-0.0221276015654556,-0.00147947987729395));
#6046=CARTESIAN_POINT('',(0.00495945456757963,-0.0197461924208121,0.00100248405703031));
#6047=CARTESIAN_POINT('',(0.00317156345496833,-0.014971262255554,0.00596666152768477));
#6048=CARTESIAN_POINT('',(0.00149455250414051,-0.0101822598358989,0.0109608702802058));
#6049=CARTESIAN_POINT('',(0.000693015002387947,-0.0077981732172368,0.0134821616460495));
#6050=CARTESIAN_POINT('',(0.00598242964936843,-0.0220109204962573,-0.00147233665666011));
#6051=CARTESIAN_POINT('',(0.00506990005290641,-0.0196479827888291,0.00100910479865889));
#6052=CARTESIAN_POINT('',(0.00327461448275536,-0.014909222775595,0.00597164449165266));
#6053=CARTESIAN_POINT('',(0.00159486683453956,-0.0101530627618456,0.0109631767325833));
#6054=CARTESIAN_POINT('',(0.000795118615635448,-0.00778517215693058,0.0134841132525252));
#6055=CARTESIAN_POINT('',(0.00614376642767395,-0.0218569797546397,-0.0014704053259576));
#6056=CARTESIAN_POINT('',(0.00522515600638659,-0.0195175709693728,0.00101204387410722));
#6057=CARTESIAN_POINT('',(0.00341619664966295,-0.0148262573763759,0.00597652055420507));
#6058=CARTESIAN_POINT('',(0.00171992261904397,-0.0101153820022252,0.0109671914928303));
#6059=CARTESIAN_POINT('',(0.000913441649103527,-0.00776836171547233,0.0134866269187563));
#6060=CARTESIAN_POINT('',(0.00635560076104655,-0.0216496848117823,-0.00146426362907559));
#6061=CARTESIAN_POINT('',(0.00542882752232396,-0.0193417002711567,0.00101865154829375));
#6062=CARTESIAN_POINT('',(0.00360237334973127,-0.0147131070150918,0.00598369279601994));
#6063=CARTESIAN_POINT('',(0.00188879720385883,-0.0100613384284529,0.010972184806232));
#6064=CARTESIAN_POINT('',(0.00107671371745058,-0.0077421900366362,0.0134901889623313));
#6065=CARTESIAN_POINT('',(0.00670809692518237,-0.0213096988609895,-0.00145809433489029));
#6066=CARTESIAN_POINT('',(0.00576644730971989,-0.019051816981081,0.00102632983751482));
#6067=CARTESIAN_POINT('',(0.00390777853051381,-0.0145239513665724,0.00599423451971477));
#6068=CARTESIAN_POINT('',(0.0021574001321039,-0.00996868321661325,0.0109808962083824));
#6069=CARTESIAN_POINT('',(0.00133011598791086,-0.0076943122991401,0.0134961961477487));
#6070=CARTESIAN_POINT('',(0.00719977435813841,-0.0208321334991975,-0.00144795758608855));
#6071=CARTESIAN_POINT('',(0.00623529159058875,-0.0186423398963515,0.00103790361273185));
#6072=CARTESIAN_POINT('',(0.0043283667836972,-0.0142510784986963,0.00600848810345081));
#6073=CARTESIAN_POINT('',(0.00252463240011263,-0.00982739243565695,0.0109928691686792));
#6074=CARTESIAN_POINT('',(0.00167451979264594,-0.00761443263933388,0.0135050265715559));
#6075=CARTESIAN_POINT('',(0.00795101654185666,-0.0201042538942199,-0.00143550413405258));
#6076=CARTESIAN_POINT('',(0.00694733858358326,-0.0180136966688582,0.00105259794065485));
#6077=CARTESIAN_POINT('',(0.00495840830231253,-0.0138219506292598,0.00602776405703101));
#6078=CARTESIAN_POINT('',(0.00306134078730397,-0.00959333320368178,0.011010902893876));
#6079=CARTESIAN_POINT('',(0.00216710458127537,-0.00747139590844033,0.0135187601911242));
#6080=CARTESIAN_POINT('',(0.00899426035823565,-0.0190916854909608,-0.00142013818849388));
#6081=CARTESIAN_POINT('',(0.00792846915912721,-0.0171313624042411,0.00107034043884809));
#6082=CARTESIAN_POINT('',(0.00581141291686059,-0.0132014483189115,0.00605055703941195));
#6083=CARTESIAN_POINT('',(0.00376955457739368,-0.00923307153912072,0.0110341710772058));
#6084=CARTESIAN_POINT('',(0.00280133935707281,-0.00723405595972757,0.0135375471058094));
#6085=CARTESIAN_POINT('',(0.0103981587534012,-0.0177290729539301,-0.00140475482965873));
#6086=CARTESIAN_POINT('',(0.00923669448374249,-0.0159316281728602,0.00108819196517248));
#6087=CARTESIAN_POINT('',(0.00692384236360842,-0.0123294561396832,0.00607378174036332));
#6088=CARTESIAN_POINT('',(0.00466287578171156,-0.008693445542502,0.0110603475035076));
#6089=CARTESIAN_POINT('',(0.00357457337273078,-0.00685579581604076,0.0135597665751239));
#6090=CARTESIAN_POINT('',(0.0125931772002202,-0.0155970932138676,-0.00138876916745767));
#6091=CARTESIAN_POINT('',(0.0112634390810051,-0.0140332426211769,0.00110652958003083));
#6092=CARTESIAN_POINT('',(0.00860787380530015,-0.0109017591946816,0.00609721111186731));
#6093=CARTESIAN_POINT('',(0.00597121251634927,-0.00775181470988601,0.0110882600481171));
#6094=CARTESIAN_POINT('',(0.00466954149069541,-0.00616131377121306,0.0135842753862106));
#6095=CARTESIAN_POINT('',(0.0143166918584117,-0.0139220737619562,-0.00138667564202144));
#6096=CARTESIAN_POINT('',(0.0128358303033815,-0.0125143916842661,0.00110878466657008));
#6097=CARTESIAN_POINT('',(0.00987370696362514,-0.00969912689540182,0.0060997375141214));
#6098=CARTESIAN_POINT('',(0.00690917316553103,-0.00688453494886454,0.0110906426491743));
#6099=CARTESIAN_POINT('',(0.00542339694440593,-0.00547828610894634,0.0135855033431559));
#6100=CARTESIAN_POINT('',(0.0154227574426317,-0.0128465615638532,-0.00139041065086787));
#6101=CARTESIAN_POINT('',(0.0138383964827871,-0.0115237667230027,0.00110431527030009));
#6102=CARTESIAN_POINT('',(0.0106668209594647,-0.00888136114629518,0.00609366021247102));
#6103=CARTESIAN_POINT('',(0.0074823588155038,-0.0062539978805311,0.0110828758947613));
#6104=CARTESIAN_POINT('',(0.0058816364970808,-0.00495123853981165,0.0135779372533797));
#6105=CARTESIAN_POINT('',(0.0119019763173278,-0.0105169503883416,0.0036322));
#6106=CARTESIAN_POINT('',(0.0117449418149809,-0.0106739326325437,0.0036322));
#6107=CARTESIAN_POINT('',(0.0115871017373323,-0.0108301008320623,0.0036322));
#6108=CARTESIAN_POINT('',(0.011428500629165,-0.0109855,0.0036322));
#6109=CARTESIAN_POINT('',(0.0119019763173278,-0.0105169503883416,0.0036322));
#6110=CARTESIAN_POINT('',(0.011428500629165,-0.0109855,0.0036322));
#6111=CARTESIAN_POINT('',(0.0124422191043933,-0.0109855,0.00276466545185063));
#6112=CARTESIAN_POINT('',(0.0121046548674478,-0.0109855,0.00305424317151439));
#6113=CARTESIAN_POINT('',(0.0117668776378515,-0.0109855,0.00334357200819623));
#6114=CARTESIAN_POINT('',(0.0114285006291651,-0.0109855,0.0036322));
#6115=CARTESIAN_POINT('',(0.0124422191043933,-0.0109855,0.00276466545185063));
#6116=CARTESIAN_POINT('',(0.0148360792297584,-0.0130474741462055,-0.0010668));
#6117=CARTESIAN_POINT('',(0.0140365425291635,-0.0123617332976575,0.000210218292482946));
#6118=CARTESIAN_POINT('',(0.0132382315974801,-0.0116747976840873,0.00148735944780759));
#6119=CARTESIAN_POINT('',(0.0124422191043933,-0.0109855,0.00276466545185063));
#6120=CARTESIAN_POINT('',(0.00679739108771898,-0.0132,0.00536276460882491));
#6121=CARTESIAN_POINT('',(0.00773536441316974,-0.0148246174558251,0.00321755245712027));
#6122=CARTESIAN_POINT('',(0.00867463174683647,-0.0164514761996256,0.00107460546384943));
#6123=CARTESIAN_POINT('',(0.00961477673392606,-0.0180798550837459,-0.0010668));
#6124=CARTESIAN_POINT('',(0.00679739108771898,-0.0132,0.00536276460882491));
#6125=CARTESIAN_POINT('',(-0.000549391087718991,-0.0132,0.00800629752928096));
#6126=CARTESIAN_POINT('',(0.000112305713653717,-0.0132,0.00816638913756317));
#6127=CARTESIAN_POINT('',(0.00113293681304105,-0.0132,0.00820950835119305));
#6128=CARTESIAN_POINT('',(0.00244528266977134,-0.0132000000000001,0.00789361716982567));
#6129=CARTESIAN_POINT('',(0.00367538031089607,-0.0132,0.00733342857636276));
#6130=CARTESIAN_POINT('',(0.00514194756135851,-0.0132,0.00651623116459832));
#6131=CARTESIAN_POINT('',(0.00625089087446414,-0.0132,0.00575602520727235));
#6132=CARTESIAN_POINT('',(0.00679739108771891,-0.0132,0.00536276460882491));
#6133=CARTESIAN_POINT('',(-0.000549391087718991,-0.0132,0.00800629752928096));
#6134=CARTESIAN_POINT('',(-0.00350284125153002,-0.0183155257413433,-0.00106679999999999));
#6135=CARTESIAN_POINT('',(-0.00327580403610808,-0.0179222857490235,-0.000282099401918944));
#6136=CARTESIAN_POINT('',(-0.00283013697054661,-0.017150367748211,0.00129718585491746));
#6137=CARTESIAN_POINT('',(-0.00227670689246598,-0.0161917987345385,0.00327443768343969));
#6138=CARTESIAN_POINT('',(-0.00183824306266669,-0.0154323571040447,0.00486268852510789));
#6139=CARTESIAN_POINT('',(-0.00133260821599069,-0.0145565718595247,0.00635536947713611));
#6140=CARTESIAN_POINT('',(-0.00087107823652271,-0.01375717848587,0.00735787205886354));
#6141=CARTESIAN_POINT('',(-0.00054939108771899,-0.0132,0.00800629752928097));
#6142=CARTESIAN_POINT('',(-0.00886494293927695,-0.0129878505265472,-0.0010668));
#6143=CARTESIAN_POINT('',(-0.0083035127784363,-0.00912386457463609,0.00370064021366407));
#6144=CARTESIAN_POINT('',(-0.00774864257566017,-0.00529844106691777,0.00850064910277751));
#6145=CARTESIAN_POINT('',(-0.00716129538441233,-0.00158869812490787,0.013386));
#6146=CARTESIAN_POINT('',(-0.00716129538441233,-0.00158869812490785,0.013386));
#6147=CARTESIAN_POINT('',(-0.00716129538441233,-0.00158869812490786,0.013386));
#6148=CARTESIAN_POINT('',(-0.00684211160934494,-0.00319241558520801,0.013386));
#6149=CARTESIAN_POINT('',(-0.00605751635154615,-0.00473827222002488,0.013386));
#6150=CARTESIAN_POINT('',(-0.00488469678482049,-0.0059228642440073,0.013386));
#6151=CARTESIAN_POINT('',(-0.0048846967848205,-0.00592286424400729,0.013386));
#6152=CARTESIAN_POINT('',(-0.00488469678482046,-0.00592286424400731,0.013386));
#6153=CARTESIAN_POINT('',(-0.00417452336682991,-0.00664016619774657,0.013386));
#6154=CARTESIAN_POINT('',(-0.00238929340579977,-0.00774960374066966,0.0133859999999999));
#6155=CARTESIAN_POINT('',(-0.00035040876360514,-0.0079932460139714,0.013386));
#6156=CARTESIAN_POINT('',(0.000664069010237928,-0.00789483717778661,0.013386));
#6157=CARTESIAN_POINT('',(0.000664069010237882,-0.00789483717778662,0.013386));
#6158=CARTESIAN_POINT('',(0.00596550267740283,-0.00509704382035693,0.013386));
#6159=CARTESIAN_POINT('',(0.00531002487754397,-0.00585253643926041,0.013386));
#6160=CARTESIAN_POINT('',(0.00373044636658564,-0.00714033221278556,0.013386));
#6161=CARTESIAN_POINT('',(0.00168746351335903,-0.00779556337937839,0.013386));
#6162=CARTESIAN_POINT('',(0.000664069010237853,-0.00789483717778663,0.013386));
#6163=CARTESIAN_POINT('',(0.00596550267740283,-0.00509704382035693,0.013386));
#6164=CARTESIAN_POINT('',(0.0119019763173278,-0.0105169503883416,0.0036322));
#6165=CARTESIAN_POINT('',(0.0108903630670141,-0.00963813305303381,0.00525794409375273));
#6166=CARTESIAN_POINT('',(0.00887629514807643,-0.00787012001196775,0.00850960222947707));
#6167=CARTESIAN_POINT('',(0.00690324280897189,-0.00606123923612737,0.0117637084671765));
#6168=CARTESIAN_POINT('',(0.00596550267740286,-0.00509704382035689,0.013386));
#6169=CARTESIAN_POINT('',(0.0148633117767778,-0.0130824778790843,-0.00111044193707077));
#6170=CARTESIAN_POINT('',(0.0140488569894042,-0.0124076315138777,0.000189839871574572));
#6171=CARTESIAN_POINT('',(0.0132354153028179,-0.0117294387149754,0.00148907464137308));
#6172=CARTESIAN_POINT('',(0.0124244080243965,-0.0110447485731641,0.00278656934196637));
#6173=CARTESIAN_POINT('',(0.0148644119367262,-0.0123824768193136,-0.00110357414261787));
#6174=CARTESIAN_POINT('',(0.0140582117415131,-0.0117561708351136,0.000197269500451799));
#6175=CARTESIAN_POINT('',(0.0132529380372312,-0.0111265942050793,0.00149715981963854));
#6176=CARTESIAN_POINT('',(0.0124499061690096,-0.0104906566711203,0.00279546992138136));
#6177=CARTESIAN_POINT('',(0.0148655120966746,-0.011682475759543,-0.00109670634816498));
#6178=CARTESIAN_POINT('',(0.014067566493622,-0.0111047101563495,0.000204699129329025));
#6179=CARTESIAN_POINT('',(0.0132704607716444,-0.0105237496951832,0.00150524499790399));
#6180=CARTESIAN_POINT('',(0.0124754043136226,-0.00993656476907654,0.00280437050079635));
#6181=CARTESIAN_POINT('',(0.014866612256623,-0.0109824746997724,-0.00108983855371209));
#6182=CARTESIAN_POINT('',(0.0140769212457309,-0.0104532494775853,0.000212128758206251));
#6183=CARTESIAN_POINT('',(0.0132879835060576,-0.00992090518528711,0.00151333017616945));
#6184=CARTESIAN_POINT('',(0.0125009024582356,-0.00938247286703277,0.00281327108021134));
#6185=CARTESIAN_POINT('',(0.0148525445302954,-0.0109855,-0.00106680000002481));
#6186=CARTESIAN_POINT('',(0.0140669631688317,-0.0109855,0.000221586500964537));
#6187=CARTESIAN_POINT('',(0.0132685945320395,-0.0109855,0.00150213657426268));
#6188=CARTESIAN_POINT('',(0.0124422191043933,-0.0109855,0.00276466545185063));
#6189=CARTESIAN_POINT('',(0.0120188685905789,-0.0110786753837099,0.00339583671613153));
#6190=CARTESIAN_POINT('',(0.010960400239363,-0.0101435195600637,0.00507723371617714));
#6191=CARTESIAN_POINT('',(0.00885467318561811,-0.00825314695119449,0.00843651692767097));
#6192=CARTESIAN_POINT('',(0.00681364783650992,-0.006223801981793,0.0117633028011733));
#6193=CARTESIAN_POINT('',(0.00591544856348324,-0.00509015037996249,0.0134411151016472));
#6194=CARTESIAN_POINT('',(0.0122156838728033,-0.00770372602139384,0.00345759829181418));
#6195=CARTESIAN_POINT('',(0.0112258565406434,-0.00717541426305695,0.0051466743121156));
#6196=CARTESIAN_POINT('',(0.00925483742839155,-0.0060987183120256,0.00852382338777059));
#6197=CARTESIAN_POINT('',(0.00731081034841969,-0.00490013555796181,0.0118856869973872));
#6198=CARTESIAN_POINT('',(0.00643177079936582,-0.00416165110173434,0.01357577049085));
#6199=CARTESIAN_POINT('',(0.0125211467875972,-0.000867614993687322,0.00356219827531447));
#6200=CARTESIAN_POINT('',(0.0116386209832542,-0.00112675719781678,0.00526445346178691));
#6201=CARTESIAN_POINT('',(0.00987322491549551,-0.00162967786035287,0.0086743990029677));
#6202=CARTESIAN_POINT('',(0.0080969613628476,-0.00206813617235679,0.0121085829768262));
#6203=CARTESIAN_POINT('',(0.00721135089790781,-0.00217708719448358,0.0138675380315299));
#6204=CARTESIAN_POINT('',(0.0126039163680785,0.00604922788021228,0.00357288055343782));
#6205=CARTESIAN_POINT('',(0.0117510653546319,0.00502826311401222,0.00527129282727439));
#6206=CARTESIAN_POINT('',(0.0100437434169024,0.00298815852849892,0.00867006648091449));
#6207=CARTESIAN_POINT('',(0.00833164430543031,0.000957407512077675,0.0120777003454435));
#6208=CARTESIAN_POINT('',(0.00746315289524477,-4.68786648255399E-5,0.0137936913725237));
#6209=CARTESIAN_POINT('',(0.0125846730833803,0.0095027737039492,0.00355105200471951));
#6210=CARTESIAN_POINT('',(0.011725507399848,0.0080994319445373,0.00524308623198619));
#6211=CARTESIAN_POINT('',(0.0100085190774658,0.00528938208148768,0.00862506037301763));
#6212=CARTESIAN_POINT('',(0.00829734098938273,0.00246339404065041,0.0119968403223704));
#6213=CARTESIAN_POINT('',(0.00745170598454524,0.00102801318748809,0.0136693219535994));
#6214=CARTESIAN_POINT('',(0.012547120387329,0.0089650965913161,0.0036322));
#6215=CARTESIAN_POINT('',(0.0125912439570816,0.00246508418194706,0.0036322));
#6216=CARTESIAN_POINT('',(0.0123756407754563,-0.0040340793472267,0.0036322));
#6217=CARTESIAN_POINT('',(0.0119019763173278,-0.0105169503883416,0.0036322));
#6218=CARTESIAN_POINT('',(0.012547120387329,0.0089650965913161,0.0036322));
#6219=CARTESIAN_POINT('',(0.00596550267740283,-0.00509704382035693,0.013386));
#6220=CARTESIAN_POINT('',(0.0065984727370027,-0.00417669471740419,0.013386));
#6221=CARTESIAN_POINT('',(0.00744325649781588,-0.00211644023716639,0.013386));
#6222=CARTESIAN_POINT('',(0.00766593194036642,0.000121781751783789,0.013386));
#6223=CARTESIAN_POINT('',(0.00759731664582514,0.0012336868610336,0.013386));
#6224=CARTESIAN_POINT('',(0.00759731664582513,0.00123368686103361,0.013386));
#6225=CARTESIAN_POINT('',(0.012547120387329,0.0089650965913161,0.0036322));
#6226=CARTESIAN_POINT('',(0.0109091562017275,0.00635427325614159,0.00686273794593339));
#6227=CARTESIAN_POINT('',(0.00926660458532489,0.00377181977912108,0.0101138411797043));
#6228=CARTESIAN_POINT('',(0.00759731664582517,0.00123368686103351,0.013386));
#6229=CARTESIAN_POINT('',(-0.00889837874740716,0.0137051413360899,-0.00134923893731365));
#6230=CARTESIAN_POINT('',(-0.00830120308859242,0.0123650245299007,0.00115347198363555));
#6231=CARTESIAN_POINT('',(-0.00744629479055195,0.0104604406044985,0.0046937072183462));
#6232=CARTESIAN_POINT('',(-0.00630822532134725,0.00762917962163076,0.00963477828958916));
#6233=CARTESIAN_POINT('',(-0.00579466390588289,0.00610806965821652,0.0120642451863068));
#6234=CARTESIAN_POINT('',(-0.00561104811982159,0.0051319311754262,0.0134634486655756));
#6235=CARTESIAN_POINT('',(-0.00888688582298018,0.00916144919929988,-0.00128483313304081));
#6236=CARTESIAN_POINT('',(-0.00839504331743459,0.00841124157510324,0.00122867197874227));
#6237=CARTESIAN_POINT('',(-0.00769096399969297,0.0073465431750824,0.00478837491842427));
#6238=CARTESIAN_POINT('',(-0.00673363920643637,0.00571494375439128,0.00978764437917833));
#6239=CARTESIAN_POINT('',(-0.00627769156676473,0.00480748878276662,0.0122688798785363));
#6240=CARTESIAN_POINT('',(-0.00609160991008719,0.00416775709199698,0.0136967494331831));
#6241=CARTESIAN_POINT('',(-0.00887652429197531,7.26209322819012E-5,-0.00118167024623998));
#6242=CARTESIAN_POINT('',(-0.008548229797236,0.000463902280529698,0.00134874135228375));
#6243=CARTESIAN_POINT('',(-0.00808168780213444,0.00101875017262865,0.00493340328913204));
#6244=CARTESIAN_POINT('',(-0.00742552387078935,0.00172770022712983,0.0100262329119808));
#6245=CARTESIAN_POINT('',(-0.0070983282567863,0.00203566462318042,0.0125945827580718));
#6246=CARTESIAN_POINT('',(-0.00691726009172922,0.00213892473476558,0.014124515212035));
#6247=CARTESIAN_POINT('',(-0.00887594452489112,-0.00901758264990234,-0.00115558633655398));
#6248=CARTESIAN_POINT('',(-0.00858971664380883,-0.00752201594083574,0.00137016730855489));
#6249=CARTESIAN_POINT('',(-0.00818460855769822,-0.00540336051760773,0.00494833407918051));
#6250=CARTESIAN_POINT('',(-0.00760943278368338,-0.00242494363523295,0.0100134850587034));
#6251=CARTESIAN_POINT('',(-0.00731989402180559,-0.000944043100718512,0.0125545751897622));
#6252=CARTESIAN_POINT('',(-0.00714580361805934,-9.22403376055602E-5,0.0140502485549216));
#6253=CARTESIAN_POINT('',(-0.0088763045929873,-0.0135626051998864,-0.00116364976705578));
#6254=CARTESIAN_POINT('',(-0.00857860562209037,-0.0115128102417354,0.00135429579715124));
#6255=CARTESIAN_POINT('',(-0.00815665737408426,-0.0086089146988397,0.00492134505168741));
#6256=CARTESIAN_POINT('',(-0.00756352930917704,-0.00449252270266444,0.0099438791222514));
#6257=CARTESIAN_POINT('',(-0.00726856088588796,-0.00242349966915255,0.0124465547676971));
#6258=CARTESIAN_POINT('',(-0.00710018299576795,-0.00120020536542848,0.0138936145120395));
#6259=CARTESIAN_POINT('',(-0.00883213586877808,0.0131514334425127,-0.0010668));
#6260=CARTESIAN_POINT('',(-0.00826231115523865,0.0118508049105326,0.00135143110026019));
#6261=CARTESIAN_POINT('',(-0.00713925477705503,0.00923407742180303,0.00618276688378339));
#6262=CARTESIAN_POINT('',(-0.00606126440520786,0.00659160505260704,0.0110130905314118));
#6263=CARTESIAN_POINT('',(-0.00563913314329473,0.00515625253329942,0.013386));
#6264=CARTESIAN_POINT('',(-0.0056391331432947,0.00515625253329945,0.013386));
#6265=CARTESIAN_POINT('',(-0.00563913314329471,0.00515625253329945,0.013386));
#6266=CARTESIAN_POINT('',(-0.00625719614202082,0.00415393910849171,0.013386));
#6267=CARTESIAN_POINT('',(-0.00700979728037462,0.00193126900443631,0.013386));
#6268=CARTESIAN_POINT('',(-0.00721845576253336,-0.000417675618150389,0.013386));
#6269=CARTESIAN_POINT('',(-0.00716129538441233,-0.00158869812490785,0.013386));
#6270=CARTESIAN_POINT('',(0.0155585450402845,0.0127142234323611,-0.00148960621217292));
#6271=CARTESIAN_POINT('',(0.0142378120206025,0.0106706002147874,0.00101971422519045));
#6272=CARTESIAN_POINT('',(0.0115764725229908,0.00660315111976827,0.00604474856926482));
#6273=CARTESIAN_POINT('',(0.00879380181865968,0.0026997582268397,0.0111447893792313));
#6274=CARTESIAN_POINT('',(0.00739179210675306,0.000877359073775628,0.0137970800715323));
#6275=CARTESIAN_POINT('',(0.0144566461626853,0.0137894507283519,-0.00146976781757828));
#6276=CARTESIAN_POINT('',(0.0133079896309095,0.0116889305820938,0.00104042447631537));
#6277=CARTESIAN_POINT('',(0.0109931291963284,0.0075056509459095,0.00606833295598942));
#6278=CARTESIAN_POINT('',(0.0085637288886873,0.0034509063552526,0.0111567422613572));
#6279=CARTESIAN_POINT('',(0.00731651960595803,0.00154859789992325,0.0137920842878483));
#6280=CARTESIAN_POINT('',(0.0127352686999952,0.0154669491731881,-0.00144362639320531));
#6281=CARTESIAN_POINT('',(0.0118307294219964,0.013264051325789,0.00106743247881639));
#6282=CARTESIAN_POINT('',(0.0100056605456404,0.00887246818680902,0.00609695826268978));
#6283=CARTESIAN_POINT('',(0.00808754224383684,0.00456809967849699,0.0111745413884622));
#6284=CARTESIAN_POINT('',(0.00707946488983765,0.00250992500342661,0.0137813659377511));
#6285=CARTESIAN_POINT('',(0.0105383007490892,0.0176067824646427,-0.00142035827899969));
#6286=CARTESIAN_POINT('',(0.00990297536685606,0.0152614774774005,0.0010898704800538));
#6287=CARTESIAN_POINT('',(0.00862036245950912,0.0105795661433228,0.00611576719101647));
#6288=CARTESIAN_POINT('',(0.00727691870473383,0.0059461635885264,0.0111735390879115));
#6289=CARTESIAN_POINT('',(0.00656554879383611,0.00367722226760024,0.0137385676233225));
#6290=CARTESIAN_POINT('',(0.00913050398022721,0.0189767666659213,-0.00140906306695947));
#6291=CARTESIAN_POINT('',(0.00864963796799032,0.0165375304825484,0.00109934832486374));
#6292=CARTESIAN_POINT('',(0.00767971691505817,0.0116642475512885,0.00611982954151715));
#6293=CARTESIAN_POINT('',(0.00667141614589116,0.00681782115309478,0.0111600274111208));
#6294=CARTESIAN_POINT('',(0.00614179955213974,0.00441713274578636,0.0136979077411765));
#6295=CARTESIAN_POINT('',(0.00808480087823238,0.0199957537478384,-0.00140517513151792));
#6296=CARTESIAN_POINT('',(0.00770612373343323,0.0174855940630348,0.00110099858611848));
#6297=CARTESIAN_POINT('',(0.00694392046093956,0.012468041361929,0.00611546704793315));
#6298=CARTESIAN_POINT('',(0.00616044161344485,0.00746350273024851,0.0111401425562289));
#6299=CARTESIAN_POINT('',(0.00575542054393578,0.00497038270579103,0.0136599060663798));
#6300=CARTESIAN_POINT('',(0.00732860043943341,0.0207300548617026,-0.00140213757227427));
#6301=CARTESIAN_POINT('',(0.00701638862257207,0.018168053908938,0.00110144777633772));
#6302=CARTESIAN_POINT('',(0.00638997253460915,0.0130451038329399,0.00610946751556391));
#6303=CARTESIAN_POINT('',(0.00575527022183052,0.00792666159200128,0.0111211632091219));
#6304=CARTESIAN_POINT('',(0.00543310875124802,0.00537014929774095,0.0136292457521616));
#6305=CARTESIAN_POINT('',(0.00683734340128165,0.0212109522849409,-0.00140463863603718));
#6306=CARTESIAN_POINT('',(0.00656442939410825,0.0186148239299473,0.00109724545921333));
#6307=CARTESIAN_POINT('',(0.00601830343449378,0.0134226942870231,0.00610112517497925));
#6308=CARTESIAN_POINT('',(0.00547110403455003,0.00823094943897202,0.0111053339649004));
#6309=CARTESIAN_POINT('',(0.00519701059263131,0.00563519789560521,0.0136075342730572));
#6310=CARTESIAN_POINT('',(0.00647850565270566,0.021555812413724,-0.00140137764076861));
#6311=CARTESIAN_POINT('',(0.00623250777487638,0.0189346805884217,0.00109842295050391));
#6312=CARTESIAN_POINT('',(0.00574190784667942,0.0136917489994683,0.00609746449101802));
#6313=CARTESIAN_POINT('',(0.00525673455369375,0.00844631795925259,0.0110944322288282));
#6314=CARTESIAN_POINT('',(0.00501700263531806,0.00582235222454812,0.01359189284601));
#6315=CARTESIAN_POINT('',(0.00627147845186055,0.0217632054087861,-0.00140726966456698));
#6316=CARTESIAN_POINT('',(0.00603962780328187,0.0191273053765108,0.00109201590266859));
#6317=CARTESIAN_POINT('',(0.00557774863910818,0.0138546644313639,0.0060898774266342));
#6318=CARTESIAN_POINT('',(0.00512277166488913,0.00857896274857406,0.0110851810667278));
#6319=CARTESIAN_POINT('',(0.0048987921064497,0.00593964221783641,0.0135816227337482));
#6320=CARTESIAN_POINT('',(0.00610257919460797,0.0219210808975573,-0.00140208975882658));
#6321=CARTESIAN_POINT('',(0.00588259142460121,0.0192733832651439,0.00109567240929577));
#6322=CARTESIAN_POINT('',(0.00544553445476439,0.0139766911346689,0.00609009329762405));
#6323=CARTESIAN_POINT('',(0.00501927994732478,0.0086755599554736,0.0110808112036839));
#6324=CARTESIAN_POINT('',(0.00481145255774957,0.00602303415146237,0.0135745832330615));
#6325=CARTESIAN_POINT('',(0.00600537965437431,0.0220330154532606,-0.00141805689952957));
#6326=CARTESIAN_POINT('',(0.00579042665384169,0.0193778874588878,0.00108074167473879));
#6327=CARTESIAN_POINT('',(0.0053626738503473,0.0140667226261518,0.00607756415452568));
#6328=CARTESIAN_POINT('',(0.00494261301825728,0.00875249405932352,0.0110718129386925));
#6329=CARTESIAN_POINT('',(0.00473619829992367,0.006094041567042,0.0135678354656995));
#6330=CARTESIAN_POINT('',(0.00587709921699196,0.0221696136212543,-0.00143845418017876));
#6331=CARTESIAN_POINT('',(0.00566837289943037,0.0195063891137575,0.00106174290364027));
#6332=CARTESIAN_POINT('',(0.00525199675199951,0.0141795122547512,0.00606177109771818));
#6333=CARTESIAN_POINT('',(0.00483929378493292,0.00885120418549521,0.0110605807632656));
#6334=CARTESIAN_POINT('',(0.00463457803037254,0.00618642714643191,0.0135594580772292));
#6335=CARTESIAN_POINT('',(0.00569341296305783,0.0223440151083597,-0.0014616101640367));
#6336=CARTESIAN_POINT('',(0.00549329799170981,0.0196716027349167,0.00104004988622639));
#6337=CARTESIAN_POINT('',(0.00509293200150943,0.014326841166085,0.00604342306947761));
#6338=CARTESIAN_POINT('',(0.00469203237178712,0.00898229912721092,0.0110469763369764));
#6339=CARTESIAN_POINT('',(0.00449130989093269,0.0063101280298799,0.0135488328238834));
#6340=CARTESIAN_POINT('',(0.00540971743470187,0.0225746366763534,-0.00149045348528019));
#6341=CARTESIAN_POINT('',(0.00522180688336665,0.019892864927661,0.0010129263849711));
#6342=CARTESIAN_POINT('',(0.00484428203020295,0.0145299418720748,0.00602022290662837));
#6343=CARTESIAN_POINT('',(0.00446138100409976,0.00916905016878928,0.0110292933287329));
#6344=CARTESIAN_POINT('',(0.00426775481021758,0.00648946504155768,0.0135345884920647));
#6345=CARTESIAN_POINT('',(0.00500317508391882,0.0228377878382964,-0.00151909985914144));
#6346=CARTESIAN_POINT('',(0.00483080535489676,0.020150377553995,0.000985627184315259));
#6347=CARTESIAN_POINT('',(0.00448282418266472,0.0147766664902918,0.00599606510983065));
#6348=CARTESIAN_POINT('',(0.00412557065870161,0.00940651285721271,0.0110097338990373));
#6349=CARTESIAN_POINT('',(0.00394361573138007,0.00672288479219428,0.0135179145769082));
#6350=CARTESIAN_POINT('',(0.00444645971968939,0.0230935808089301,-0.00154274748791403));
#6351=CARTESIAN_POINT('',(0.00429155281827306,0.0204098999932317,0.00096240011861503));
#6352=CARTESIAN_POINT('',(0.00397725060260411,0.0150441109954855,0.00597414873794951));
#6353=CARTESIAN_POINT('',(0.00365152031466356,0.00968319722122148,0.0109905395144526));
#6354=CARTESIAN_POINT('',(0.00348509665893591,0.00700460183558069,0.0135005514865318));
#6355=CARTESIAN_POINT('',(0.00379388930486586,0.0232692916919636,-0.00155441995361399));
#6356=CARTESIAN_POINT('',(0.00365456963494272,0.0206020593294533,0.000949631124488763));
#6357=CARTESIAN_POINT('',(0.00337060632912623,0.0152697159351771,0.00595977730692494));
#6358=CARTESIAN_POINT('',(0.00307470170721615,0.00994366160749822,0.0109761490598711));
#6359=CARTESIAN_POINT('',(0.00292359203293329,0.00728286316876025,0.0134865871763912));
#6360=CARTESIAN_POINT('',(0.00309393663019962,0.0233297014361299,-0.00155232446246289));
#6361=CARTESIAN_POINT('',(0.00296691806730642,0.0206909012881637,0.000948995554935594));
#6362=CARTESIAN_POINT('',(0.00270640643952357,0.0154161821010119,0.00595446763659613));
#6363=CARTESIAN_POINT('',(0.002433001162882,0.0101498447956528,0.0109683779666772));
#6364=CARTESIAN_POINT('',(0.00229346252923044,0.00751949838438628,0.0134782244048746));
#6365=CARTESIAN_POINT('',(0.00239654734786342,0.0232672723996085,-0.00153605248283359));
#6366=CARTESIAN_POINT('',(0.00227926214365749,0.0206661732723177,0.000960980364745983));
#6367=CARTESIAN_POINT('',(0.00203580855743714,0.0154676818398373,0.00595867713944788));
#6368=CARTESIAN_POINT('',(0.00177580943941,0.0102805813305742,0.0109678116086729));
#6369=CARTESIAN_POINT('',(0.0016426938367569,0.00769088622255493,0.0134763141474235));
#6370=CARTESIAN_POINT('',(0.00175172945915585,0.0230908026341377,-0.00150533143618211));
#6371=CARTESIAN_POINT('',(0.00164301646185168,0.0205338508701525,0.000986008189376546));
#6372=CARTESIAN_POINT('',(0.00141230761024649,0.0154240905867308,0.00597266638355608));
#6373=CARTESIAN_POINT('',(0.00115645213725927,0.0103295338252108,0.0109743796425805));
#6374=CARTESIAN_POINT('',(0.00102405294669098,0.00778782905099197,0.0134808469721343));
#6375=CARTESIAN_POINT('',(0.00120511149079111,0.0228360003397792,-0.0014624734224376));
#6376=CARTESIAN_POINT('',(0.0011048128445389,0.0203259275826807,0.00102230226338255));
#6377=CARTESIAN_POINT('',(0.000884769234140912,0.0153093645981385,0.00599518533241357));
#6378=CARTESIAN_POINT('',(0.000624974098372655,0.0103118696944897,0.0109866278330399));
#6379=CARTESIAN_POINT('',(0.000487839368621398,0.00782123893184695,0.0134903771119078));
#6380=CARTESIAN_POINT('',(0.000810037876561893,0.0225766833130241,-0.00141578890305131));
#6381=CARTESIAN_POINT('',(0.000717186035526018,0.0201084499929128,0.00106272118817982));
#6382=CARTESIAN_POINT('',(0.000505657651931008,0.0151737882079863,0.00602131575642686));
#6383=CARTESIAN_POINT('',(0.000235737471667323,0.010260906455717,0.0110008028994043));
#6384=CARTESIAN_POINT('',(8.96858446738273E-5,0.00781575609376375,0.0135015235284746));
#6385=CARTESIAN_POINT('',(0.000533106877354843,0.022349500938611,-0.0013729625588663));
#6386=CARTESIAN_POINT('',(0.000446551365490294,0.0199160656474724,0.00110039851547542));
#6387=CARTESIAN_POINT('',(0.000242345198220571,0.0150486036833314,0.00604643590346409));
#6388=CARTESIAN_POINT('',(-3.90475425662075E-5,0.0102040389044407,0.0110142225354219));
#6389=CARTESIAN_POINT('',(-0.000195066149137527,0.00779625218928561,0.0135120133155097));
#6390=CARTESIAN_POINT('',(0.000357924415300896,0.0221804531192753,-0.00133768880578029));
#6391=CARTESIAN_POINT('',(0.000275879215861481,0.0197723907303207,0.00113170391297613));
#6392=CARTESIAN_POINT('',(7.67916281657926E-5,0.0149531915955582,0.00606752708260075));
#6393=CARTESIAN_POINT('',(-0.000216335495289114,0.0101568855726716,0.0110249728526257));
#6394=CARTESIAN_POINT('',(-0.000382120488380556,0.00777622386709221,0.0135202835432867));
#6395=CARTESIAN_POINT('',(0.000229463840050499,0.0220452488143728,-0.00131074979399434));
#6396=CARTESIAN_POINT('',(0.00015118324462967,0.0196573716739994,0.00115592142339334));
#6397=CARTESIAN_POINT('',(-4.29179801849463E-5,0.0148764479424023,0.00608441718881447));
#6398=CARTESIAN_POINT('',(-0.000344255552564078,0.010117615242981,0.0110337241336109));
#6399=CARTESIAN_POINT('',(-0.000517522457640932,0.00775800209056481,0.0135270082065833));
#6400=CARTESIAN_POINT('',(0.000143002928673054,0.0219403655617419,-0.00128447103924022));
#6401=CARTESIAN_POINT('',(6.727393221424E-5,0.0195680759042966,0.00117941848834438));
#6402=CARTESIAN_POINT('',(-0.00012416036202572,0.0148160611757895,0.00610032935061892));
#6403=CARTESIAN_POINT('',(-0.000436647876130417,0.0100852458222423,0.0110411914352193));
#6404=CARTESIAN_POINT('',(-0.00061873218666345,0.00774228333013613,0.0135325875020081));
#6405=CARTESIAN_POINT('',(-2.8575781212266E-5,0.0217814625181725,-0.00128730890570259));
#6406=CARTESIAN_POINT('',(-9.71012931068353E-5,0.0194338193129631,0.00117947818595079));
#6407=CARTESIAN_POINT('',(-0.000271078814116063,0.0147312728642625,0.00610646276457742));
#6408=CARTESIAN_POINT('',(-0.000562545638746984,0.010045024950637,0.0110488309611672));
#6409=CARTESIAN_POINT('',(-0.000736934274461075,0.0077224559135438,0.013539069518785));
#6410=CARTESIAN_POINT('',(-0.000230922708010376,0.0215777375477467,-0.00127271457814479));
#6411=CARTESIAN_POINT('',(-0.000291129949003995,0.0192605728716066,0.00119459934155021));
#6412=CARTESIAN_POINT('',(-0.000447627949163638,0.014617821420639,0.00612172867362708));
#6413=CARTESIAN_POINT('',(-0.000726791026778028,0.00998696012314861,0.0110602933737265));
#6414=CARTESIAN_POINT('',(-0.000899280748808501,0.0076920218363831,0.013548417534546));
#6415=CARTESIAN_POINT('',(-0.000590335550069899,0.0212337861614428,-0.00126722170130221));
#6416=CARTESIAN_POINT('',(-0.000634214839203004,0.0189675393483895,0.00120395227332628));
#6417=CARTESIAN_POINT('',(-0.000753908135555865,0.0144264686749066,0.00613895196510391));
#6418=CARTESIAN_POINT('',(-0.000993065726285302,0.00988886223843202,0.0110780663414084));
#6419=CARTESIAN_POINT('',(-0.00115133001380298,0.00763759096072492,0.013563572665266));
#6420=CARTESIAN_POINT('',(-0.00107775115485135,0.0207568973526348,-0.00124935021181175));
#6421=CARTESIAN_POINT('',(-0.00109770027542664,0.0185584145661451,0.00122488975514942));
#6422=CARTESIAN_POINT('',(-0.00116618541363822,0.014152213446306,0.00616582811550532));
#6423=CARTESIAN_POINT('',(-0.00135328054758593,0.0097403541855169,0.0111036686734234));
#6424=CARTESIAN_POINT('',(-0.00149263794996213,0.007548766438539,0.013585681794093));
#6425=CARTESIAN_POINT('',(-0.00183232525939861,0.0200259004997902,-0.00123196381270297));
#6426=CARTESIAN_POINT('',(-0.00181109152730269,0.0179272021598647,0.00124765892669967));
#6427=CARTESIAN_POINT('',(-0.00179185085316726,0.0137208290238317,0.00620017847783433));
#6428=CARTESIAN_POINT('',(-0.00188134013436795,0.00949735747523514,0.0111415362073068));
#6429=CARTESIAN_POINT('',(-0.00197926876953137,0.00739319715762277,0.013619834396479));
#6430=CARTESIAN_POINT('',(-0.00287527955501649,0.0190114054100615,-0.00120765934628593));
#6431=CARTESIAN_POINT('',(-0.0027898176329577,0.0170432100400038,0.00127756599552663));
#6432=CARTESIAN_POINT('',(-0.00263703037042672,0.0130985391757431,0.00624254398158497));
#6433=CARTESIAN_POINT('',(-0.00257623441736609,0.00912769866010709,0.0111918164175218));
#6434=CARTESIAN_POINT('',(-0.00260252581135655,0.0071405956079676,0.013667759419525));
#6435=CARTESIAN_POINT('',(-0.00428295174077024,0.0176446035573928,-0.00118480717616642));
#6436=CARTESIAN_POINT('',(-0.00409917484793555,0.0158401321806468,0.00130678561489563));
#6437=CARTESIAN_POINT('',(-0.00374410924614079,0.0122244753866064,0.00628634817994931));
#6438=CARTESIAN_POINT('',(-0.00345358512031807,0.0085802343180782,0.0112513772433309));
#6439=CARTESIAN_POINT('',(-0.00335759538688135,0.00674641333570173,0.0137296706515186));
#6440=CARTESIAN_POINT('',(-0.0064830092108739,0.0155065580366215,-0.00116002299318095));
#6441=CARTESIAN_POINT('',(-0.00612733094667126,0.0139369302218724,0.00133872752286031));
#6442=CARTESIAN_POINT('',(-0.00542101275303902,0.0107938956310581,0.00633497026135563));
#6443=CARTESIAN_POINT('',(-0.00473896509378206,0.00763219303158316,0.0113249250440848));
#6444=CARTESIAN_POINT('',(-0.00441988374822401,0.00603605907294054,0.0138146705231902));
#6445=CARTESIAN_POINT('',(-0.00821183760473494,0.013826016625273,-0.00115627563129787));
#6446=CARTESIAN_POINT('',(-0.00770213738020562,0.0124135757576401,0.00134566403426432));
#6447=CARTESIAN_POINT('',(-0.00668230377062309,0.00958868399575067,0.00634970389012272));
#6448=CARTESIAN_POINT('',(-0.00565985141861717,0.00676384201730565,0.0113544425570135));
#6449=CARTESIAN_POINT('',(-0.00514445289659785,0.00535142166098363,0.013857100799117));
#6450=CARTESIAN_POINT('',(-0.00932093618896948,0.0127470116221477,-0.00116100127400436));
#6451=CARTESIAN_POINT('',(-0.00870541248962969,0.0114199764881744,0.00134218355793081));
#6452=CARTESIAN_POINT('',(-0.00747072370849367,0.00876913428595403,0.00634939149297398));
#6453=CARTESIAN_POINT('',(-0.00621946035882748,0.00613385174137284,0.0113608770990576));
#6454=CARTESIAN_POINT('',(-0.00558281856059729,0.00482796880165207,0.0138702201004014));
#6455=CARTESIAN_POINT('',(0.0149299724022987,0.0127828056862499,-0.0010668));
#6456=CARTESIAN_POINT('',(0.0145571694045322,0.0121829784586292,-0.000331743959053707));
#6457=CARTESIAN_POINT('',(0.0141841710412887,0.0115838131482692,0.000403752142326807));
#6458=CARTESIAN_POINT('',(0.0138109145871746,0.0109855,0.00113981144986929));
#6459=CARTESIAN_POINT('',(0.0138109145871746,0.0109855,0.0011398114498693));
#6460=CARTESIAN_POINT('',(0.0138109145871746,0.0109855,0.0011398114498693));
#6461=CARTESIAN_POINT('',(0.0128210889338123,0.0109855,0.00194378289137155));
#6462=CARTESIAN_POINT('',(0.0118555384530929,0.0109855,0.00277600265931517));
#6463=CARTESIAN_POINT('',(0.0109105930768584,0.0109855,0.0036322));
#6464=CARTESIAN_POINT('',(0.0109105930768584,0.0109855,0.0036322));
#6465=CARTESIAN_POINT('',(0.0109105930768584,0.0109855,0.0036322));
#6466=CARTESIAN_POINT('',(0.0114693848117701,0.0103227911321689,0.0036322));
#6467=CARTESIAN_POINT('',(0.0120163275595733,0.00965048458155771,0.0036322));
#6468=CARTESIAN_POINT('',(0.012547120387329,0.00896509659131609,0.0036322));
#6469=CARTESIAN_POINT('',(0.00759731664582514,0.0012336868610336,0.013386));
#6470=CARTESIAN_POINT('',(0.00731725305155076,0.00303171784470954,0.013386));
#6471=CARTESIAN_POINT('',(0.00641415119599813,0.00476862786523218,0.013386));
#6472=CARTESIAN_POINT('',(0.00504298434906202,0.00603184107154359,0.013386));
#6473=CARTESIAN_POINT('',(0.00504298434906209,0.00603184107154351,0.013386));
#6474=CARTESIAN_POINT('',(0.00504298434906206,0.00603184107154353,0.013386));
#6475=CARTESIAN_POINT('',(0.00354738525024239,0.0074096898265642,0.013386));
#6476=CARTESIAN_POINT('',(0.00139062250011465,0.00812884914661557,0.013386));
#6477=CARTESIAN_POINT('',(-0.000643170742777808,0.00787570254071449,0.013386));
#6478=CARTESIAN_POINT('',(-0.00064317074277787,0.00787570254071448,0.013386));
#6479=CARTESIAN_POINT('',(-0.00563913314329469,0.00515625253329945,0.013386));
#6480=CARTESIAN_POINT('',(-0.00500775412656833,0.00587170856544698,0.013386));
#6481=CARTESIAN_POINT('',(-0.00350184148557416,0.00710955927377558,0.013386));
#6482=CARTESIAN_POINT('',(-0.00161265227106954,0.00775503100282415,0.013386));
#6483=CARTESIAN_POINT('',(-0.000643170742777846,0.00787570254071448,0.013386));
#6484=CARTESIAN_POINT('',(-0.00349548189228187,0.0183027789572144,-0.0010668));
#6485=CARTESIAN_POINT('',(-0.00304209778813761,0.0175174946534924,0.000433965082948729));
#6486=CARTESIAN_POINT('',(-0.00211635713848428,0.015914064813661,0.00341533652411543));
#6487=CARTESIAN_POINT('',(-0.00110611566966574,0.0141642752617543,0.00627829572177148));
#6488=CARTESIAN_POINT('',(-0.000549391087719005,0.0132,0.00763618015346745));
#6489=CARTESIAN_POINT('',(-0.000549391087719003,0.0132,0.00763618015346746));
#6490=CARTESIAN_POINT('',(-0.000549391087719003,0.0132,0.00763618015346746));
#6491=CARTESIAN_POINT('',(-0.000247065443778679,0.0132,0.00780065771832935));
#6492=CARTESIAN_POINT('',(0.000378739669133714,0.0132,0.00807301326492986));
#6493=CARTESIAN_POINT('',(0.00176006756866421,0.0132,0.00821817163899334));
#6494=CARTESIAN_POINT('',(0.00346189824287308,0.0131999999999998,0.00794389553442005));
#6495=CARTESIAN_POINT('',(0.00501364583101705,0.0132,0.00716975547409078));
#6496=CARTESIAN_POINT('',(0.00603289883302459,0.0132,0.00628105403649576));
#6497=CARTESIAN_POINT('',(0.00654478091344317,0.0132,0.00583735493528458));
#6498=CARTESIAN_POINT('',(0.00679739108771896,0.0132,0.00561139047660688));
#6499=CARTESIAN_POINT('',(0.00679739108771899,0.0132,0.00561139047660684));
#6500=CARTESIAN_POINT('',(0.00679739108771899,0.0132,0.00561139047660684));
#6501=CARTESIAN_POINT('',(0.00773227847625497,0.0148192724562997,0.00337393403754006));
#6502=CARTESIAN_POINT('',(0.00867091413610467,0.0164450371089553,0.00114266846208791));
#6503=CARTESIAN_POINT('',(0.00962229508639849,0.0180928772522174,-0.00106679999999651));
#6504=CARTESIAN_POINT('',(0.0149374546102286,0.0109841162298009,-0.00108005614001863));
#6505=CARTESIAN_POINT('',(0.014560100410144,0.0104551466280524,-0.000334473009908001));
#6506=CARTESIAN_POINT('',(0.0141827526180091,0.00992615477395029,0.000411097584640764));
#6507=CARTESIAN_POINT('',(0.0138054139569613,0.00939713130319424,0.00115665038180106));
#6508=CARTESIAN_POINT('',(0.0149374968088805,0.0115912800580609,-0.00108064308126232));
#6509=CARTESIAN_POINT('',(0.0145599725837536,0.0110398021844871,-0.000335253407877292));
#6510=CARTESIAN_POINT('',(0.0141824657629171,0.0104882702911089,0.000410103282430951));
#6511=CARTESIAN_POINT('',(0.0138049839164571,0.00993666175785469,0.00115541332434496));
#6512=CARTESIAN_POINT('',(0.0149375390075324,0.0121984438863208,-0.001081230022506));
#6513=CARTESIAN_POINT('',(0.0145598447573631,0.0116244577409219,-0.000336033805846583));
#6514=CARTESIAN_POINT('',(0.0141821789078251,0.0110503858082675,0.000409108980221138));
#6515=CARTESIAN_POINT('',(0.0138045538759529,0.0104761922125151,0.00115417626688885));
#6516=CARTESIAN_POINT('',(0.0149375812061843,0.0128056077145808,-0.00108181696374968));
#6517=CARTESIAN_POINT('',(0.0145597169309727,0.0122091132973566,-0.000336814203815873));
#6518=CARTESIAN_POINT('',(0.0141818920527332,0.0116125013254261,0.000408114678011326));
#6519=CARTESIAN_POINT('',(0.0138041238354488,0.0110157226671756,0.00115293920943274));
#6520=CARTESIAN_POINT('',(0.0149307439346046,0.0109855,-0.0010668));
#6521=CARTESIAN_POINT('',(0.0145582084169608,0.0109855,-0.000330884490157197));
#6522=CARTESIAN_POINT('',(0.0141854915153229,0.0109855,0.000404938736401928));
#6523=CARTESIAN_POINT('',(0.0138109145871746,0.0109855,0.0011398114498693));
#6524=CARTESIAN_POINT('',(0.,0.,0.013386));
#6525=CARTESIAN_POINT('',(1.20116058921235E-18,-1.06313262193921E-19,0.013386));
#6526=CARTESIAN_POINT('',(0.007,-1.06313262193921E-19,0.013386));
#6527=CARTESIAN_POINT('',(0.013003,-0.0109855,0.0052342));
#6528=CARTESIAN_POINT('',(0.013003,-0.0109855,0.0036322));
#6529=CARTESIAN_POINT('',(0.013003,0.0109855,0.0052342));
#6530=CARTESIAN_POINT('',(0.013003,0.0109855,0.0036322));
#6531=CARTESIAN_POINT('',(0.012203,-5.24420783783756E-19,0.0036322));
#6532=CARTESIAN_POINT('',(0.00863408663157849,0.01638125,0.0255332));
#6533=CARTESIAN_POINT('',(0.006797391087719,0.0132,0.0255332));
#6534=CARTESIAN_POINT('',(0.003124,0.0132,0.0255332));
#6535=CARTESIAN_POINT('',(-0.000549391087719,0.0132,0.0255332));
#6536=CARTESIAN_POINT('',(-0.0023860866315785,0.01638125,0.0255332));
#6537=CARTESIAN_POINT('',(-0.0023860866315785,-0.01638125,0.0255332));
#6538=CARTESIAN_POINT('',(-0.000549391087719001,-0.0132,0.0255332));
#6539=CARTESIAN_POINT('',(0.003124,-0.0132,0.0255332));
#6540=CARTESIAN_POINT('',(0.006797391087719,-0.0132,0.0255332));
#6541=CARTESIAN_POINT('',(0.00863408663157849,-0.01638125,0.0255332));
#6542=CARTESIAN_POINT('',(1.20116058921235E-18,-1.06313262193921E-19,0.025));
#6543=CARTESIAN_POINT('',(-0.00420159284178518,0.297365553299189,0.359050203914631));
#6544=CARTESIAN_POINT('',(0.,0.,0.0025654));
#6545=CARTESIAN_POINT('',(0.0013748153285078,0.00079375,0.0025654));
#6546=CARTESIAN_POINT('',(0.00183308710467706,0.,0.0025654));
#6547=CARTESIAN_POINT('',(0.000916543552338531,0.0015875,0.0025654));
#6548=CARTESIAN_POINT('',(0.0013748153285078,-0.00079375,0.0025654));
#6549=CARTESIAN_POINT('',(0.00091654355233853,-0.0015875,0.0025654));
#6550=CARTESIAN_POINT('',(-2.16840434497101E-19,-0.0015875,0.0025654));
#6551=CARTESIAN_POINT('',(-0.000916543552338531,-0.0015875,0.0025654));
#6552=CARTESIAN_POINT('',(-0.0013748153285078,-0.00079375,0.0025654));
#6553=CARTESIAN_POINT('',(-0.00183308710467706,3.25260651745652E-19,0.0025654));
#6554=CARTESIAN_POINT('',(-0.0013748153285078,0.00079375,0.0025654));
#6555=CARTESIAN_POINT('',(-0.000916543552338531,0.0015875,0.0025654));
#6556=CARTESIAN_POINT('',(0.,0.0015875,0.0025654));
#6557=CARTESIAN_POINT('',(0.,0.,0.0025654));
#6558=CARTESIAN_POINT('',(0.00229235894204905,0.,0.0025654));
#6559=CARTESIAN_POINT('',(0.0013748153285078,0.00079375,0.0007874));
#6560=CARTESIAN_POINT('',(0.000916543552338531,0.0015875,0.0007874));
#6561=CARTESIAN_POINT('',(0.000916543552338531,0.0015875,0.0007874));
#6562=CARTESIAN_POINT('',(0.0013748153285078,0.00079375,0.0007874));
#6563=CARTESIAN_POINT('',(0.00183308710467706,0.,0.0007874));
#6564=CARTESIAN_POINT('',(0.00183308710467706,0.,0.0007874));
#6565=CARTESIAN_POINT('',(0.,0.0015875,0.0007874));
#6566=CARTESIAN_POINT('',(-0.000916543552338531,0.0015875,0.0007874));
#6567=CARTESIAN_POINT('',(-0.000916543552338531,0.0015875,0.0007874));
#6568=CARTESIAN_POINT('',(0.,0.0015875,0.0007874));
#6569=CARTESIAN_POINT('',(-0.0013748153285078,0.00079375,0.0007874));
#6570=CARTESIAN_POINT('',(-0.00183308710467706,3.25260651745652E-19,0.0007874));
#6571=CARTESIAN_POINT('',(-0.00183308710467706,3.25260651745652E-19,0.0007874));
#6572=CARTESIAN_POINT('',(-0.0013748153285078,0.00079375,0.0007874));
#6573=CARTESIAN_POINT('',(-0.0013748153285078,-0.00079375,0.0007874));
#6574=CARTESIAN_POINT('',(-0.000916543552338531,-0.0015875,0.0007874));
#6575=CARTESIAN_POINT('',(-0.000916543552338531,-0.0015875,0.0007874));
#6576=CARTESIAN_POINT('',(-0.0013748153285078,-0.00079375,0.0007874));
#6577=CARTESIAN_POINT('',(-2.16840434497101E-19,-0.0015875,0.0007874));
#6578=CARTESIAN_POINT('',(0.00091654355233853,-0.0015875,0.0007874));
#6579=CARTESIAN_POINT('',(0.00091654355233853,-0.0015875,0.0007874));
#6580=CARTESIAN_POINT('',(-2.16840434497101E-19,-0.0015875,0.0007874));
#6581=CARTESIAN_POINT('',(0.0013748153285078,-0.00079375,0.0007874));
#6582=CARTESIAN_POINT('',(0.0013748153285078,-0.00079375,0.0007874));
#6583=CARTESIAN_POINT('',(0.,0.,0.0007874));
#6584=CARTESIAN_POINT('',(0.,0.,-0.0022944836));
#6585=CARTESIAN_POINT('',(0.,2.80731909002543E-19,0.000507998163498411));
#6586=CARTESIAN_POINT('',(-0.0045847,2.80731909002543E-19,0.000507998163498411));
#6587=CARTESIAN_POINT('',(0.,0.,0.));
#6588=CARTESIAN_POINT('',(0.,-1.47753636317128E-19,0.));
#6589=CARTESIAN_POINT('',(-0.002413,-1.47753636317128E-19,0.));
#6590=CARTESIAN_POINT('',(0.,2.80731909002543E-19,0.));
#6591=CARTESIAN_POINT('',(0.0045847,2.80731909002543E-19,0.));
#6592=CARTESIAN_POINT('',(0.,2.80731909002543E-19,0.0025654));
#6593=CARTESIAN_POINT('',(0.,-1.47753636317128E-19,-0.009525));
#6594=CARTESIAN_POINT('',(0.,-1.47753636317128E-19,-0.0090960702));
#6595=CARTESIAN_POINT('',(-0.002413,-1.47753636317128E-19,-0.0090960702));
#6596=CARTESIAN_POINT('',(0.,0.,-0.009525));
#6597=CARTESIAN_POINT('',(0.,-1.47753636317128E-19,-0.009525));
#6598=CARTESIAN_POINT('',(-0.0019840702,-1.47753636317128E-19,-0.009525));
#6599=CARTESIAN_POINT('',(0.,-1.47753636317128E-19,-0.009525));
#6600=CARTESIAN_POINT('',(-0.307645972695087,0.290435289091591,0.354557279548602));
#6601=CARTESIAN_POINT('',(0.0195625,-0.58293,0.211186));
#6602=CARTESIAN_POINT('',(0.,0.,-0.005635625));
#6603=CARTESIAN_POINT('',(0.,0.,-0.004137025));
#6604=CARTESIAN_POINT('',(0.,0.00290786866860867,-0.004137025));
#6605=CARTESIAN_POINT('',(0.,0.,-0.004365625));
#6606=CARTESIAN_POINT('',(0.,0.00290786866860867,-0.004365625));
#6607=CARTESIAN_POINT('',(0.0047625,-0.0027496306570156,-0.004365625));
#6608=CARTESIAN_POINT('',(-8.87385695564554E-19,-0.00549926131403119,-0.004365625));
#6609=CARTESIAN_POINT('',(-1.59319395852317E-19,-0.00549926131403119,-0.00302988005703492));
#6610=CARTESIAN_POINT('',(-8.87385695564554E-19,-0.00549926131403119,-0.000343557442965085));
#6611=CARTESIAN_POINT('',(5.23669651481368E-19,-0.00549926131403119,-0.00302988005703492));
#6612=CARTESIAN_POINT('',(0.000783322183838022,-0.0050470100403301,-0.00324076828937209));
#6613=CARTESIAN_POINT('',(0.0015751082187279,-0.00458987215994584,-0.0033734375));
#6614=CARTESIAN_POINT('',(0.00238125,-0.00412444598552339,-0.0033734375));
#6615=CARTESIAN_POINT('',(0.00238125,-0.00412444598552339,-0.0033734375));
#6616=CARTESIAN_POINT('',(0.00238125,-0.00412444598552339,-0.0033734375));
#6617=CARTESIAN_POINT('',(0.00318739178127209,-0.00365901981110094,-0.0033734375));
#6618=CARTESIAN_POINT('',(0.00397917781616198,-0.00320188193071668,-0.00324076828937209));
#6619=CARTESIAN_POINT('',(0.0047625,-0.0027496306570156,-0.00302988005703492));
#6620=CARTESIAN_POINT('',(0.0047625,-0.0027496306570156,-0.00302988005703492));
#6621=CARTESIAN_POINT('',(0.0047625,-0.0027496306570156,-0.004365625));
#6622=CARTESIAN_POINT('',(0.0047625,-0.0027496306570156,-0.000343557442965083));
#6623=CARTESIAN_POINT('',(0.0047625,-0.0027496306570156,-0.000343557442965082));
#6624=CARTESIAN_POINT('',(0.00397431020848273,-0.0032046922453206,-0.000131358739406277));
#6625=CARTESIAN_POINT('',(0.00318151876772305,-0.00366241059705444,5.37948869481697E-19));
#6626=CARTESIAN_POINT('',(0.00238125,-0.00412444598552339,1.04734104333952E-18));
#6627=CARTESIAN_POINT('',(0.00238125,-0.00412444598552339,4.33680868994202E-19));
#6628=CARTESIAN_POINT('',(0.00238125,-0.00412444598552339,6.94037872842761E-19));
#6629=CARTESIAN_POINT('',(0.00158770784848435,-0.00458259776031427,7.50161262316093E-19));
#6630=CARTESIAN_POINT('',(0.000783581521420338,-0.00504686031170714,-0.000132599391024374));
#6631=CARTESIAN_POINT('',(-2.43271408988311E-18,-0.00549926131403119,-0.000343557442965078));
#6632=CARTESIAN_POINT('',(-8.87385695564554E-19,-0.00549926131403119,-0.004365625));
#6633=CARTESIAN_POINT('',(-0.0047625,-0.0027496306570156,-0.004365625));
#6634=CARTESIAN_POINT('',(-0.0047625,-0.0027496306570156,-0.00302988005703492));
#6635=CARTESIAN_POINT('',(-0.0047625,-0.0027496306570156,-0.000343557442965083));
#6636=CARTESIAN_POINT('',(-0.0047625,-0.0027496306570156,-0.00302988005703491));
#6637=CARTESIAN_POINT('',(-0.00397917781616198,-0.00320188193071668,-0.00324076828937208));
#6638=CARTESIAN_POINT('',(-0.0031873917812721,-0.00365901981110094,-0.0033734375));
#6639=CARTESIAN_POINT('',(-0.00238125,-0.00412444598552339,-0.0033734375));
#6640=CARTESIAN_POINT('',(-0.00238125,-0.00412444598552339,-0.0033734375));
#6641=CARTESIAN_POINT('',(-0.00238125,-0.00412444598552339,-0.0033734375));
#6642=CARTESIAN_POINT('',(-0.0015751082187279,-0.00458987215994584,-0.0033734375));
#6643=CARTESIAN_POINT('',(-0.000783322183838023,-0.0050470100403301,-0.00324076828937209));
#6644=CARTESIAN_POINT('',(-6.32176730618731E-19,-0.00549926131403119,-0.00302988005703492));
#6645=CARTESIAN_POINT('',(2.21246083419441E-18,-0.00549926131403119,-0.000343557442965085));
#6646=CARTESIAN_POINT('',(-0.000788189791517266,-0.00504419972572618,-0.000131358739406281));
#6647=CARTESIAN_POINT('',(-0.00158098123227697,-0.00458648137399234,1.13268782257724E-19));
#6648=CARTESIAN_POINT('',(-0.00238125000000001,-0.00412444598552339,-5.94220348100361E-19));
#6649=CARTESIAN_POINT('',(-0.00238125,-0.00412444598552339,-4.33680868994202E-19));
#6650=CARTESIAN_POINT('',(-0.00238125,-0.00412444598552339,-7.26356528499631E-19));
#6651=CARTESIAN_POINT('',(-0.00317479215151565,-0.00366629421073252,-7.82479917972962E-19));
#6652=CARTESIAN_POINT('',(-0.00397891847857966,-0.00320203165933965,-0.000132599391024375));
#6653=CARTESIAN_POINT('',(-0.0047625,-0.0027496306570156,-0.000343557442965078));
#6654=CARTESIAN_POINT('',(-0.0047625,-0.0027496306570156,-0.004365625));
#6655=CARTESIAN_POINT('',(-0.0047625,0.0027496306570156,-0.004365625));
#6656=CARTESIAN_POINT('',(-0.0047625,0.0027496306570156,-0.00302988005703492));
#6657=CARTESIAN_POINT('',(-0.0047625,0.0027496306570156,-0.000343557442965083));
#6658=CARTESIAN_POINT('',(-0.0047625,0.0027496306570156,-0.00302988005703492));
#6659=CARTESIAN_POINT('',(-0.0047625,0.00184512810961342,-0.00324076828937209));
#6660=CARTESIAN_POINT('',(-0.0047625,0.000930852348844899,-0.0033734375));
#6661=CARTESIAN_POINT('',(-0.0047625,2.02246721380988E-18,-0.0033734375));
#6662=CARTESIAN_POINT('',(-0.0047625,1.18858582793902E-18,-0.0033734375));
#6663=CARTESIAN_POINT('',(-0.0047625,1.50231459873716E-18,-0.0033734375));
#6664=CARTESIAN_POINT('',(-0.0047625,-0.000930852348844896,-0.0033734375));
#6665=CARTESIAN_POINT('',(-0.0047625,-0.00184512810961341,-0.00324076828937209));
#6666=CARTESIAN_POINT('',(-0.0047625,-0.00274963065701559,-0.00302988005703492));
#6667=CARTESIAN_POINT('',(-0.0047625,-0.0027496306570156,-0.000343557442965083));
#6668=CARTESIAN_POINT('',(-0.0047625,-0.00183950748040557,-0.000131358739406277));
#6669=CARTESIAN_POINT('',(-0.0047625,-0.000924070776937897,2.00303901185135E-18));
#6670=CARTESIAN_POINT('',(-0.0047625,2.05804154112177E-18,1.95275797231672E-18));
#6671=CARTESIAN_POINT('',(-0.0047625,1.34545019940536E-18,8.67361737988404E-19));
#6672=CARTESIAN_POINT('',(-0.0047625,2.18784913054443E-18,1.98585745686254E-18));
#6673=CARTESIAN_POINT('',(-0.0047625,0.000916303549581752,1.92435304581172E-18));
#6674=CARTESIAN_POINT('',(-0.0047625,0.0018448286523675,-0.000132599391024373));
#6675=CARTESIAN_POINT('',(-0.0047625,0.0027496306570156,-0.000343557442965076));
#6676=CARTESIAN_POINT('',(-0.0047625,0.0027496306570156,-0.004365625));
#6677=CARTESIAN_POINT('',(-6.86922947839512E-19,0.00549926131403119,-0.004365625));
#6678=CARTESIAN_POINT('',(-5.80518489408098E-19,0.00549926131403119,-0.00302988005703492));
#6679=CARTESIAN_POINT('',(-6.86922947839512E-19,0.00549926131403119,-0.000343557442965085));
#6680=CARTESIAN_POINT('',(-3.40368781164612E-19,0.00549926131403119,-0.00302988005703492));
#6681=CARTESIAN_POINT('',(-0.000783322183838022,0.0050470100403301,-0.00324076828937209));
#6682=CARTESIAN_POINT('',(-0.0015751082187279,0.00458987215994584,-0.0033734375));
#6683=CARTESIAN_POINT('',(-0.00238125,0.00412444598552339,-0.0033734375));
#6684=CARTESIAN_POINT('',(-0.00238125,0.00412444598552339,-0.0033734375));
#6685=CARTESIAN_POINT('',(-0.00238125,0.00412444598552339,-0.0033734375));
#6686=CARTESIAN_POINT('',(-0.00318739178127209,0.00365901981110094,-0.0033734375));
#6687=CARTESIAN_POINT('',(-0.00397917781616198,0.00320188193071668,-0.00324076828937209));
#6688=CARTESIAN_POINT('',(-0.0047625,0.0027496306570156,-0.00302988005703492));
#6689=CARTESIAN_POINT('',(-0.0047625,0.0027496306570156,-0.000343557442965082));
#6690=CARTESIAN_POINT('',(-0.00397431020848273,0.0032046922453206,-0.000131358739406277));
#6691=CARTESIAN_POINT('',(-0.00318151876772305,0.00366241059705444,5.37948869481697E-19));
#6692=CARTESIAN_POINT('',(-0.00238125,0.00412444598552339,1.04734104333952E-18));
#6693=CARTESIAN_POINT('',(-0.00238125,0.00412444598552339,2.16840434497101E-19));
#6694=CARTESIAN_POINT('',(-0.00238125,0.00412444598552339,9.96261706535794E-19));
#6695=CARTESIAN_POINT('',(-0.00158770784848435,0.00458259776031427,9.40138317062463E-19));
#6696=CARTESIAN_POINT('',(-0.000783581521420339,0.00504686031170714,-0.000132599391024374));
#6697=CARTESIAN_POINT('',(1.37641675196451E-18,0.00549926131403119,-0.000343557442965078));
#6698=CARTESIAN_POINT('',(-6.86922947839512E-19,0.00549926131403119,-0.004365625));
#6699=CARTESIAN_POINT('',(0.0047625,0.0027496306570156,-0.004365625));
#6700=CARTESIAN_POINT('',(0.0047625,0.0027496306570156,-0.00302988005703492));
#6701=CARTESIAN_POINT('',(0.0047625,0.0027496306570156,-0.000343557442965083));
#6702=CARTESIAN_POINT('',(0.0047625,0.0027496306570156,-0.00302988005703492));
#6703=CARTESIAN_POINT('',(0.00397917781616198,0.00320188193071668,-0.00324076828937209));
#6704=CARTESIAN_POINT('',(0.00318739178127209,0.00365901981110094,-0.0033734375));
#6705=CARTESIAN_POINT('',(0.00238125,0.00412444598552339,-0.0033734375));
#6706=CARTESIAN_POINT('',(0.00238125,0.00412444598552339,-0.0033734375));
#6707=CARTESIAN_POINT('',(0.00238125,0.00412444598552339,-0.0033734375));
#6708=CARTESIAN_POINT('',(0.0015751082187279,0.00458987215994584,-0.0033734375));
#6709=CARTESIAN_POINT('',(0.000783322183838023,0.0050470100403301,-0.00324076828937209));
#6710=CARTESIAN_POINT('',(1.11947495677109E-18,0.00549926131403119,-0.00302988005703492));
#6711=CARTESIAN_POINT('',(-3.27564682562561E-19,0.00549926131403119,-0.000343557442965085));
#6712=CARTESIAN_POINT('',(0.000788189791517269,0.00504419972572618,-0.000131358739406279));
#6713=CARTESIAN_POINT('',(0.00158098123227696,0.00458648137399234,1.90533323743167E-19));
#6714=CARTESIAN_POINT('',(0.00238125,0.00412444598552339,-1.77361024043038E-19));
#6715=CARTESIAN_POINT('',(0.00238125,0.00412444598552339,0.));
#6716=CARTESIAN_POINT('',(0.00238125,0.00412444598552339,-1.74333751967783E-19));
#6717=CARTESIAN_POINT('',(0.00317479215151565,0.00366629421073252,-2.86580530914446E-19));
#6718=CARTESIAN_POINT('',(0.00397891847857966,0.00320203165933964,-0.000132599391024375));
#6719=CARTESIAN_POINT('',(0.0047625,0.0027496306570156,-0.000343557442965078));
#6720=CARTESIAN_POINT('',(0.0047625,0.0027496306570156,-0.004365625));
#6721=CARTESIAN_POINT('',(0.0047625,-0.0027496306570156,-0.00302988005703492));
#6722=CARTESIAN_POINT('',(0.0047625,-0.00184512810961343,-0.00324076828937209));
#6723=CARTESIAN_POINT('',(0.0047625,-0.000930852348844899,-0.0033734375));
#6724=CARTESIAN_POINT('',(0.0047625,-1.5335877428386E-18,-0.0033734375));
#6725=CARTESIAN_POINT('',(0.0047625,-5.21388159207771E-19,-0.0033734375));
#6726=CARTESIAN_POINT('',(0.0047625,-7.51157299368579E-19,-0.0033734375));
#6727=CARTESIAN_POINT('',(0.0047625,0.000930852348844897,-0.0033734375));
#6728=CARTESIAN_POINT('',(0.0047625,0.00184512810961342,-0.00324076828937209));
#6729=CARTESIAN_POINT('',(0.0047625,0.0027496306570156,-0.00302988005703492));
#6730=CARTESIAN_POINT('',(0.0047625,0.0027496306570156,-0.000343557442965083));
#6731=CARTESIAN_POINT('',(0.0047625,0.00183950748040557,-0.000131358739406277));
#6732=CARTESIAN_POINT('',(0.0047625,0.000924070776937899,1.65751268517748E-18));
#6733=CARTESIAN_POINT('',(0.0047625,1.07749763071594E-19,1.73522484319849E-18));
#6734=CARTESIAN_POINT('',(0.0047625,-6.36272715354674E-19,8.67361737988404E-19));
#6735=CARTESIAN_POINT('',(0.0047625,3.55508632291713E-19,1.77509482149192E-18));
#6736=CARTESIAN_POINT('',(0.0047625,-0.000916303549581751,1.87438206844843E-18));
#6737=CARTESIAN_POINT('',(0.0047625,-0.00184482865236749,-0.000132599391024373));
#6738=CARTESIAN_POINT('',(0.0047625,-0.0027496306570156,-0.000343557442965076));
#6739=CARTESIAN_POINT('',(0.,0.,-0.0033734375));
#6740=CARTESIAN_POINT('',(0.,0.,-0.0033734375));
#6741=CARTESIAN_POINT('',(0.,0.,-0.0033734375));
#6742=CARTESIAN_POINT('',(0.,0.,-0.0033734375));
#6743=CARTESIAN_POINT('',(0.,0.,-0.0033734375));
#6744=CARTESIAN_POINT('',(0.,0.,-0.0033734375));
#6745=CARTESIAN_POINT('',(0.,0.,-0.0033734375));
#6746=CARTESIAN_POINT('',(0.,0.,-0.0033734375));
#6747=CARTESIAN_POINT('',(0.,0.,-0.0033734375));
#6748=CARTESIAN_POINT('',(0.,0.,-0.0033734375));
#6749=CARTESIAN_POINT('',(0.,0.,-0.000343557442965085));
#6750=CARTESIAN_POINT('',(0.,0.,0.));
#6751=CARTESIAN_POINT('',(0.,0.,-0.000343557442965085));
#6752=CARTESIAN_POINT('',(0.,0.,0.));
#6753=CARTESIAN_POINT('',(0.,0.,-0.000343557442965085));
#6754=CARTESIAN_POINT('',(0.,0.,0.));
#6755=CARTESIAN_POINT('',(0.,0.,-0.000343557442965085));
#6756=CARTESIAN_POINT('',(0.,0.,0.));
#6757=CARTESIAN_POINT('',(0.,0.,-0.000343557442965085));
#6758=CARTESIAN_POINT('',(0.,0.,0.));
#6759=CARTESIAN_POINT('',(-5.97425073575428E-19,-0.00549926131403119,-0.004365625));
#6760=CARTESIAN_POINT('',(0.,0.,-0.004365625));
#6761=CARTESIAN_POINT('',(0.,-0.0037703125,-0.004365625));
#6762=CARTESIAN_POINT('',(0.,0.,-0.000343557442965085));
#6763=CARTESIAN_POINT('',(0.,0.,0.));
#6764=CARTESIAN_POINT('',(0.,0.,-0.0033734375));
#6765=CARTESIAN_POINT('',(0.,0.,-0.0033734375));
#6766=CARTESIAN_POINT('',(0.,0.,-0.0033734375));
#6767=CARTESIAN_POINT('',(0.,-0.0037703125,-0.004137025));
#6768=CARTESIAN_POINT('',(0.,0.,-0.004137025));
#6769=CARTESIAN_POINT('',(0.,0.0020193,-0.004137025));
#6770=CARTESIAN_POINT('',(0.,1.23646464075913E-19,-0.00079375));
#6771=CARTESIAN_POINT('',(0.,1.23646464075913E-19,0.));
#6772=CARTESIAN_POINT('',(0.0020193,1.23646464075913E-19,0.));
#6773=CARTESIAN_POINT('',(0.,0.,0.));
#6774=CARTESIAN_POINT('',(-0.305665824751195,0.293865005936917,0.355618437633522));
#6775=CARTESIAN_POINT('',(-0.0007239,0.,0.0011984));
#6776=CARTESIAN_POINT('',(-4.87419930551116E-19,0.,0.0011984));
#6777=CARTESIAN_POINT('',(0.0014478,0.,0.0011984));
#6778=CARTESIAN_POINT('',(7.24784457116898E-19,0.,-0.0087));
#6779=CARTESIAN_POINT('',(-4.84309327681282E-19,0.,0.001173));
#6780=CARTESIAN_POINT('',(0.0014478,0.,0.001173));
#6781=CARTESIAN_POINT('',(-4.84309327681282E-19,0.,0.001173));
#6782=CARTESIAN_POINT('',(-4.98837038169821E-19,0.,0.00129162775862113));
#6783=CARTESIAN_POINT('',(0.00156642775862113,0.,0.00129162775862113));
#6784=CARTESIAN_POINT('',(2.16840434497101E-19,0.,-0.00538683361048861));
#6785=CARTESIAN_POINT('',(-3.7176428683964E-19,0.,0.000254));
#6786=CARTESIAN_POINT('',(0.00465,0.,0.000254000000000001));
#6787=CARTESIAN_POINT('',(7.24784457116898E-19,0.,-0.0087));
#6788=CARTESIAN_POINT('',(-3.40658258141297E-19,0.,0.));
#6789=CARTESIAN_POINT('',(0.00465,0.,5.69460761603519E-19));
#6790=CARTESIAN_POINT('',(-0.003525,0.,-2.2430350332873E-19));
#6791=CARTESIAN_POINT('',(-3.40658258141297E-19,0.,0.));
#6792=CARTESIAN_POINT('',(0.0024,0.,2.93915231795364E-19));
#6793=CARTESIAN_POINT('',(7.24784457116898E-19,0.,-0.0087));
#6794=CARTESIAN_POINT('',(1.46520591188139E-18,0.,-0.014746));
#6795=CARTESIAN_POINT('',(-0.0024,0.,-0.014746));
#6796=CARTESIAN_POINT('',(-0.0020825,0.,-0.015));
#6797=CARTESIAN_POINT('',(1.49631194057973E-18,0.,-0.015));
#6798=CARTESIAN_POINT('',(-0.002146,0.,-0.015));
#6799=CARTESIAN_POINT('',(1.49631194057973E-18,0.,-0.015));
#6800=CARTESIAN_POINT('',(0.001765,0.,-0.015));
#6801=CARTESIAN_POINT('',(1.49631194057973E-18,0.,-0.015));
#6802=CARTESIAN_POINT('',(1.54297098362724E-18,0.,-0.015381));
#6803=CARTESIAN_POINT('',(0.002146,0.,-0.015381));
#6804=CARTESIAN_POINT('',(7.24784457116898E-19,0.,-0.0087));
#6805=CARTESIAN_POINT('',(1.72801511497841E-18,0.,-0.016892));
#6806=CARTESIAN_POINT('',(0.002146,0.,-0.016892));
#6807=CARTESIAN_POINT('',(1.72801511497841E-18,0.,-0.016892));
#6808=CARTESIAN_POINT('',(1.79022717237509E-18,0.,-0.0174));
#6809=CARTESIAN_POINT('',(0.001638,0.,-0.0174));
#6810=CARTESIAN_POINT('',(-0.000819,0.,-0.0174));
#6811=CARTESIAN_POINT('',(1.46520591188139E-18,0.,-0.014746));
#6812=CARTESIAN_POINT('',(-0.0174752,-0.58293,0.15621));
#6813=CARTESIAN_POINT('',(0.0508,0.3048,0.3633989938));
#6814=CARTESIAN_POINT('',(0.,0.,0.0025654));
#6815=CARTESIAN_POINT('',(0.0013748153285078,0.00079375,0.0025654));
#6816=CARTESIAN_POINT('',(0.00183308710467706,0.,0.0025654));
#6817=CARTESIAN_POINT('',(0.000916543552338531,0.0015875,0.0025654));
#6818=CARTESIAN_POINT('',(0.0013748153285078,-0.00079375,0.0025654));
#6819=CARTESIAN_POINT('',(0.00091654355233853,-0.0015875,0.0025654));
#6820=CARTESIAN_POINT('',(-2.16840434497101E-19,-0.0015875,0.0025654));
#6821=CARTESIAN_POINT('',(-0.000916543552338531,-0.0015875,0.0025654));
#6822=CARTESIAN_POINT('',(-0.0013748153285078,-0.00079375,0.0025654));
#6823=CARTESIAN_POINT('',(-0.00183308710467706,3.25260651745652E-19,0.0025654));
#6824=CARTESIAN_POINT('',(-0.0013748153285078,0.00079375,0.0025654));
#6825=CARTESIAN_POINT('',(-0.000916543552338531,0.0015875,0.0025654));
#6826=CARTESIAN_POINT('',(0.,0.0015875,0.0025654));
#6827=CARTESIAN_POINT('',(0.,0.,0.0025654));
#6828=CARTESIAN_POINT('',(0.00229235894204905,0.,0.0025654));
#6829=CARTESIAN_POINT('',(0.0013748153285078,0.00079375,0.0007874));
#6830=CARTESIAN_POINT('',(0.000916543552338531,0.0015875,0.0007874));
#6831=CARTESIAN_POINT('',(0.000916543552338531,0.0015875,0.0007874));
#6832=CARTESIAN_POINT('',(0.0013748153285078,0.00079375,0.0007874));
#6833=CARTESIAN_POINT('',(0.00183308710467706,0.,0.0007874));
#6834=CARTESIAN_POINT('',(0.00183308710467706,0.,0.0007874));
#6835=CARTESIAN_POINT('',(0.,0.0015875,0.0007874));
#6836=CARTESIAN_POINT('',(-0.000916543552338531,0.0015875,0.0007874));
#6837=CARTESIAN_POINT('',(-0.000916543552338531,0.0015875,0.0007874));
#6838=CARTESIAN_POINT('',(0.,0.0015875,0.0007874));
#6839=CARTESIAN_POINT('',(-0.0013748153285078,0.00079375,0.0007874));
#6840=CARTESIAN_POINT('',(-0.00183308710467706,3.25260651745652E-19,0.0007874));
#6841=CARTESIAN_POINT('',(-0.00183308710467706,3.25260651745652E-19,0.0007874));
#6842=CARTESIAN_POINT('',(-0.0013748153285078,0.00079375,0.0007874));
#6843=CARTESIAN_POINT('',(-0.0013748153285078,-0.00079375,0.0007874));
#6844=CARTESIAN_POINT('',(-0.000916543552338531,-0.0015875,0.0007874));
#6845=CARTESIAN_POINT('',(-0.000916543552338531,-0.0015875,0.0007874));
#6846=CARTESIAN_POINT('',(-0.0013748153285078,-0.00079375,0.0007874));
#6847=CARTESIAN_POINT('',(-2.16840434497101E-19,-0.0015875,0.0007874));
#6848=CARTESIAN_POINT('',(0.00091654355233853,-0.0015875,0.0007874));
#6849=CARTESIAN_POINT('',(0.00091654355233853,-0.0015875,0.0007874));
#6850=CARTESIAN_POINT('',(-2.16840434497101E-19,-0.0015875,0.0007874));
#6851=CARTESIAN_POINT('',(0.0013748153285078,-0.00079375,0.0007874));
#6852=CARTESIAN_POINT('',(0.0013748153285078,-0.00079375,0.0007874));
#6853=CARTESIAN_POINT('',(0.,0.,0.0007874));
#6854=CARTESIAN_POINT('',(0.,0.,-0.0022944836));
#6855=CARTESIAN_POINT('',(0.,2.80731909002543E-19,0.000507998163498411));
#6856=CARTESIAN_POINT('',(-0.0045847,2.80731909002543E-19,0.000507998163498411));
#6857=CARTESIAN_POINT('',(0.,0.,0.));
#6858=CARTESIAN_POINT('',(0.,-1.47753636317128E-19,0.));
#6859=CARTESIAN_POINT('',(-0.002413,-1.47753636317128E-19,0.));
#6860=CARTESIAN_POINT('',(0.,2.80731909002543E-19,0.));
#6861=CARTESIAN_POINT('',(0.0045847,2.80731909002543E-19,0.));
#6862=CARTESIAN_POINT('',(0.,2.80731909002543E-19,0.0025654));
#6863=CARTESIAN_POINT('',(0.,-1.47753636317128E-19,-0.0381));
#6864=CARTESIAN_POINT('',(0.,-1.47753636317128E-19,-0.0376710702));
#6865=CARTESIAN_POINT('',(-0.002413,-1.47753636317128E-19,-0.0376710702));
#6866=CARTESIAN_POINT('',(0.,0.,-0.0381));
#6867=CARTESIAN_POINT('',(0.,-1.47753636317128E-19,-0.0381));
#6868=CARTESIAN_POINT('',(-0.0019840702,-1.47753636317128E-19,-0.0381));
#6869=CARTESIAN_POINT('',(0.,-1.47753636317128E-19,-0.0381));
#6870=CARTESIAN_POINT('',(-0.381,0.2667,0.3584979876));
#6871=CARTESIAN_POINT('',(0.0381,0.2901,0.3506989938));
#6872=CARTESIAN_POINT('',(-0.323269237886467,0.3025,0.3584979876));
#6873=CARTESIAN_POINT('',(0.0206248,-0.58293,0.18161));
#6874=CARTESIAN_POINT('',(0.0138169044333295,0.305281600542648,0.355238905385784));
#6875=CARTESIAN_POINT('',(-0.381,0.2921,0.3584979876));
#6876=CARTESIAN_POINT('',(0.,0.,0.0025654));
#6877=CARTESIAN_POINT('',(0.0013748153285078,0.00079375,0.0025654));
#6878=CARTESIAN_POINT('',(0.00183308710467706,0.,0.0025654));
#6879=CARTESIAN_POINT('',(0.000916543552338531,0.0015875,0.0025654));
#6880=CARTESIAN_POINT('',(0.0013748153285078,-0.00079375,0.0025654));
#6881=CARTESIAN_POINT('',(0.00091654355233853,-0.0015875,0.0025654));
#6882=CARTESIAN_POINT('',(-2.16840434497101E-19,-0.0015875,0.0025654));
#6883=CARTESIAN_POINT('',(-0.000916543552338531,-0.0015875,0.0025654));
#6884=CARTESIAN_POINT('',(-0.0013748153285078,-0.00079375,0.0025654));
#6885=CARTESIAN_POINT('',(-0.00183308710467706,3.25260651745652E-19,0.0025654));
#6886=CARTESIAN_POINT('',(-0.0013748153285078,0.00079375,0.0025654));
#6887=CARTESIAN_POINT('',(-0.000916543552338531,0.0015875,0.0025654));
#6888=CARTESIAN_POINT('',(0.,0.0015875,0.0025654));
#6889=CARTESIAN_POINT('',(0.,0.,0.0025654));
#6890=CARTESIAN_POINT('',(0.00229235894204905,0.,0.0025654));
#6891=CARTESIAN_POINT('',(0.0013748153285078,0.00079375,0.0007874));
#6892=CARTESIAN_POINT('',(0.000916543552338531,0.0015875,0.0007874));
#6893=CARTESIAN_POINT('',(0.000916543552338531,0.0015875,0.0007874));
#6894=CARTESIAN_POINT('',(0.0013748153285078,0.00079375,0.0007874));
#6895=CARTESIAN_POINT('',(0.00183308710467706,0.,0.0007874));
#6896=CARTESIAN_POINT('',(0.00183308710467706,0.,0.0007874));
#6897=CARTESIAN_POINT('',(0.,0.0015875,0.0007874));
#6898=CARTESIAN_POINT('',(-0.000916543552338531,0.0015875,0.0007874));
#6899=CARTESIAN_POINT('',(-0.000916543552338531,0.0015875,0.0007874));
#6900=CARTESIAN_POINT('',(0.,0.0015875,0.0007874));
#6901=CARTESIAN_POINT('',(-0.0013748153285078,0.00079375,0.0007874));
#6902=CARTESIAN_POINT('',(-0.00183308710467706,3.25260651745652E-19,0.0007874));
#6903=CARTESIAN_POINT('',(-0.00183308710467706,3.25260651745652E-19,0.0007874));
#6904=CARTESIAN_POINT('',(-0.0013748153285078,0.00079375,0.0007874));
#6905=CARTESIAN_POINT('',(-0.0013748153285078,-0.00079375,0.0007874));
#6906=CARTESIAN_POINT('',(-0.000916543552338531,-0.0015875,0.0007874));
#6907=CARTESIAN_POINT('',(-0.000916543552338531,-0.0015875,0.0007874));
#6908=CARTESIAN_POINT('',(-0.0013748153285078,-0.00079375,0.0007874));
#6909=CARTESIAN_POINT('',(-2.16840434497101E-19,-0.0015875,0.0007874));
#6910=CARTESIAN_POINT('',(0.00091654355233853,-0.0015875,0.0007874));
#6911=CARTESIAN_POINT('',(0.00091654355233853,-0.0015875,0.0007874));
#6912=CARTESIAN_POINT('',(-2.16840434497101E-19,-0.0015875,0.0007874));
#6913=CARTESIAN_POINT('',(0.0013748153285078,-0.00079375,0.0007874));
#6914=CARTESIAN_POINT('',(0.0013748153285078,-0.00079375,0.0007874));
#6915=CARTESIAN_POINT('',(0.,0.,0.0007874));
#6916=CARTESIAN_POINT('',(0.,0.,-0.0022944836));
#6917=CARTESIAN_POINT('',(0.,2.80731909002543E-19,0.000507998163498411));
#6918=CARTESIAN_POINT('',(-0.0045847,2.80731909002543E-19,0.000507998163498411));
#6919=CARTESIAN_POINT('',(0.,0.,0.));
#6920=CARTESIAN_POINT('',(0.,-1.47753636317128E-19,0.));
#6921=CARTESIAN_POINT('',(-0.002413,-1.47753636317128E-19,0.));
#6922=CARTESIAN_POINT('',(0.,2.80731909002543E-19,0.));
#6923=CARTESIAN_POINT('',(0.0045847,2.80731909002543E-19,0.));
#6924=CARTESIAN_POINT('',(0.,2.80731909002543E-19,0.0025654));
#6925=CARTESIAN_POINT('',(0.,-1.47753636317128E-19,-0.03175));
#6926=CARTESIAN_POINT('',(0.,-1.47753636317128E-19,-0.0313210702));
#6927=CARTESIAN_POINT('',(-0.002413,-1.47753636317128E-19,-0.0313210702));
#6928=CARTESIAN_POINT('',(0.,0.,-0.03175));
#6929=CARTESIAN_POINT('',(0.,-1.47753636317128E-19,-0.03175));
#6930=CARTESIAN_POINT('',(-0.0019840702,-1.47753636317128E-19,-0.03175));
#6931=CARTESIAN_POINT('',(0.,-1.47753636317128E-19,-0.03175));
#6932=CARTESIAN_POINT('',(0.0234,0.3048,0.3633989938));
#6933=CARTESIAN_POINT('',(0.00157479999999991,-0.58293,0.1486408));
#6934=CARTESIAN_POINT('',(0.00157479999999991,-0.58928,0.1486408));
#6935=CARTESIAN_POINT('',(-0.0174752,-0.58928,0.1486408));
#6936=CARTESIAN_POINT('',(0.0206248,-0.58928,0.1486408));
#6937=CARTESIAN_POINT('',(-0.0174752,-0.58293,0.1486408));
#6938=CARTESIAN_POINT('',(-0.0174752,-0.58293,0.1486408));
#6939=CARTESIAN_POINT('',(0.00157479999999991,-0.58293,0.1486408));
#6940=CARTESIAN_POINT('',(0.0206248,-0.58293,0.1486408));
#6941=CARTESIAN_POINT('',(0.0206248,-0.58293,0.1486408));
#6942=CARTESIAN_POINT('',(-0.0174752,-0.58293,0.15621));
#6943=CARTESIAN_POINT('',(-0.0174752,-0.58928,0.15621));
#6944=CARTESIAN_POINT('',(-0.0250389502794972,-0.58928,0.155922823487369));
#6945=CARTESIAN_POINT('',(-0.0250389502794972,-0.58293,0.155922823487369));
#6946=CARTESIAN_POINT('',(-0.0250389502794972,-0.58293,0.155922823487369));
#6947=CARTESIAN_POINT('',(-0.0174752,-0.58293,0.15621));
#6948=CARTESIAN_POINT('',(-0.0260826002794972,-0.58293,0.183410823487369));
#6949=CARTESIAN_POINT('',(-0.0260826002794972,-0.58928,0.183410823487369));
#6950=CARTESIAN_POINT('',(-0.0271262502794971,-0.58928,0.210898823487369));
#6951=CARTESIAN_POINT('',(-0.0271262502794971,-0.58293,0.210898823487369));
#6952=CARTESIAN_POINT('',(-0.0271262502794971,-0.58293,0.210898823487369));
#6953=CARTESIAN_POINT('',(-0.0260826002794972,-0.58293,0.183410823487369));
#6954=CARTESIAN_POINT('',(-0.0195625,-0.58293,0.211186));
#6955=CARTESIAN_POINT('',(-0.0195625,-0.58928,0.211186));
#6956=CARTESIAN_POINT('',(-0.0241200838897228,-0.58928,0.217229278723353));
#6957=CARTESIAN_POINT('',(-0.0241200838897228,-0.58293,0.217229278723353));
#6958=CARTESIAN_POINT('',(-0.0241200838897228,-0.58293,0.217229278723353));
#6959=CARTESIAN_POINT('',(-0.0195625,-0.58293,0.211186));
#6960=CARTESIAN_POINT('',(-0.0191100419448614,-0.58293,0.221007639361677));
#6961=CARTESIAN_POINT('',(-0.0191100419448614,-0.58928,0.221007639361677));
#6962=CARTESIAN_POINT('',(-0.0141,-0.58928,0.224786));
#6963=CARTESIAN_POINT('',(-0.0141,-0.58293,0.224786));
#6964=CARTESIAN_POINT('',(-0.0141,-0.58293,0.224786));
#6965=CARTESIAN_POINT('',(-0.0191100419448614,-0.58293,0.221007639361677));
#6966=CARTESIAN_POINT('',(0.,-0.58293,0.224786));
#6967=CARTESIAN_POINT('',(0.,-0.58928,0.224786));
#6968=CARTESIAN_POINT('',(0.0141,-0.58928,0.224786));
#6969=CARTESIAN_POINT('',(0.0141,-0.58293,0.224786));
#6970=CARTESIAN_POINT('',(0.0141,-0.58293,0.224786));
#6971=CARTESIAN_POINT('',(0.,-0.58293,0.224786));
#6972=CARTESIAN_POINT('',(0.0191100419448614,-0.58293,0.221007639361677));
#6973=CARTESIAN_POINT('',(0.0191100419448614,-0.58928,0.221007639361677));
#6974=CARTESIAN_POINT('',(0.0241200838897228,-0.58928,0.217229278723353));
#6975=CARTESIAN_POINT('',(0.0241200838897228,-0.58293,0.217229278723353));
#6976=CARTESIAN_POINT('',(0.0241200838897228,-0.58293,0.217229278723353));
#6977=CARTESIAN_POINT('',(0.0191100419448614,-0.58293,0.221007639361677));
#6978=CARTESIAN_POINT('',(0.0195625,-0.58293,0.211186));
#6979=CARTESIAN_POINT('',(0.0195625,-0.58928,0.211186));
#6980=CARTESIAN_POINT('',(0.0271302873112836,-0.58928,0.211332232182421));
#6981=CARTESIAN_POINT('',(0.0271302873112836,-0.58293,0.211332232182421));
#6982=CARTESIAN_POINT('',(0.0271302873112836,-0.58293,0.211332232182421));
#6983=CARTESIAN_POINT('',(0.0195625,-0.58293,0.211186));
#6984=CARTESIAN_POINT('',(0.0276614373112835,-0.58293,0.183844232182421));
#6985=CARTESIAN_POINT('',(0.0276614373112835,-0.58928,0.183844232182421));
#6986=CARTESIAN_POINT('',(0.0281925873112834,-0.58928,0.156356232182421));
#6987=CARTESIAN_POINT('',(0.0281925873112834,-0.58293,0.156356232182421));
#6988=CARTESIAN_POINT('',(0.0281925873112834,-0.58293,0.156356232182421));
#6989=CARTESIAN_POINT('',(0.0276614373112835,-0.58293,0.183844232182421));
#6990=CARTESIAN_POINT('',(0.0195625,-0.58293,0.211186));
#6991=CARTESIAN_POINT('',(0.0195625,-0.58293,0.211186));
#6992=CARTESIAN_POINT('',(0.0195625,-0.58293,0.2136752));
#6993=CARTESIAN_POINT('',(0.0195625,-0.58928,0.211186));
#6994=CARTESIAN_POINT('',(0.0195625,-0.58928,0.2136752));
#6995=CARTESIAN_POINT('',(-0.0195625,-0.58293,0.211186));
#6996=CARTESIAN_POINT('',(-0.0195625,-0.58293,0.211186));
#6997=CARTESIAN_POINT('',(-0.0195625,-0.58293,0.2136752));
#6998=CARTESIAN_POINT('',(-0.0195625,-0.58928,0.211186));
#6999=CARTESIAN_POINT('',(-0.0195625,-0.58928,0.2136752));
#7000=CARTESIAN_POINT('',(0.0206248,-0.58293,0.18161));
#7001=CARTESIAN_POINT('',(0.0206248,-0.58293,0.18161));
#7002=CARTESIAN_POINT('',(0.0206248,-0.58293,0.1840992));
#7003=CARTESIAN_POINT('',(0.0206248,-0.58928,0.18161));
#7004=CARTESIAN_POINT('',(0.0206248,-0.58928,0.1840992));
#7005=CARTESIAN_POINT('',(-0.0174752,-0.58293,0.18161));
#7006=CARTESIAN_POINT('',(-0.0174752,-0.58293,0.18161));
#7007=CARTESIAN_POINT('',(-0.0174752,-0.58293,0.1840992));
#7008=CARTESIAN_POINT('',(-0.0174752,-0.58928,0.18161));
#7009=CARTESIAN_POINT('',(-0.0174752,-0.58928,0.1840992));
#7010=CARTESIAN_POINT('',(0.0206248,-0.58293,0.15621));
#7011=CARTESIAN_POINT('',(0.0206248,-0.58293,0.15621));
#7012=CARTESIAN_POINT('',(0.0206248,-0.58293,0.1586992));
#7013=CARTESIAN_POINT('',(0.0206248,-0.58928,0.15621));
#7014=CARTESIAN_POINT('',(0.0206248,-0.58928,0.1586992));
#7015=CARTESIAN_POINT('',(-0.0174752,-0.58293,0.15621));
#7016=CARTESIAN_POINT('',(-0.0174752,-0.58293,0.15621));
#7017=CARTESIAN_POINT('',(-0.0174752,-0.58293,0.1586992));
#7018=CARTESIAN_POINT('',(-0.0174752,-0.58928,0.15621));
#7019=CARTESIAN_POINT('',(-0.0174752,-0.58928,0.1586992));
#7020=CARTESIAN_POINT('',(0.01054,-0.58293,0.22109));
#7021=CARTESIAN_POINT('',(0.01054,-0.58293,0.22109));
#7022=CARTESIAN_POINT('',(0.01054,-0.58293,0.22217));
#7023=CARTESIAN_POINT('',(0.01054,-0.58928,0.22109));
#7024=CARTESIAN_POINT('',(0.01054,-0.58928,0.22217));
#7025=CARTESIAN_POINT('',(0.01054,-0.58293,0.20753));
#7026=CARTESIAN_POINT('',(0.01054,-0.58293,0.20753));
#7027=CARTESIAN_POINT('',(0.01054,-0.58293,0.20861));
#7028=CARTESIAN_POINT('',(0.01054,-0.58928,0.20753));
#7029=CARTESIAN_POINT('',(0.01054,-0.58928,0.20861));
#7030=CARTESIAN_POINT('',(-0.01054,-0.58293,0.22109));
#7031=CARTESIAN_POINT('',(-0.01054,-0.58293,0.22109));
#7032=CARTESIAN_POINT('',(-0.01054,-0.58293,0.22217));
#7033=CARTESIAN_POINT('',(-0.01054,-0.58928,0.22109));
#7034=CARTESIAN_POINT('',(-0.01054,-0.58928,0.22217));
#7035=CARTESIAN_POINT('',(-0.01054,-0.58293,0.20753));
#7036=CARTESIAN_POINT('',(-0.01054,-0.58293,0.20753));
#7037=CARTESIAN_POINT('',(-0.01054,-0.58293,0.20861));
#7038=CARTESIAN_POINT('',(-0.01054,-0.58928,0.20753));
#7039=CARTESIAN_POINT('',(-0.01054,-0.58928,0.20861));
#7040=CARTESIAN_POINT('',(0.0206248,-0.58293,0.15621));
#7041=CARTESIAN_POINT('',(0.0206248,-0.58928,0.15621));
#7042=CARTESIAN_POINT('',(0.0206248,-0.58293,0.15621));
#7043=CARTESIAN_POINT('',(0.000531149999999949,-0.58293,0.1867134));
#7044=CARTESIAN_POINT('',(0.000531149999999949,-0.58928,0.1867134));
#7045=CARTESIAN_POINT('',(0.,0.,0.));
#7046=CARTESIAN_POINT('',(0.0381,0.3175,0.3506989938));
#7047=CARTESIAN_POINT('',(-0.34675,0.2667,0.3584979876));
#7048=CARTESIAN_POINT('',(-0.347127627182753,0.289186173489485,0.368523842984803));
#7049=CARTESIAN_POINT('',(-0.342259509226945,0.289746885344525,0.368150219327356));
#7050=CARTESIAN_POINT('',(-0.335625420436842,0.290541004624587,0.36762058174271));
#7051=CARTESIAN_POINT('',(-0.327677727395427,0.291778358018646,0.367143995195495));
#7052=CARTESIAN_POINT('',(-0.321939581385651,0.292806546495057,0.366930889570817));
#7053=CARTESIAN_POINT('',(-0.317961408242229,0.293650161898934,0.367006187430435));
#7054=CARTESIAN_POINT('',(-0.315290118467838,0.294158339838851,0.367237796714956));
#7055=CARTESIAN_POINT('',(-0.347131526277577,0.283705604473793,0.368411928462216));
#7056=CARTESIAN_POINT('',(-0.342020833135365,0.284968772777249,0.367780878649365));
#7057=CARTESIAN_POINT('',(-0.335060465303369,0.286722289747782,0.366909853645336));
#7058=CARTESIAN_POINT('',(-0.326750796812109,0.289053692218381,0.365990206668188));
#7059=CARTESIAN_POINT('',(-0.32076438133762,0.290844963188652,0.365421516900707));
#7060=CARTESIAN_POINT('',(-0.316628085545928,0.292201497428267,0.365177100870132));
#7061=CARTESIAN_POINT('',(-0.313846307106734,0.293117593133183,0.365164569669784));
#7062=CARTESIAN_POINT('',(-0.347092499858429,0.272745210353419,0.36820185297083));
#7063=CARTESIAN_POINT('',(-0.341484167549159,0.275416571648365,0.367061232844145));
#7064=CARTESIAN_POINT('',(-0.333851527182554,0.279089617180543,0.365505611560364));
#7065=CARTESIAN_POINT('',(-0.324748454830079,0.283643495524644,0.363736373143515));
#7066=CARTESIAN_POINT('',(-0.318195167630462,0.286997481321892,0.362520546501327));
#7067=CARTESIAN_POINT('',(-0.313676073077049,0.289386403563448,0.361763533039484));
#7068=CARTESIAN_POINT('',(-0.310659855534514,0.291005803003532,0.361332366044795));
#7069=CARTESIAN_POINT('',(-0.346991361311101,0.261786084480366,0.367997411516288));
#7070=CARTESIAN_POINT('',(-0.340873660692363,0.2658703845374,0.366347566968627));
#7071=CARTESIAN_POINT('',(-0.332547367402776,0.271466047379239,0.364102353698125));
#7072=CARTESIAN_POINT('',(-0.322604679576366,0.278288607324862,0.361489504250714));
#7073=CARTESIAN_POINT('',(-0.315441562955324,0.283262543614286,0.359649780005945));
#7074=CARTESIAN_POINT('',(-0.310497026999253,0.286754010825647,0.358437676571515));
#7075=CARTESIAN_POINT('',(-0.307199188610185,0.289101148195592,0.3576816712611));
#7076=CARTESIAN_POINT('',(-0.346930982864155,0.256306757503964,0.367894482496392));
#7077=CARTESIAN_POINT('',(-0.340557399687691,0.261098168392196,0.365989681932565));
#7078=CARTESIAN_POINT('',(-0.331882142409919,0.267656265555551,0.363398431988046));
#7079=CARTESIAN_POINT('',(-0.321517413571513,0.27561863975666,0.360363520217558));
#7080=CARTESIAN_POINT('',(-0.314048151484092,0.281408551838205,0.358213172914167));
#7081=CARTESIAN_POINT('',(-0.308890741257492,0.285456946407937,0.356776894510434));
#7082=CARTESIAN_POINT('',(-0.305452524914224,0.28817322086669,0.355861645747925));
#7083=CARTESIAN_POINT('',(-0.318262741576201,0.290499648523867,0.364501168768916));
#7084=CARTESIAN_POINT('',(-0.318155650599659,0.290631783564411,0.36455149238094));
#7085=CARTESIAN_POINT('',(-0.317934379719992,0.290889705104259,0.364651357084982));
#7086=CARTESIAN_POINT('',(-0.317573043367176,0.291252519597322,0.364792337523203));
#7087=CARTESIAN_POINT('',(-0.317229186411012,0.291523418224021,0.364886855763914));
#7088=CARTESIAN_POINT('',(-0.316921646406468,0.291690760264478,0.364919079252522));
#7089=CARTESIAN_POINT('',(-0.316631403321359,0.291743988152329,0.364863611189207));
#7090=CARTESIAN_POINT('',(-0.316516394967308,0.291552423201139,0.364661882869374));
#7091=CARTESIAN_POINT('',(-0.316549691899219,0.291271914691007,0.364446972086076));
#7092=CARTESIAN_POINT('',(-0.316670822074843,0.290914366398998,0.364217366908563));
#7093=CARTESIAN_POINT('',(-0.316869821222403,0.290482354264114,0.363982892864877));
#7094=CARTESIAN_POINT('',(-0.317017945783687,0.290193464383133,0.363845459126043));
#7095=CARTESIAN_POINT('',(-0.317094582117236,0.290048257596978,0.363780271952595));
#7096=CARTESIAN_POINT('',(-0.318262741576201,0.290499648523867,0.364501168768916));
#7097=CARTESIAN_POINT('',(-0.317094582117238,0.290048257596978,0.363780271952596));
#7098=CARTESIAN_POINT('',(-0.318262741576202,0.290499648523867,0.364501168768917));
#7099=CARTESIAN_POINT('',(-0.317870820423534,0.290345793931468,0.364267099801369));
#7100=CARTESIAN_POINT('',(-0.317481526823832,0.290195454555583,0.364026572556033));
#7101=CARTESIAN_POINT('',(-0.317094582117237,0.290048257596979,0.363780271952596));
#7102=CARTESIAN_POINT('',(-0.310866800853488,0.284007530258314,0.357376147107131));
#7103=CARTESIAN_POINT('',(-0.31064708239598,0.284986971526968,0.35766159844314));
#7104=CARTESIAN_POINT('',(-0.310009350845392,0.286919829860254,0.358182230960714));
#7105=CARTESIAN_POINT('',(-0.309112398576842,0.2887413337227,0.358709842240114));
#7106=CARTESIAN_POINT('',(-0.308594949593596,0.289613934746954,0.358982753521708));
#7107=CARTESIAN_POINT('',(-0.310866800853489,0.284007530258314,0.357376147107131));
#7108=CARTESIAN_POINT('',(-0.308594949593596,0.289613934746954,0.358982753521708));
#7109=CARTESIAN_POINT('',(-0.34675,0.261905627341234,0.367932348075006));
#7110=CARTESIAN_POINT('',(-0.340756288499618,0.26563265197297,0.366308142009895));
#7111=CARTESIAN_POINT('',(-0.331757789288063,0.271198834650369,0.363845764409929));
#7112=CARTESIAN_POINT('',(-0.31977105334076,0.278527655703206,0.360316236010188));
#7113=CARTESIAN_POINT('',(-0.31381428612606,0.282165248818757,0.358388248129718));
#7114=CARTESIAN_POINT('',(-0.310866800853488,0.284007530258314,0.357376147107131));
#7115=CARTESIAN_POINT('',(-0.34675,0.261905627341234,0.367932348075006));
#7116=CARTESIAN_POINT('',(-0.34675,0.289192572554372,0.368493453714945));
#7117=CARTESIAN_POINT('',(-0.34675,0.280097615561823,0.36827445226835));
#7118=CARTESIAN_POINT('',(-0.34675,0.271001844291773,0.368090508490966));
#7119=CARTESIAN_POINT('',(-0.34675,0.261905627341234,0.367932348075006));
#7120=CARTESIAN_POINT('',(-0.34675,0.289192572554372,0.368493453714945));
#7121=CARTESIAN_POINT('',(-0.34675,0.289192572554373,0.368493453714945));
#7122=CARTESIAN_POINT('',(-0.341914001396688,0.289675899128073,0.368112455507123));
#7123=CARTESIAN_POINT('',(-0.332244263663214,0.290671030957751,0.367345427907828));
#7124=CARTESIAN_POINT('',(-0.322606437667432,0.291911815455056,0.366560335474293));
#7125=CARTESIAN_POINT('',(-0.317821313130789,0.292735844389595,0.366109211685005));
#7126=CARTESIAN_POINT('',(-0.317821313130789,0.292735844389595,0.366109211685004));
#7127=CARTESIAN_POINT('',(-0.317821313130789,0.292735844389595,0.366109211685004));
#7128=CARTESIAN_POINT('',(-0.314560618301228,0.291477385539207,0.364092075242744));
#7129=CARTESIAN_POINT('',(-0.31154626792782,0.290515803569105,0.36157510265307));
#7130=CARTESIAN_POINT('',(-0.308594949593596,0.289613934746954,0.358982753521708));
#7131=CARTESIAN_POINT('',(-0.34925,0.26035,0.3711979876));
#7132=CARTESIAN_POINT('',(-0.303486057643491,0.289663229184677,0.358949367493262));
#7133=CARTESIAN_POINT('',(-0.34925,0.26035,0.370668820933333));
#7134=CARTESIAN_POINT('',(-0.303237067337889,0.289596091557067,0.358701737481249));
#7135=CARTESIAN_POINT('',(-0.34925,0.26035,0.370132590405585));
#7136=CARTESIAN_POINT('',(-0.303010270088647,0.289547731004771,0.358434831814754));
#7137=CARTESIAN_POINT('',(-0.34925,0.26035,0.369321622244199));
#7138=CARTESIAN_POINT('',(-0.302705176197358,0.289502204850785,0.358012661705828));
#7139=CARTESIAN_POINT('',(-0.34925,0.26035,0.369050195795443));
#7140=CARTESIAN_POINT('',(-0.30260932716197,0.289491534464594,0.357868292201171));
#7141=CARTESIAN_POINT('',(-0.34925,0.26035,0.368505797678319));
#7142=CARTESIAN_POINT('',(-0.30242960391524,0.289479042809885,0.357573297719813));
#7143=CARTESIAN_POINT('',(-0.34925,0.26035,0.368232826009951));
#7144=CARTESIAN_POINT('',(-0.302345728985676,0.289477221385033,0.357422671908169));
#7145=CARTESIAN_POINT('',(-0.34925,0.26035,0.367412586530896));
#7146=CARTESIAN_POINT('',(-0.302112487833802,0.289484829809322,0.356962847179695));
#7147=CARTESIAN_POINT('',(-0.34925,0.26035,0.366863994246255));
#7148=CARTESIAN_POINT('',(-0.301981483581209,0.289507316989975,0.356645710205965));
#7149=CARTESIAN_POINT('',(-0.34925,0.26035,0.365768575642243));
#7150=CARTESIAN_POINT('',(-0.301771064908887,0.289586415599398,0.35599741289352));
#7151=CARTESIAN_POINT('',(-0.34925,0.26035,0.365221749322873));
#7152=CARTESIAN_POINT('',(-0.301691641741357,0.289643031926337,0.355666220400054));
#7153=CARTESIAN_POINT('',(-0.34925,0.26035,0.364406807739629));
#7154=CARTESIAN_POINT('',(-0.301613734007357,0.289753346345698,0.355164300781076));
#7155=CARTESIAN_POINT('',(-0.34925,0.26035,0.364136043527849));
#7156=CARTESIAN_POINT('',(-0.301594643010304,0.289794352400145,0.354996142844202));
#7157=CARTESIAN_POINT('',(-0.34925,0.26035,0.363596943306536));
#7158=CARTESIAN_POINT('',(-0.301570727423717,0.2898848205634,0.354659118051973));
#7159=CARTESIAN_POINT('',(-0.34925,0.26035,0.363328607297004));
#7160=CARTESIAN_POINT('',(-0.301565903064579,0.289934283142145,0.354490250107691));
#7161=CARTESIAN_POINT('',(-0.34925,0.26035,0.36279502571716));
#7162=CARTESIAN_POINT('',(-0.301571084097366,0.290041651610371,0.354152897702049));
#7163=CARTESIAN_POINT('',(-0.34925,0.26035,0.362529780146851));
#7164=CARTESIAN_POINT('',(-0.301581089924007,0.290099558087547,0.353984412152429));
#7165=CARTESIAN_POINT('',(-0.34925,0.26035,0.362003041682431));
#7166=CARTESIAN_POINT('',(-0.30161653812066,0.290223785419587,0.353649050339059));
#7167=CARTESIAN_POINT('',(-0.34925,0.26035,0.361741548788321));
#7168=CARTESIAN_POINT('',(-0.301641981156081,0.290290106987614,0.353482173012003));
#7169=CARTESIAN_POINT('',(-0.34925,0.26035,0.361222977913277));
#7170=CARTESIAN_POINT('',(-0.301708937617565,0.290431099896323,0.353151419225626));
#7171=CARTESIAN_POINT('',(-0.34925,0.26035,0.360965899932342));
#7172=CARTESIAN_POINT('',(-0.301750451970279,0.290505772082748,0.352987541761974));
#7173=CARTESIAN_POINT('',(-0.34925,0.26035,0.360456821120626));
#7174=CARTESIAN_POINT('',(-0.3018501882111,0.290663342594168,0.352664376222337));
#7175=CARTESIAN_POINT('',(-0.34925,0.26035,0.360204820289844));
#7176=CARTESIAN_POINT('',(-0.30190841132054,0.290746241902431,0.352505087247424));
#7177=CARTESIAN_POINT('',(-0.34925,0.26035,0.35970655801541));
#7178=CARTESIAN_POINT('',(-0.302042173430304,0.290920056575398,0.352192912888177));
#7179=CARTESIAN_POINT('',(-0.34925,0.26035,0.359460296571756));
#7180=CARTESIAN_POINT('',(-0.302117713980911,0.291010973061619,0.352040026771911));
#7181=CARTESIAN_POINT('',(-0.34925,0.26035,0.358974175308555));
#7182=CARTESIAN_POINT('',(-0.302286649098731,0.29120049398587,0.35174272273708));
#7183=CARTESIAN_POINT('',(-0.34925,0.26035,0.358734315489008));
#7184=CARTESIAN_POINT('',(-0.302380045577236,0.291299099677583,0.351598304333062));
#7185=CARTESIAN_POINT('',(-0.34925,0.26035,0.353758515465967));
#7186=CARTESIAN_POINT('',(-0.304538810714465,0.293451069221242,0.34867134001849));
#7187=CARTESIAN_POINT('',(-0.34925,0.26035,0.350031320933334));
#7188=CARTESIAN_POINT('',(-0.307100365486113,0.296004560454695,0.345198252892368));
#7189=CARTESIAN_POINT('',(-0.34925,0.26035,0.3457979876));
#7190=CARTESIAN_POINT('',(-0.309409259673701,0.298306186456307,0.342067735923826));
#7191=CARTESIAN_POINT('',(-0.310866800853489,0.284007530258314,0.357376147107131));
#7192=CARTESIAN_POINT('',(-0.309786239231876,0.284646461275797,0.357610035781418));
#7193=CARTESIAN_POINT('',(-0.308196771293706,0.285654492302352,0.357799983048919));
#7194=CARTESIAN_POINT('',(-0.306026736488619,0.287032416983212,0.357571639673579));
#7195=CARTESIAN_POINT('',(-0.304963765306731,0.287652118049421,0.357135006477567));
#7196=CARTESIAN_POINT('',(-0.304493083486085,0.28792784536237,0.356778093719248));
#7197=CARTESIAN_POINT('',(-0.304493083486085,0.28792784536237,0.356778093719248));
#7198=CARTESIAN_POINT('',(-0.304493083486085,0.28792784536237,0.356778093719248));
#7199=CARTESIAN_POINT('',(-0.304264057445044,0.288029752191696,0.356021357258519));
#7200=CARTESIAN_POINT('',(-0.304057057033546,0.288387563866324,0.354478623720129));
#7201=CARTESIAN_POINT('',(-0.304460463858633,0.289187422622926,0.352646206963584));
#7202=CARTESIAN_POINT('',(-0.30519550919931,0.289963917563132,0.351508149143656));
#7203=CARTESIAN_POINT('',(-0.305936475633583,0.290741516063792,0.350377573471341));
#7204=CARTESIAN_POINT('',(-0.306870750684323,0.291716369502761,0.348970178605459));
#7205=CARTESIAN_POINT('',(-0.307999615388043,0.29288855767325,0.347288097096986));
#7206=CARTESIAN_POINT('',(-0.309510267891122,0.294453161840425,0.345050132881979));
#7207=CARTESIAN_POINT('',(-0.310645593224114,0.295627318232746,0.343373745678888));
#7208=CARTESIAN_POINT('',(-0.311400217247316,0.296409405516199,0.342254147440413));
#7209=CARTESIAN_POINT('',(-0.311400217247316,0.2964094055162,0.342254147440413));
#7210=CARTESIAN_POINT('',(-0.329329629836851,0.279328093228153,0.343932861761913));
#7211=CARTESIAN_POINT('',(-0.309409259673701,0.298306186456307,0.342067735923826));
#7212=CARTESIAN_POINT('',(-0.305945918392318,0.294853747453888,0.34676351137664));
#7213=CARTESIAN_POINT('',(-0.302482577110935,0.291401308451469,0.351459286829453));
#7214=CARTESIAN_POINT('',(-0.306438565412226,0.292526579850936,0.355204327161357));
#7215=CARTESIAN_POINT('',(-0.303486057643491,0.289663229184677,0.358949367493262));
#7216=CARTESIAN_POINT('',(-0.326368028821745,0.275006614592338,0.365073677546631));
#7217=CARTESIAN_POINT('',(-0.34925,0.26035,0.3711979876));
#7218=CARTESIAN_POINT('',(-0.34925,0.26035,0.3584979876));
#7219=CARTESIAN_POINT('',(-0.34925,0.26035,0.3457979876));
#7220=CARTESIAN_POINT('',(-0.329329629836851,0.279328093228153,0.343932861761913));
#7221=CARTESIAN_POINT('',(-0.34302130291736,0.266284066132111,0.345214800451804));
#7222=CARTESIAN_POINT('',(-0.34675,0.262614020682171,0.347302467180177));
#7223=CARTESIAN_POINT('',(-0.345473272132144,0.263807881276333,0.34661515991094));
#7224=CARTESIAN_POINT('',(-0.344231068586421,0.265030387027452,0.345916547335665));
#7225=CARTESIAN_POINT('',(-0.34302130291736,0.266284066132112,0.345214800451805));
#7226=CARTESIAN_POINT('',(-0.34675,0.26261402068217,0.347302467180176));
#7227=CARTESIAN_POINT('',(-0.34675,0.261905627341234,0.367932348075006));
#7228=CARTESIAN_POINT('',(-0.34675,0.261866135556143,0.364490781933927));
#7229=CARTESIAN_POINT('',(-0.34675,0.261936652035544,0.357606131109198));
#7230=CARTESIAN_POINT('',(-0.34675,0.262382151540366,0.35073609802291));
#7231=CARTESIAN_POINT('',(-0.34675,0.26261402068217,0.347302467180176));
#7232=CARTESIAN_POINT('',(-0.34925,0.286067499999999,0.3457979876));
#7233=CARTESIAN_POINT('',(-0.332886861956062,0.312151562050218,0.341128580833264));
#7234=CARTESIAN_POINT('',(-0.331250548151668,0.314759968255241,0.34066164015659));
#7235=CARTESIAN_POINT('',(-0.34925,0.287019999999999,0.3457979876));
#7236=CARTESIAN_POINT('',(-0.333201633324183,0.312236436852248,0.341441632530118));
#7237=CARTESIAN_POINT('',(-0.3315967966566,0.314758080537473,0.34100599702313));
#7238=CARTESIAN_POINT('',(-0.34925,0.2879725,0.3457979876));
#7239=CARTESIAN_POINT('',(-0.333516404692303,0.312321311654277,0.341754684226972));
#7240=CARTESIAN_POINT('',(-0.331943045161533,0.314756192819706,0.341350353889669));
#7241=CARTESIAN_POINT('',(-0.34925,0.288925,0.3457979876));
#7242=CARTESIAN_POINT('',(-0.333831176060423,0.312406186456307,0.342067735923826));
#7243=CARTESIAN_POINT('',(-0.332289293666465,0.314754305101938,0.341694710756209));
#7244=CARTESIAN_POINT('',(-0.34925,0.29845,0.3457979876));
#7245=CARTESIAN_POINT('',(-0.336978889741624,0.313254934476603,0.345198252892368));
#7246=CARTESIAN_POINT('',(-0.335751778715787,0.314735427924264,0.345138279421605));
#7247=CARTESIAN_POINT('',(-0.34925,0.307975,0.3457979876));
#7248=CARTESIAN_POINT('',(-0.340126603422827,0.314103682496899,0.348328769860911));
#7249=CARTESIAN_POINT('',(-0.339214263765109,0.314716550746589,0.348581848087002));
#7250=CARTESIAN_POINT('',(-0.34925,0.3175,0.3457979876));
#7251=CARTESIAN_POINT('',(-0.343274317104028,0.314952430517195,0.351459286829453));
#7252=CARTESIAN_POINT('',(-0.342676748814431,0.314697673568914,0.352025416752398));
#7253=CARTESIAN_POINT('',(-0.34925,0.3184525,0.3457979876));
#7254=CARTESIAN_POINT('',(-0.343589088472148,0.315037305319225,0.351772338526307));
#7255=CARTESIAN_POINT('',(-0.343022997319363,0.314695785851147,0.352369773618938));
#7256=CARTESIAN_POINT('',(-0.34925,0.319405,0.3457979876));
#7257=CARTESIAN_POINT('',(-0.343903859840268,0.315122180121254,0.352085390223161));
#7258=CARTESIAN_POINT('',(-0.343369245824295,0.314693898133379,0.352714130485478));
#7259=CARTESIAN_POINT('',(-0.34925,0.3203575,0.3457979876));
#7260=CARTESIAN_POINT('',(-0.344218631208388,0.315207054923284,0.352398441920016));
#7261=CARTESIAN_POINT('',(-0.343715494329227,0.314692010415612,0.353058487352017));
#7262=CARTESIAN_POINT('',(-0.338552746582226,0.313679308486751,0.34676351137664));
#7263=CARTESIAN_POINT('',(-0.333831176060423,0.312406186456307,0.342067735923826));
#7264=CARTESIAN_POINT('',(-0.343274317104028,0.314952430517195,0.351459286829453));
#7265=CARTESIAN_POINT('',(-0.341540588030211,0.300665593228154,0.343932861761913));
#7266=CARTESIAN_POINT('',(-0.34925,0.288925,0.3457979876));
#7267=CARTESIAN_POINT('',(-0.34925,0.288925,0.3457979876));
#7268=CARTESIAN_POINT('',(-0.34925,0.3175,0.3457979876));
#7269=CARTESIAN_POINT('',(-0.346262158552014,0.316226215258597,0.348628637214727));
#7270=CARTESIAN_POINT('',(-0.34925,0.257492499999998,0.3457979876));
#7271=CARTESIAN_POINT('',(-0.306967068035028,0.296896186456306,0.342067735923826));
#7272=CARTESIAN_POINT('',(-0.30273877483853,0.300836555101937,0.341694710756209));
#7273=CARTESIAN_POINT('',(-0.34925,0.258444999999999,0.3457979876));
#7274=CARTESIAN_POINT('',(-0.307781131914586,0.297366186456306,0.342067735923826));
#7275=CARTESIAN_POINT('',(-0.303634245106044,0.301258305101937,0.341694710756209));
#7276=CARTESIAN_POINT('',(-0.34925,0.259397499999999,0.3457979876));
#7277=CARTESIAN_POINT('',(-0.308595195794144,0.297836186456307,0.342067735923826));
#7278=CARTESIAN_POINT('',(-0.304529715373558,0.301680055101938,0.341694710756209));
#7279=CARTESIAN_POINT('',(-0.34925,0.26035,0.3457979876));
#7280=CARTESIAN_POINT('',(-0.309409259673701,0.298306186456307,0.342067735923826));
#7281=CARTESIAN_POINT('',(-0.305425185641072,0.302101805101938,0.341694710756209));
#7282=CARTESIAN_POINT('',(-0.34925,0.269875,0.3457979876));
#7283=CARTESIAN_POINT('',(-0.317549898469276,0.303006186456308,0.342067735923826));
#7284=CARTESIAN_POINT('',(-0.314379888316203,0.306319305101938,0.341694710756209));
#7285=CARTESIAN_POINT('',(-0.34925,0.2794,0.3457979876));
#7286=CARTESIAN_POINT('',(-0.325690537264849,0.307706186456307,0.342067735923826));
#7287=CARTESIAN_POINT('',(-0.323334590991334,0.310536805101938,0.341694710756209));
#7288=CARTESIAN_POINT('',(-0.34925,0.288925,0.3457979876));
#7289=CARTESIAN_POINT('',(-0.333831176060423,0.312406186456307,0.342067735923826));
#7290=CARTESIAN_POINT('',(-0.332289293666465,0.314754305101938,0.341694710756209));
#7291=CARTESIAN_POINT('',(-0.34925,0.2898775,0.3457979876));
#7292=CARTESIAN_POINT('',(-0.33464523993998,0.312876186456307,0.342067735923826));
#7293=CARTESIAN_POINT('',(-0.333184763933978,0.315176055101938,0.341694710756209));
#7294=CARTESIAN_POINT('',(-0.34925,0.29083,0.3457979876));
#7295=CARTESIAN_POINT('',(-0.335459303819538,0.313346186456307,0.342067735923826));
#7296=CARTESIAN_POINT('',(-0.334080234201492,0.315597805101938,0.341694710756209));
#7297=CARTESIAN_POINT('',(-0.34925,0.2917825,0.3457979876));
#7298=CARTESIAN_POINT('',(-0.336273367699095,0.313816186456307,0.342067735923826));
#7299=CARTESIAN_POINT('',(-0.334975704469005,0.316019555101938,0.341694710756209));
#7300=CARTESIAN_POINT('',(-0.34302130291736,0.266284066132112,0.345214800451804));
#7301=CARTESIAN_POINT('',(-0.34274065512796,0.269914457705083,0.345148381556393));
#7302=CARTESIAN_POINT('',(-0.342038148547111,0.277148391337733,0.344980097558183));
#7303=CARTESIAN_POINT('',(-0.340425638457354,0.286055066682198,0.34457672546848));
#7304=CARTESIAN_POINT('',(-0.338422732522252,0.293042012107929,0.344062407113318));
#7305=CARTESIAN_POINT('',(-0.336545772642521,0.298223761775925,0.343576792736412));
#7306=CARTESIAN_POINT('',(-0.334350852805043,0.303300310566314,0.343008905655299));
#7307=CARTESIAN_POINT('',(-0.332743848864115,0.306584538207264,0.342595772683269));
#7308=CARTESIAN_POINT('',(-0.331912037445411,0.308212006825159,0.342383117915879));
#7309=CARTESIAN_POINT('',(-0.331912037445411,0.308212006825159,0.342383117915879));
#7310=CARTESIAN_POINT('',(-0.34925,0.288925,0.3457979876));
#7311=CARTESIAN_POINT('',(-0.321620217867062,0.305356186456307,0.342067735923826));
#7312=CARTESIAN_POINT('',(-0.311400217247316,0.296409405516199,0.342254147440413));
#7313=CARTESIAN_POINT('',(-0.318235177332609,0.30034777292566,0.342279353027175));
#7314=CARTESIAN_POINT('',(-0.325070829565964,0.304285050234461,0.342309373440516));
#7315=CARTESIAN_POINT('',(-0.331912037445411,0.30821200682516,0.342383117915879));
#7316=CARTESIAN_POINT('',(-0.34925,0.288925,0.3711979876));
#7317=CARTESIAN_POINT('',(-0.312929198687096,0.292209473245565,0.368340918398889));
#7318=CARTESIAN_POINT('',(-0.34925,0.2794,0.3711979876));
#7319=CARTESIAN_POINT('',(-0.309781485005895,0.291360725225269,0.365210401430347));
#7320=CARTESIAN_POINT('',(-0.34925,0.269875,0.3711979876));
#7321=CARTESIAN_POINT('',(-0.306633771324692,0.290511977204972,0.362079884461804));
#7322=CARTESIAN_POINT('',(-0.34925,0.26035,0.3711979876));
#7323=CARTESIAN_POINT('',(-0.303486057643491,0.289663229184677,0.358949367493262));
#7324=CARTESIAN_POINT('',(-0.34925,0.2593975,0.3711979876));
#7325=CARTESIAN_POINT('',(-0.303171286275371,0.289578354382647,0.358636315796408));
#7326=CARTESIAN_POINT('',(-0.34925,0.258445,0.3711979876));
#7327=CARTESIAN_POINT('',(-0.302856514907251,0.289493479580618,0.358323264099554));
#7328=CARTESIAN_POINT('',(-0.34925,0.2574925,0.3711979876));
#7329=CARTESIAN_POINT('',(-0.302541743539131,0.289408604778588,0.3580102124027));
#7330=CARTESIAN_POINT('',(-0.308207628165294,0.29093635121512,0.363645142946075));
#7331=CARTESIAN_POINT('',(-0.312929198687096,0.292209473245565,0.368340918398889));
#7332=CARTESIAN_POINT('',(-0.331089599343548,0.290567236622782,0.369769452999445));
#7333=CARTESIAN_POINT('',(-0.34925,0.288925,0.3711979876));
#7334=CARTESIAN_POINT('',(-0.34925,0.288925,0.3711979876));
#7335=CARTESIAN_POINT('',(-0.34925,0.3175,0.3711979876));
#7336=CARTESIAN_POINT('',(-0.337351115073817,0.306309473245565,0.368340918398889));
#7337=CARTESIAN_POINT('',(-0.34925,0.307975,0.3711979876));
#7338=CARTESIAN_POINT('',(-0.329210476278243,0.301609473245565,0.368340918398889));
#7339=CARTESIAN_POINT('',(-0.34925,0.29845,0.3711979876));
#7340=CARTESIAN_POINT('',(-0.32106983748267,0.296909473245564,0.368340918398889));
#7341=CARTESIAN_POINT('',(-0.34925,0.288925,0.3711979876));
#7342=CARTESIAN_POINT('',(-0.312929198687096,0.292209473245565,0.368340918398889));
#7343=CARTESIAN_POINT('',(-0.325140156880456,0.299259473245565,0.368340918398889));
#7344=CARTESIAN_POINT('',(-0.337351115073817,0.306309473245565,0.368340918398889));
#7345=CARTESIAN_POINT('',(-0.343300557536909,0.311904736622782,0.369769452999445));
#7346=CARTESIAN_POINT('',(-0.34925,0.3175,0.3711979876));
#7347=CARTESIAN_POINT('',(-0.34925,0.288925,0.3711979876));
#7348=CARTESIAN_POINT('',(-0.34925,0.3175,0.3457979876));
#7349=CARTESIAN_POINT('',(-0.343274317104028,0.314952430517195,0.351459286829453));
#7350=CARTESIAN_POINT('',(-0.34282421463557,0.314760541601277,0.35188570918188));
#7351=CARTESIAN_POINT('',(-0.34925,0.3175,0.346327154266667));
#7352=CARTESIAN_POINT('',(-0.34352330740963,0.315019568144806,0.351706916841466));
#7353=CARTESIAN_POINT('',(-0.343091959475695,0.314832736192659,0.35211213319193));
#7354=CARTESIAN_POINT('',(-0.34925,0.3175,0.346863384794415));
#7355=CARTESIAN_POINT('',(-0.343750104658872,0.3150679286971,0.351973822507961));
#7356=CARTESIAN_POINT('',(-0.34333583962634,0.314884739375318,0.352358752677418));
#7357=CARTESIAN_POINT('',(-0.34925,0.3175,0.347674352955801));
#7358=CARTESIAN_POINT('',(-0.344055198550161,0.315113454851087,0.352395992616887));
#7359=CARTESIAN_POINT('',(-0.343663913905975,0.314933694666132,0.352751637604017));
#7360=CARTESIAN_POINT('',(-0.34925,0.3175,0.347945779404557));
#7361=CARTESIAN_POINT('',(-0.344151047585548,0.315124125237277,0.352540362121544));
#7362=CARTESIAN_POINT('',(-0.34376698251579,0.314945168770867,0.352886436881275));
#7363=CARTESIAN_POINT('',(-0.34925,0.3175,0.348490177521681));
#7364=CARTESIAN_POINT('',(-0.344330770832279,0.315136616891987,0.352835356602902));
#7365=CARTESIAN_POINT('',(-0.343960242939509,0.314958601326344,0.353162645695111));
#7366=CARTESIAN_POINT('',(-0.34925,0.3175,0.348763149190048));
#7367=CARTESIAN_POINT('',(-0.344414645761842,0.315138438316839,0.352985982414546));
#7368=CARTESIAN_POINT('',(-0.344050435525732,0.314960559945193,0.353304056129521));
#7369=CARTESIAN_POINT('',(-0.34925,0.3175,0.349583388669104));
#7370=CARTESIAN_POINT('',(-0.344647886913717,0.315130829892549,0.35344580714302));
#7371=CARTESIAN_POINT('',(-0.344301244948888,0.314952378436519,0.353736733572617));
#7372=CARTESIAN_POINT('',(-0.34925,0.3175,0.350131980953745));
#7373=CARTESIAN_POINT('',(-0.34477889116631,0.315108342711897,0.35376294411675));
#7374=CARTESIAN_POINT('',(-0.344442116749424,0.314928197468614,0.354036436788801));
#7375=CARTESIAN_POINT('',(-0.34925,0.3175,0.351227399557757));
#7376=CARTESIAN_POINT('',(-0.344989309838632,0.315029244102474,0.354411241429196));
#7377=CARTESIAN_POINT('',(-0.344668384650272,0.314843140966181,0.354651055875588));
#7378=CARTESIAN_POINT('',(-0.34925,0.3175,0.351774225877127));
#7379=CARTESIAN_POINT('',(-0.345068733006162,0.314972627775535,0.354742433922661));
#7380=CARTESIAN_POINT('',(-0.344753790157291,0.314782260164544,0.354966006322911));
#7381=CARTESIAN_POINT('',(-0.34925,0.3175,0.352589167460371));
#7382=CARTESIAN_POINT('',(-0.345146640740162,0.314862313356174,0.355244353541639));
#7383=CARTESIAN_POINT('',(-0.344837566084768,0.314663636604066,0.35544434839247));
#7384=CARTESIAN_POINT('',(-0.34925,0.3175,0.352859931672152));
#7385=CARTESIAN_POINT('',(-0.345165731737214,0.314821307301726,0.355412511478514));
#7386=CARTESIAN_POINT('',(-0.344858095060549,0.314619541877302,0.355604777783768));
#7387=CARTESIAN_POINT('',(-0.34925,0.3175,0.353399031893464));
#7388=CARTESIAN_POINT('',(-0.345189647323801,0.314730839138471,0.355749536270741));
#7389=CARTESIAN_POINT('',(-0.344883812025279,0.314522259439543,0.355926581780142));
#7390=CARTESIAN_POINT('',(-0.34925,0.3175,0.353667367902997));
#7391=CARTESIAN_POINT('',(-0.34519447168294,0.314681376559727,0.355918404215025));
#7392=CARTESIAN_POINT('',(-0.344888999766477,0.314469071223215,0.35608795755617));
#7393=CARTESIAN_POINT('',(-0.34925,0.3175,0.354200949482839));
#7394=CARTESIAN_POINT('',(-0.345189290650152,0.3145740080915,0.356255756620666));
#7395=CARTESIAN_POINT('',(-0.344883428486133,0.314353615509827,0.356410529519604));
#7396=CARTESIAN_POINT('',(-0.34925,0.3175,0.354466195053149));
#7397=CARTESIAN_POINT('',(-0.345179284823512,0.314516101614325,0.356424242170286));
#7398=CARTESIAN_POINT('',(-0.344872668997134,0.314291347380809,0.356571726877243));
#7399=CARTESIAN_POINT('',(-0.34925,0.3175,0.354992933517569));
#7400=CARTESIAN_POINT('',(-0.345143836626858,0.314391874282284,0.356759603983656));
#7401=CARTESIAN_POINT('',(-0.344834550759064,0.314157762954395,0.356892673751845));
#7402=CARTESIAN_POINT('',(-0.34925,0.3175,0.355254426411679));
#7403=CARTESIAN_POINT('',(-0.345118393591438,0.314325552714257,0.356926481310713));
#7404=CARTESIAN_POINT('',(-0.344807191294468,0.314086445890121,0.357052424412204));
#7405=CARTESIAN_POINT('',(-0.34925,0.3175,0.355772997286723));
#7406=CARTESIAN_POINT('',(-0.345051437129954,0.314184559805548,0.35725723509709));
#7407=CARTESIAN_POINT('',(-0.344735191515071,0.313934833064434,0.357369031374412));
#7408=CARTESIAN_POINT('',(-0.34925,0.3175,0.356030075267658));
#7409=CARTESIAN_POINT('',(-0.34500992277724,0.314109887619123,0.357421112560741));
#7410=CARTESIAN_POINT('',(-0.344690550203821,0.313854536393574,0.357525888756239));
#7411=CARTESIAN_POINT('',(-0.34925,0.3175,0.356539154079374));
#7412=CARTESIAN_POINT('',(-0.344910186536419,0.313952317107703,0.357744278100378));
#7413=CARTESIAN_POINT('',(-0.344583301595132,0.31368509730121,0.35783505087164));
#7414=CARTESIAN_POINT('',(-0.34925,0.3175,0.356791154910156));
#7415=CARTESIAN_POINT('',(-0.344851963426978,0.31386941779944,0.357903567075292));
#7416=CARTESIAN_POINT('',(-0.344520692984362,0.313595953822375,0.357987356571854));
#7417=CARTESIAN_POINT('',(-0.34925,0.3175,0.357289417184591));
#7418=CARTESIAN_POINT('',(-0.344718201317215,0.313695603126474,0.358215741434539));
#7419=CARTESIAN_POINT('',(-0.344376855598377,0.313409047020071,0.358285514352338));
#7420=CARTESIAN_POINT('',(-0.34925,0.3175,0.357535678628244));
#7421=CARTESIAN_POINT('',(-0.344642660766608,0.313604686640252,0.358368627550804));
#7422=CARTESIAN_POINT('',(-0.344295625156106,0.313311282490608,0.358431367219671));
#7423=CARTESIAN_POINT('',(-0.34925,0.3175,0.358021799891445));
#7424=CARTESIAN_POINT('',(-0.344473725648788,0.313415165716001,0.358665931585635));
#7425=CARTESIAN_POINT('',(-0.3441139654485,0.313107486405289,0.35871444909746));
#7426=CARTESIAN_POINT('',(-0.34925,0.3175,0.358261659710993));
#7427=CARTESIAN_POINT('',(-0.344380329170283,0.313316560024289,0.358810349989653));
#7428=CARTESIAN_POINT('',(-0.344013534127911,0.31300145350132,0.358851678629935));
#7429=CARTESIAN_POINT('',(-0.34925,0.3175,0.363237459734032));
#7430=CARTESIAN_POINT('',(-0.342221564033053,0.31116459048063,0.361737314304224));
#7431=CARTESIAN_POINT('',(-0.341692165731103,0.31068739255815,0.361624319827651));
#7432=CARTESIAN_POINT('',(-0.34925,0.3175,0.366964654266667));
#7433=CARTESIAN_POINT('',(-0.339660009261406,0.308611099247177,0.365210401430346));
#7434=CARTESIAN_POINT('',(-0.338937668638741,0.307941566368613,0.365078266987192));
#7435=CARTESIAN_POINT('',(-0.34925,0.3175,0.3711979876));
#7436=CARTESIAN_POINT('',(-0.337351115073817,0.306309473245565,0.368340918398889));
#7437=CARTESIAN_POINT('',(-0.336454863118952,0.305466576491637,0.368125717237388));
#7438=CARTESIAN_POINT('',(-0.34925,0.3175,0.3584979876));
#7439=CARTESIAN_POINT('',(-0.3408144563552,0.309761912247983,0.363645142946075));
#7440=CARTESIAN_POINT('',(-0.344277797636584,0.313214351250402,0.358949367493262));
#7441=CARTESIAN_POINT('',(-0.340321809335292,0.312089079850936,0.355204327161357));
#7442=CARTESIAN_POINT('',(-0.32338018737376,0.302307829850936,0.355204327161357));
#7443=CARTESIAN_POINT('',(-0.306438565412226,0.292526579850935,0.355204327161357));
#7444=CARTESIAN_POINT('',(-0.306760691595761,0.291968640934605,0.357608709728156));
#7445=CARTESIAN_POINT('',(-0.315533951529219,0.294817908981848,0.364770856544924));
#7446=CARTESIAN_POINT('',(-0.315673713813574,0.294575833604362,0.365814056437317));
#7447=CARTESIAN_POINT('',(-0.313779158403424,0.297857299832498,0.351672902340445));
#7448=CARTESIAN_POINT('',(-0.313918920687779,0.297615224455012,0.352716102232837));
#7449=CARTESIAN_POINT('',(-0.3320349739152,0.308397299832498,0.351672902340445));
#7450=CARTESIAN_POINT('',(-0.332174736199555,0.308155224455012,0.352716102232837));
#7451=CARTESIAN_POINT('',(-0.340321809335292,0.312089079850936,0.355204327161357));
#7452=CARTESIAN_POINT('',(-0.340643935518827,0.311531140934606,0.357608709728156));
#7453=CARTESIAN_POINT('',(-0.333789767040995,0.305357908981848,0.364770856544924));
#7454=CARTESIAN_POINT('',(-0.33392952932535,0.305115833604362,0.365814056437317));
#7455=CARTESIAN_POINT('',(-0.34925,0.288925,0.3584979876));
#7456=CARTESIAN_POINT('',(-0.34925,0.2667,0.3584979876));
#7457=CARTESIAN_POINT('',(-0.34925,0.2667,0.3560087876));
#7458=CARTESIAN_POINT('',(-0.34925,0.2921,0.3584979876));
#7459=CARTESIAN_POINT('',(-0.34925,0.2921,0.3560087876));
#7460=CARTESIAN_POINT('',(-0.347789764772021,0.312468211123598,0.368378818082503));
#7461=CARTESIAN_POINT('',(-0.346294821742726,0.311474789534493,0.368100691937393));
#7462=CARTESIAN_POINT('',(-0.34418505923177,0.310056377063061,0.367699894682336));
#7463=CARTESIAN_POINT('',(-0.341294698178974,0.307884911784046,0.367216620372707));
#7464=CARTESIAN_POINT('',(-0.339906943826226,0.30668567522752,0.367039753751025));
#7465=CARTESIAN_POINT('',(-0.339134427825061,0.305892967620314,0.36704331195621));
#7466=CARTESIAN_POINT('',(-0.347617619060179,0.311339212282551,0.368371033539519));
#7467=CARTESIAN_POINT('',(-0.346010824469769,0.3104133147616,0.36808934337785));
#7468=CARTESIAN_POINT('',(-0.343741035252937,0.309089901012018,0.367688669265382));
#7469=CARTESIAN_POINT('',(-0.340593879967222,0.307093137364583,0.367171069158669));
#7470=CARTESIAN_POINT('',(-0.339053662049724,0.306016360590142,0.366947879960039));
#7471=CARTESIAN_POINT('',(-0.338179974193626,0.305324091449576,0.366861994879884));
#7472=CARTESIAN_POINT('',(-0.347289311381511,0.309079320226321,0.368360339194059));
#7473=CARTESIAN_POINT('',(-0.345463673962067,0.308285586574886,0.368075494887983));
#7474=CARTESIAN_POINT('',(-0.342881785915678,0.307149647682367,0.36767229074917));
#7475=CARTESIAN_POINT('',(-0.339263307904276,0.305464633369433,0.367126060380338));
#7476=CARTESIAN_POINT('',(-0.337468517464671,0.304576253109481,0.366868831795709));
#7477=CARTESIAN_POINT('',(-0.336429896036163,0.30402717179715,0.366734942490209));
#7478=CARTESIAN_POINT('',(-0.34697919631948,0.306817272003158,0.368354176340363));
#7479=CARTESIAN_POINT('',(-0.344939212940854,0.306152670036148,0.368068080772695));
#7480=CARTESIAN_POINT('',(-0.34205215107202,0.305201186878844,0.367663328182606));
#7481=CARTESIAN_POINT('',(-0.337992352994325,0.30379730625514,0.367106852046229));
#7482=CARTESIAN_POINT('',(-0.335970774070589,0.303062825014118,0.366838464963379));
#7483=CARTESIAN_POINT('',(-0.334796671884695,0.302613149313598,0.366690792171215));
#7484=CARTESIAN_POINT('',(-0.346826822145919,0.305685929863295,0.368351643591467));
#7485=CARTESIAN_POINT('',(-0.344680147979764,0.305085541812504,0.368065080843111));
#7486=CARTESIAN_POINT('',(-0.341641392929202,0.304225663881028,0.367659701245413));
#7487=CARTESIAN_POINT('',(-0.337363511402969,0.302959298032301,0.367099454999029));
#7488=CARTESIAN_POINT('',(-0.335230753254602,0.302298552119992,0.366827112474712));
#7489=CARTESIAN_POINT('',(-0.333990246244516,0.301895929945602,0.366674989708619));
#7490=CARTESIAN_POINT('',(-0.34675,0.311742704857974,0.368185453675937));
#7491=CARTESIAN_POINT('',(-0.34675,0.30971749848196,0.36826723018651));
#7492=CARTESIAN_POINT('',(-0.34675,0.30769097659716,0.368307171731701));
#7493=CARTESIAN_POINT('',(-0.34675,0.305664459231097,0.368341381470963));
#7494=CARTESIAN_POINT('',(-0.34675,0.311742704857974,0.368185453675937));
#7495=CARTESIAN_POINT('',(-0.34675,0.305664459231097,0.368341381470963));
#7496=CARTESIAN_POINT('',(-0.339394827228714,0.304841654614196,0.36723934332794));
#7497=CARTESIAN_POINT('',(-0.341848404012668,0.307154978715028,0.367430057570729));
#7498=CARTESIAN_POINT('',(-0.344302737892003,0.309454383287677,0.36775622582799));
#7499=CARTESIAN_POINT('',(-0.34675,0.311742704857974,0.368185453675937));
#7500=CARTESIAN_POINT('',(-0.339394827228714,0.304841654614197,0.367239343327936));
#7501=CARTESIAN_POINT('',(-0.339394827228714,0.304841654614195,0.367239343327941));
#7502=CARTESIAN_POINT('',(-0.337591613197272,0.303870187925022,0.367014329834077));
#7503=CARTESIAN_POINT('',(-0.335789524528996,0.302889608178621,0.366820870160445));
#7504=CARTESIAN_POINT('',(-0.333990246244516,0.301895929945602,0.366674989708619));
#7505=CARTESIAN_POINT('',(-0.333990246244516,0.301895929945602,0.366674989708619));
#7506=CARTESIAN_POINT('',(-0.34675,0.305664459231097,0.368341381470963));
#7507=CARTESIAN_POINT('',(-0.342482151896663,0.304471445010706,0.367771292600569));
#7508=CARTESIAN_POINT('',(-0.338217912797001,0.303268983129956,0.367192742018495));
#7509=CARTESIAN_POINT('',(-0.333990246244516,0.301895929945602,0.366674989708619));
#7510=CARTESIAN_POINT('',(-0.346785272899518,0.258466240852862,0.347291053044621));
#7511=CARTESIAN_POINT('',(-0.344764763532547,0.262474189329148,0.346172170756072));
#7512=CARTESIAN_POINT('',(-0.341733673207414,0.268485206005652,0.344491107870306));
#7513=CARTESIAN_POINT('',(-0.337692357681335,0.276498397289913,0.342243938266333));
#7514=CARTESIAN_POINT('',(-0.334661659912868,0.282507640175697,0.34055564869225));
#7515=CARTESIAN_POINT('',(-0.331631478464643,0.288516339925524,0.338864430534686));
#7516=CARTESIAN_POINT('',(-0.327592240738577,0.29652737664559,0.33660559003729));
#7517=CARTESIAN_POINT('',(-0.324564305231918,0.302535215029537,0.33490714870342));
#7518=CARTESIAN_POINT('',(-0.322546665779602,0.306540434552413,0.333773053759521));
#7519=CARTESIAN_POINT('',(-0.346910901155357,0.263373046371061,0.347395832774271));
#7520=CARTESIAN_POINT('',(-0.345015145965879,0.267027092573926,0.346403333865565));
#7521=CARTESIAN_POINT('',(-0.342170999783874,0.2725070664777,0.344911430236402));
#7522=CARTESIAN_POINT('',(-0.338378732578238,0.279811882437746,0.342915511437968));
#7523=CARTESIAN_POINT('',(-0.335534767388956,0.285289707663278,0.341415155024104));
#7524=CARTESIAN_POINT('',(-0.332691321017311,0.290766880765167,0.339911347447369));
#7525=CARTESIAN_POINT('',(-0.3289011493302,0.298069114345007,0.337901682652396));
#7526=CARTESIAN_POINT('',(-0.326060208753106,0.30354529326796,0.336389332659287));
#7527=CARTESIAN_POINT('',(-0.324167408799148,0.307196104923906,0.335378977267495));
#7528=CARTESIAN_POINT('',(-0.34711303571329,0.270732923105828,0.347559874645187));
#7529=CARTESIAN_POINT('',(-0.345403493840891,0.273855573453136,0.346756915971908));
#7530=CARTESIAN_POINT('',(-0.342838321042214,0.278538109558515,0.345548519603831));
#7531=CARTESIAN_POINT('',(-0.339417668791147,0.284779116526839,0.343928800979152));
#7532=CARTESIAN_POINT('',(-0.336852341155942,0.289458849790508,0.342709659088569));
#7533=CARTESIAN_POINT('',(-0.334287564384272,0.294137744521254,0.34148611224814));
#7534=CARTESIAN_POINT('',(-0.330869142784538,0.300375432205698,0.339848858396398));
#7535=CARTESIAN_POINT('',(-0.328307398113201,0.305053092620941,0.338614409427765));
#7536=CARTESIAN_POINT('',(-0.326601045543396,0.308171595664784,0.337788746462294));
#7537=CARTESIAN_POINT('',(-0.347456777791751,0.28054457253782,0.347798557125343));
#7538=CARTESIAN_POINT('',(-0.345992709127139,0.282956157313043,0.347250109115743));
#7539=CARTESIAN_POINT('',(-0.343794261122575,0.286570947252279,0.346421674376976));
#7540=CARTESIAN_POINT('',(-0.340860408948329,0.291386273398882,0.345303733304895));
#7541=CARTESIAN_POINT('',(-0.338659410114984,0.294995879225604,0.344458244446053));
#7542=CARTESIAN_POINT('',(-0.336458556042641,0.298603964655085,0.343605462432428));
#7543=CARTESIAN_POINT('',(-0.333525399458041,0.303413323284122,0.342458563009293));
#7544=CARTESIAN_POINT('',(-0.331328358780471,0.307019511040588,0.341587325114815));
#7545=CARTESIAN_POINT('',(-0.329866138239617,0.309424045283498,0.341001986580139));
#7546=CARTESIAN_POINT('',(-0.34775639435241,0.28749342795641,0.34797735394082));
#7547=CARTESIAN_POINT('',(-0.346464870534007,0.289399546606123,0.347611081559591));
#7548=CARTESIAN_POINT('',(-0.344523212714065,0.292254680536543,0.34705423609276));
#7549=CARTESIAN_POINT('',(-0.341928353546312,0.296054425955879,0.346293109256334));
#7550=CARTESIAN_POINT('',(-0.339980259600405,0.298901168990547,0.345712115407747));
#7551=CARTESIAN_POINT('',(-0.338031435804807,0.301745467700826,0.345120324478528));
#7552=CARTESIAN_POINT('',(-0.33543395211604,0.305535690051719,0.344316425074731));
#7553=CARTESIAN_POINT('',(-0.333489289048405,0.308377325272255,0.34369665605364));
#7554=CARTESIAN_POINT('',(-0.332196567852679,0.31027275188823,0.343276684014943));
#7555=CARTESIAN_POINT('',(-0.348097058163739,0.293623495126133,0.348137826317014));
#7556=CARTESIAN_POINT('',(-0.346957795658093,0.295081420677487,0.347935498295236));
#7557=CARTESIAN_POINT('',(-0.345241253293108,0.297261883725643,0.347623065448549));
#7558=CARTESIAN_POINT('',(-0.3429399646075,0.300157150929004,0.347180967412846));
#7559=CARTESIAN_POINT('',(-0.341209133771202,0.302323300867613,0.346834744818898));
#7560=CARTESIAN_POINT('',(-0.339475315440452,0.304485205154057,0.346472232746172));
#7561=CARTESIAN_POINT('',(-0.33716286243406,0.307364137059437,0.345965753309874));
#7562=CARTESIAN_POINT('',(-0.335432114900254,0.309522158493911,0.345559015022586));
#7563=CARTESIAN_POINT('',(-0.334284090571403,0.310963381522729,0.345277183923819));
#7564=CARTESIAN_POINT('',(-0.3484488886756,0.298526428515691,0.348256214556335));
#7565=CARTESIAN_POINT('',(-0.347433937459638,0.299623822227817,0.348188569422238));
#7566=CARTESIAN_POINT('',(-0.345899889364087,0.301260211595032,0.348077782939119));
#7567=CARTESIAN_POINT('',(-0.343831767988609,0.30342225666736,0.347897972163744));
#7568=CARTESIAN_POINT('',(-0.342270720110719,0.30503473334504,0.347743178698092));
#7569=CARTESIAN_POINT('',(-0.340702178512274,0.306639819481312,0.347564749123104));
#7570=CARTESIAN_POINT('',(-0.338605989027186,0.30877385097025,0.347291653410133));
#7571=CARTESIAN_POINT('',(-0.337036125920101,0.310373268036685,0.347044458316302));
#7572=CARTESIAN_POINT('',(-0.33599843952792,0.311445341162642,0.346863111414017));
#7573=CARTESIAN_POINT('',(-0.348814678100974,0.30261142298257,0.348330642014481));
#7574=CARTESIAN_POINT('',(-0.347908439373377,0.303406930683512,0.348377609361199));
#7575=CARTESIAN_POINT('',(-0.346533951250678,0.304586425830066,0.348439964131173));
#7576=CARTESIAN_POINT('',(-0.344665894721237,0.306127631577454,0.348486731675131));
#7577=CARTESIAN_POINT('',(-0.343247420026331,0.307268311035291,0.348496706677861));
#7578=CARTESIAN_POINT('',(-0.34181370757288,0.308396024103216,0.348474161115125));
#7579=CARTESIAN_POINT('',(-0.339888670359935,0.309888939286928,0.348392272652292));
#7580=CARTESIAN_POINT('',(-0.338442135527214,0.31100808980107,0.348264809636134));
#7581=CARTESIAN_POINT('',(-0.337490885082665,0.311767034341939,0.348154656785897));
#7582=CARTESIAN_POINT('',(-0.349190112747814,0.306083211479134,0.348357474720845));
#7583=CARTESIAN_POINT('',(-0.3483832735459,0.306621207257552,0.348502352473173));
#7584=CARTESIAN_POINT('',(-0.347156235064466,0.307409908177186,0.348714228852085));
#7585=CARTESIAN_POINT('',(-0.345472459412165,0.30841408801173,0.348959999564778));
#7586=CARTESIAN_POINT('',(-0.34418312970269,0.309142608286402,0.349115361229514));
#7587=CARTESIAN_POINT('',(-0.342867256570317,0.309848885413645,0.349228659539724));
#7588=CARTESIAN_POINT('',(-0.341084179052007,0.310771572377093,0.349306647809505));
#7589=CARTESIAN_POINT('',(-0.339732090671982,0.311464550173213,0.349264655417855));
#7590=CARTESIAN_POINT('',(-0.338848764266452,0.311953312390694,0.349199871882739));
#7591=CARTESIAN_POINT('',(-0.349576235766771,0.309146529337832,0.348327544267127));
#7592=CARTESIAN_POINT('',(-0.348865626137446,0.309457132155894,0.348555860895891));
#7593=CARTESIAN_POINT('',(-0.347784750341924,0.309900314027965,0.348895741472764));
#7594=CARTESIAN_POINT('',(-0.346290308027783,0.310423617500132,0.349315475312488));
#7595=CARTESIAN_POINT('',(-0.345135542731758,0.310777907406902,0.349599738063423));
#7596=CARTESIAN_POINT('',(-0.343940930030365,0.31109475720901,0.34983318179493));
#7597=CARTESIAN_POINT('',(-0.342295614064902,0.311482633122895,0.350046561845936));
#7598=CARTESIAN_POINT('',(-0.341019944065149,0.31177836186714,0.350057109811582));
#7599=CARTESIAN_POINT('',(-0.340190669398712,0.312030872349317,0.350014593982878));
#7600=CARTESIAN_POINT('',(-0.349913312683213,0.311597555888045,0.348252091940945));
#7601=CARTESIAN_POINT('',(-0.349285481756652,0.311726832131288,0.348541769621664));
#7602=CARTESIAN_POINT('',(-0.348333121082505,0.311894836352903,0.34897454625595));
#7603=CARTESIAN_POINT('',(-0.347015456618308,0.312033407700465,0.349518853268084));
#7604=CARTESIAN_POINT('',(-0.345992512057664,0.31208577265921,0.349894962345751));
#7605=CARTESIAN_POINT('',(-0.344921918826072,0.312084136637955,0.350212791253664));
#7606=CARTESIAN_POINT('',(-0.343418942583157,0.312027911510074,0.350517166388803));
#7607=CARTESIAN_POINT('',(-0.342209166103313,0.312000172723341,0.350548348338523));
#7608=CARTESIAN_POINT('',(-0.341417606036152,0.312077388119452,0.350518744142864));
#7609=CARTESIAN_POINT('',(-0.350288851889769,0.314253500670054,0.348118460399596));
#7610=CARTESIAN_POINT('',(-0.349753635228353,0.314187533285131,0.348467742709407));
#7611=CARTESIAN_POINT('',(-0.348946535839686,0.314060001779522,0.348988247736324));
#7612=CARTESIAN_POINT('',(-0.347836817479861,0.313788804145625,0.349642396241739));
#7613=CARTESIAN_POINT('',(-0.346974921768091,0.313521639644492,0.350095013785204));
#7614=CARTESIAN_POINT('',(-0.346063081118658,0.31318553937574,0.35047847782827));
#7615=CARTESIAN_POINT('',(-0.344751016754427,0.312666010097531,0.350848006501492));
#7616=CARTESIAN_POINT('',(-0.343626235335426,0.312315281370337,0.350894761565217));
#7617=CARTESIAN_POINT('',(-0.342871251020089,0.312221044938166,0.350899962477442));
#7618=CARTESIAN_POINT('',(-0.350545190745819,0.316093070099735,0.347977421175943));
#7619=CARTESIAN_POINT('',(-0.350074149926086,0.315893508946123,0.34836100758002));
#7620=CARTESIAN_POINT('',(-0.349367879408475,0.315564689574589,0.348928907301432));
#7621=CARTESIAN_POINT('',(-0.348404583650265,0.315022128931119,0.349631170996657));
#7622=CARTESIAN_POINT('',(-0.347657944114325,0.314550052972991,0.35011005155512));
#7623=CARTESIAN_POINT('',(-0.346862678286873,0.314010014680113,0.350509687618807));
#7624=CARTESIAN_POINT('',(-0.345695951905932,0.313226385641488,0.350892215254828));
#7625=CARTESIAN_POINT('',(-0.344642325098681,0.312706791050695,0.350977274525926));
#7626=CARTESIAN_POINT('',(-0.343916705243441,0.312500979554543,0.35104757095166));
#7627=CARTESIAN_POINT('',(-0.350701571402228,0.317319971949306,0.347865476055131));
#7628=CARTESIAN_POINT('',(-0.350270597936172,0.317032347873247,0.348269707168949));
#7629=CARTESIAN_POINT('',(-0.3496261532135,0.316571457354087,0.348864944010879));
#7630=CARTESIAN_POINT('',(-0.348747211497102,0.315856662985015,0.349592740689271));
#7631=CARTESIAN_POINT('',(-0.34806341037035,0.31525984857103,0.350085325706331));
#7632=CARTESIAN_POINT('',(-0.347328554288639,0.314603252839554,0.350497127094262));
#7633=CARTESIAN_POINT('',(-0.346236293228877,0.313680344340654,0.350906117859754));
#7634=CARTESIAN_POINT('',(-0.34523487330405,0.313063549537231,0.351054310907194));
#7635=CARTESIAN_POINT('',(-0.344541609899682,0.312775001516285,0.351181143312468));
#7636=CARTESIAN_POINT('',(-0.331912037445411,0.308212006825159,0.342383117915879));
#7637=CARTESIAN_POINT('',(-0.332880432107602,0.308500716106801,0.343257043889534));
#7638=CARTESIAN_POINT('',(-0.334831074697051,0.3090925790408,0.344984061441349));
#7639=CARTESIAN_POINT('',(-0.337334692598226,0.309900141782562,0.347045792234639));
#7640=CARTESIAN_POINT('',(-0.339409607615662,0.310629548037051,0.348560158294002));
#7641=CARTESIAN_POINT('',(-0.341019272660424,0.311241980024228,0.349584422860374));
#7642=CARTESIAN_POINT('',(-0.342689670222293,0.311935197183184,0.350460914066816));
#7643=CARTESIAN_POINT('',(-0.343850478982395,0.312483723806005,0.350854146787842));
#7644=CARTESIAN_POINT('',(-0.344411070525123,0.31272018842075,0.351135959198669));
#7645=CARTESIAN_POINT('',(-0.344411070525123,0.31272018842075,0.351135959198669));
#7646=CARTESIAN_POINT('',(-0.34675,0.313638795903537,0.350262409208343));
#7647=CARTESIAN_POINT('',(-0.346371291061662,0.313481460355569,0.350433226598825));
#7648=CARTESIAN_POINT('',(-0.345598759401073,0.313171270819298,0.350739213131303));
#7649=CARTESIAN_POINT('',(-0.34479860469246,0.312868946682678,0.350979577560827));
#7650=CARTESIAN_POINT('',(-0.344411070525123,0.31272018842075,0.35113595919867));
#7651=CARTESIAN_POINT('',(-0.34675,0.313638795903537,0.350262409208343));
#7652=CARTESIAN_POINT('',(-0.34675,0.26261402068217,0.347302467180177));
#7653=CARTESIAN_POINT('',(-0.34675,0.266886912010061,0.34733715315096));
#7654=CARTESIAN_POINT('',(-0.34675,0.273296097558467,0.347399639955723));
#7655=CARTESIAN_POINT('',(-0.34675,0.281841260663272,0.347527929105704));
#7656=CARTESIAN_POINT('',(-0.346750000000001,0.288249435055373,0.347659469106966));
#7657=CARTESIAN_POINT('',(-0.346749999999999,0.29358867185205,0.347816421738776));
#7658=CARTESIAN_POINT('',(-0.346750000000001,0.297857773583267,0.347994041439506));
#7659=CARTESIAN_POINT('',(-0.34675,0.301057334184813,0.348165039374429));
#7660=CARTESIAN_POINT('',(-0.34675,0.304255641365284,0.348391201687924));
#7661=CARTESIAN_POINT('',(-0.34675,0.307440485253207,0.34870888253941));
#7662=CARTESIAN_POINT('',(-0.34675,0.310077164344639,0.349096901476906));
#7663=CARTESIAN_POINT('',(-0.34675,0.312155737770437,0.349604788273857));
#7664=CARTESIAN_POINT('',(-0.34675,0.31318131623761,0.349974234969844));
#7665=CARTESIAN_POINT('',(-0.34675,0.313638795903536,0.350262409208343));
#7666=CARTESIAN_POINT('',(-0.348109508363492,0.306043333033444,0.368523097130898));
#7667=CARTESIAN_POINT('',(-0.34509921755972,0.305206670805251,0.368120011900485));
#7668=CARTESIAN_POINT('',(-0.339084544666188,0.303507240885957,0.367320814442633));
#7669=CARTESIAN_POINT('',(-0.333105616805143,0.301660363923655,0.366543284114922));
#7670=CARTESIAN_POINT('',(-0.330149219586407,0.300566422839597,0.366241331539653));
#7671=CARTESIAN_POINT('',(-0.347984965093038,0.304400603257341,0.368519868318555));
#7672=CARTESIAN_POINT('',(-0.344765100000586,0.303689347068193,0.368116563431986));
#7673=CARTESIAN_POINT('',(-0.338329219091021,0.302245142466966,0.367313078131744));
#7674=CARTESIAN_POINT('',(-0.331913903950072,0.300681158470412,0.366529626769406));
#7675=CARTESIAN_POINT('',(-0.32872126971296,0.299787643225749,0.36618136141959));
#7676=CARTESIAN_POINT('',(-0.34777955476825,0.301583998844428,0.368515951778654));
#7677=CARTESIAN_POINT('',(-0.344202382422586,0.301086757661284,0.36811212344866));
#7678=CARTESIAN_POINT('',(-0.337049843628627,0.300074847130375,0.367306331988355));
#7679=CARTESIAN_POINT('',(-0.329905656865109,0.298974761760357,0.366514186960418));
#7680=CARTESIAN_POINT('',(-0.326338469087773,0.298356948463773,0.366140797573267));
#7681=CARTESIAN_POINT('',(-0.347385031615475,0.295949790660464,0.368510839814698));
#7682=CARTESIAN_POINT('',(-0.343096368889423,0.295878281892956,0.368106464592784));
#7683=CARTESIAN_POINT('',(-0.334518788441829,0.295723224407774,0.367298429141444));
#7684=CARTESIAN_POINT('',(-0.325939234599002,0.295517003844315,0.366497531895022));
#7685=CARTESIAN_POINT('',(-0.321647499900825,0.295385933210675,0.366102645840082));
#7686=CARTESIAN_POINT('',(-0.347117127149683,0.29195818498862,0.368508939352558));
#7687=CARTESIAN_POINT('',(-0.342326379213458,0.292186600951778,0.368104425631343));
#7688=CARTESIAN_POINT('',(-0.332744253866383,0.292633382310458,0.367296154861068));
#7689=CARTESIAN_POINT('',(-0.323159515470265,0.293040017580701,0.36649307733904));
#7690=CARTESIAN_POINT('',(-0.318365747553347,0.293221214196515,0.366097006416372));
#7691=CARTESIAN_POINT('',(-0.346930435911597,0.289140432726325,0.368507832087851));
#7692=CARTESIAN_POINT('',(-0.341785469034926,0.289580219781912,0.368103254883093));
#7693=CARTESIAN_POINT('',(-0.331494690129773,0.290450964102666,0.367294693872104));
#7694=CARTESIAN_POINT('',(-0.321200533208916,0.291288060706838,0.36649039499529));
#7695=CARTESIAN_POINT('',(-0.316051638760877,0.291689619206109,0.366091800098861));
#7696=CARTESIAN_POINT('',(-0.333990246244515,0.301895929945602,0.366674989708619));
#7697=CARTESIAN_POINT('',(-0.33128484063662,0.300401829401377,0.366455642987294));
#7698=CARTESIAN_POINT('',(-0.325889538833047,0.297357037063949,0.366228796293809));
#7699=CARTESIAN_POINT('',(-0.320509900683529,0.294277674844788,0.366142909990877));
#7700=CARTESIAN_POINT('',(-0.317821313130789,0.292735844389595,0.366109211685004));
#7701=CARTESIAN_POINT('',(-0.34675,0.305664459231097,0.368341381470963));
#7702=CARTESIAN_POINT('',(-0.34675,0.300174329442578,0.368434060621768));
#7703=CARTESIAN_POINT('',(-0.34675,0.294683394140783,0.368465109085785));
#7704=CARTESIAN_POINT('',(-0.34675,0.289192572554372,0.368493453714945));
#7705=CARTESIAN_POINT('',(-0.347860988185692,0.31419132207916,0.347941738956917));
#7706=CARTESIAN_POINT('',(-0.346458934552599,0.313595489930648,0.349193694348672));
#7707=CARTESIAN_POINT('',(-0.345053436788801,0.31300041856887,0.3504423558273));
#7708=CARTESIAN_POINT('',(-0.343643720158952,0.312406984375601,0.351687300112241));
#7709=CARTESIAN_POINT('',(-0.348071571230499,0.314249541927432,0.348812594446668));
#7710=CARTESIAN_POINT('',(-0.346776937968833,0.313681686476236,0.349908663062081));
#7711=CARTESIAN_POINT('',(-0.34547649015249,0.313115223646523,0.350999029315992));
#7712=CARTESIAN_POINT('',(-0.344168413523296,0.312552050859208,0.352082656228015));
#7713=CARTESIAN_POINT('',(-0.348368773239538,0.314302117875781,0.350198014142464));
#7714=CARTESIAN_POINT('',(-0.347200787759815,0.313746991060603,0.351076510658676));
#7715=CARTESIAN_POINT('',(-0.346018718912364,0.313195219324197,0.351941782157463));
#7716=CARTESIAN_POINT('',(-0.344818460614207,0.312653283410794,0.352792399932588));
#7717=CARTESIAN_POINT('',(-0.348724648244373,0.314329162558419,0.352127745985263));
#7718=CARTESIAN_POINT('',(-0.347669365747924,0.313741200738507,0.35275152999078));
#7719=CARTESIAN_POINT('',(-0.34659034953224,0.313154292656383,0.353345775026232));
#7720=CARTESIAN_POINT('',(-0.345462806935071,0.312595294793408,0.353898059949571));
#7721=CARTESIAN_POINT('',(-0.34895352447826,0.314329366157347,0.353602737157841));
#7722=CARTESIAN_POINT('',(-0.347956212239756,0.313695150649799,0.35405845881589));
#7723=CARTESIAN_POINT('',(-0.346935470723813,0.31305753814482,0.354474451560396));
#7724=CARTESIAN_POINT('',(-0.345842139817376,0.312459340113139,0.354818805287275));
#7725=CARTESIAN_POINT('',(-0.349100840452996,0.314300052628308,0.35500712323884));
#7726=CARTESIAN_POINT('',(-0.348127230481691,0.313602631557951,0.355330097804613));
#7727=CARTESIAN_POINT('',(-0.347139004342862,0.31289925767586,0.355613490295664));
#7728=CARTESIAN_POINT('',(-0.34607339470295,0.312234187924554,0.355797824532755));
#7729=CARTESIAN_POINT('',(-0.349146056362574,0.314233080547638,0.356237653327171));
#7730=CARTESIAN_POINT('',(-0.348158415846859,0.313461309616182,0.356464065732111));
#7731=CARTESIAN_POINT('',(-0.347164120508184,0.312684740635943,0.356659282618669));
#7732=CARTESIAN_POINT('',(-0.346111357268016,0.311935826488694,0.356749570738318));
#7733=CARTESIAN_POINT('',(-0.349117938673009,0.314148024748198,0.357162136378324));
#7734=CARTESIAN_POINT('',(-0.348092668661863,0.313305828053423,0.357323841409179));
#7735=CARTESIAN_POINT('',(-0.347064522181958,0.312460610614719,0.357462683609044));
#7736=CARTESIAN_POINT('',(-0.345999349547167,0.311632982286395,0.357508295270018));
#7737=CARTESIAN_POINT('',(-0.349061087632402,0.314065371762265,0.357829984134955));
#7738=CARTESIAN_POINT('',(-0.347991850976824,0.313163573752748,0.357947680230335));
#7739=CARTESIAN_POINT('',(-0.346921375664243,0.312259991390131,0.358049008907844));
#7740=CARTESIAN_POINT('',(-0.345829072134593,0.31136694488601,0.35807444268313));
#7741=CARTESIAN_POINT('',(-0.349003982430834,0.313997735822512,0.358290371306933));
#7742=CARTESIAN_POINT('',(-0.347895832720281,0.313050360533345,0.358376979083408));
#7743=CARTESIAN_POINT('',(-0.346787136247164,0.312101941328144,0.358451476629051));
#7744=CARTESIAN_POINT('',(-0.345665658815589,0.311159839842627,0.358465084835196));
#7745=CARTESIAN_POINT('',(-0.34894354075395,0.313934671279113,0.358668829030646));
#7746=CARTESIAN_POINT('',(-0.34779696976943,0.312946832041385,0.358731775319765));
#7747=CARTESIAN_POINT('',(-0.346650200181928,0.31195844420288,0.3587867096589));
#7748=CARTESIAN_POINT('',(-0.345497089082066,0.310973173568432,0.358797439178441));
#7749=CARTESIAN_POINT('',(-0.348877502345993,0.313868436647383,0.359017314298378));
#7750=CARTESIAN_POINT('',(-0.347689065589214,0.312839008970757,0.359039663657221));
#7751=CARTESIAN_POINT('',(-0.346500280787724,0.311809441002765,0.359052873605519));
#7752=CARTESIAN_POINT('',(-0.345306646909573,0.31078352191736,0.359030501391338));
#7753=CARTESIAN_POINT('',(-0.348797823006502,0.313787850857432,0.359443027190858));
#7754=CARTESIAN_POINT('',(-0.347559112472822,0.312707811665631,0.359425304707913));
#7755=CARTESIAN_POINT('',(-0.346320171062164,0.311627960369918,0.359399514513585));
#7756=CARTESIAN_POINT('',(-0.345078512768882,0.310550995190933,0.359347256218379));
#7757=CARTESIAN_POINT('',(-0.348680939671739,0.31367035993881,0.360036410646281));
#7758=CARTESIAN_POINT('',(-0.347368883551482,0.312517068606858,0.359962033850733));
#7759=CARTESIAN_POINT('',(-0.346056663186649,0.311364246968691,0.359880284962017));
#7760=CARTESIAN_POINT('',(-0.344742901681649,0.310213997717333,0.359780248075754));
#7761=CARTESIAN_POINT('',(-0.348517738836821,0.313506383770326,0.360835428976403));
#7762=CARTESIAN_POINT('',(-0.347104047941973,0.312251466805658,0.360693776237466));
#7763=CARTESIAN_POINT('',(-0.34569031983868,0.310997153853051,0.360546527425081));
#7764=CARTESIAN_POINT('',(-0.344276017566833,0.309744619235547,0.360388119127703));
#7765=CARTESIAN_POINT('',(-0.348296094212039,0.313284311745295,0.361864325946523));
#7766=CARTESIAN_POINT('',(-0.346745572572994,0.311892869953949,0.361645071812312));
#7767=CARTESIAN_POINT('',(-0.34519504073198,0.310502013770448,0.361421818708364));
#7768=CARTESIAN_POINT('',(-0.343644227494649,0.30911240874484,0.361192213440542));
#7769=CARTESIAN_POINT('',(-0.348005017551408,0.312993057280288,0.363154302780965));
#7770=CARTESIAN_POINT('',(-0.346276310935638,0.311423849404557,0.362852012909739));
#7771=CARTESIAN_POINT('',(-0.344547586827711,0.309855109668785,0.362547321898031));
#7772=CARTESIAN_POINT('',(-0.342818736441174,0.30828710831938,0.362239432839321));
#7773=CARTESIAN_POINT('',(-0.347435001964002,0.312423453718729,0.365572674862867));
#7774=CARTESIAN_POINT('',(-0.345360123970977,0.310509043266515,0.365138469364613));
#7775=CARTESIAN_POINT('',(-0.343285181211466,0.308594889508753,0.364703483994233));
#7776=CARTESIAN_POINT('',(-0.341210137291961,0.306681033236998,0.364267755469321));
#7777=CARTESIAN_POINT('',(-0.346941947725955,0.311931435215295,0.367565207415641));
#7778=CARTESIAN_POINT('',(-0.344571059608046,0.309721888866888,0.367044466093482));
#7779=CARTESIAN_POINT('',(-0.342200144870106,0.307512562481314,0.366522858655831));
#7780=CARTESIAN_POINT('',(-0.339829178152908,0.305303520855954,0.366000193806254));
#7781=CARTESIAN_POINT('',(-0.346590367821426,0.311580654193112,0.369045831001438));
#7782=CARTESIAN_POINT('',(-0.344008972308071,0.309161232496368,0.368439579839456));
#7783=CARTESIAN_POINT('',(-0.341427605717618,0.306742044581695,0.36783224453024));
#7784=CARTESIAN_POINT('',(-0.338846245630085,0.304323177824495,0.367223565110328));
#7785=CARTESIAN_POINT('',(-0.34675,0.313638795903537,0.350262409208343));
#7786=CARTESIAN_POINT('',(-0.34675,0.313580043546882,0.351011346760155));
#7787=CARTESIAN_POINT('',(-0.346749999999999,0.313416522859921,0.352501450737361));
#7788=CARTESIAN_POINT('',(-0.346750000000002,0.312958962232241,0.354701888817783));
#7789=CARTESIAN_POINT('',(-0.346749999999999,0.312423069866806,0.356507972155423));
#7790=CARTESIAN_POINT('',(-0.346750000000001,0.312113214248256,0.357976337662309));
#7791=CARTESIAN_POINT('',(-0.346749999999999,0.311985853848555,0.359483745553994));
#7792=CARTESIAN_POINT('',(-0.34675,0.311902739567972,0.361375159263127));
#7793=CARTESIAN_POINT('',(-0.34675,0.311829881222094,0.363644560297611));
#7794=CARTESIAN_POINT('',(-0.34675,0.311779226314834,0.365914921767348));
#7795=CARTESIAN_POINT('',(-0.34675,0.311753792707207,0.367428578944664));
#7796=CARTESIAN_POINT('',(-0.34675,0.311742704857974,0.368185453675937));
#7797=CARTESIAN_POINT('',(-0.344411070525123,0.31272018842075,0.351135959198669));
#7798=CARTESIAN_POINT('',(-0.345013523786145,0.312881347802599,0.35173927697808));
#7799=CARTESIAN_POINT('',(-0.345968368703584,0.312982905254028,0.353192803007787));
#7800=CARTESIAN_POINT('',(-0.346362434687829,0.312682036754584,0.354900562421757));
#7801=CARTESIAN_POINT('',(-0.346388099629438,0.312443270625257,0.355720158115896));
#7802=CARTESIAN_POINT('',(-0.346388099629434,0.312443270625255,0.355720158115895));
#7803=CARTESIAN_POINT('',(-0.346388099629434,0.312443270625256,0.355720158115893));
#7804=CARTESIAN_POINT('',(-0.346415249284079,0.312145537111334,0.356733109905276));
#7805=CARTESIAN_POINT('',(-0.346167244372,0.311699698748526,0.35771129867963));
#7806=CARTESIAN_POINT('',(-0.345710589516204,0.311197060648458,0.358483720995195));
#7807=CARTESIAN_POINT('',(-0.345710589516205,0.311197060648459,0.358483720995193));
#7808=CARTESIAN_POINT('',(-0.339394827228714,0.304841654614197,0.367239343327936));
#7809=CARTESIAN_POINT('',(-0.3399263199402,0.3053728246522,0.366514353679209));
#7810=CARTESIAN_POINT('',(-0.340989240637731,0.306435165651033,0.365064250619821));
#7811=CARTESIAN_POINT('',(-0.342578574243297,0.308027115431316,0.36288472492992));
#7812=CARTESIAN_POINT('',(-0.343904824150213,0.309354596323465,0.361069055258491));
#7813=CARTESIAN_POINT('',(-0.34494193801029,0.310408940649592,0.359596641637298));
#7814=CARTESIAN_POINT('',(-0.345479773400139,0.310943002309711,0.358874141717932));
#7815=CARTESIAN_POINT('',(-0.345710589516204,0.311197060648458,0.358483720995194));
#7816=CARTESIAN_POINT('',(-0.324587594656621,0.300216539091592,0.354557279548602));
#7817=CARTESIAN_POINT('',(-0.307645972695087,0.290435289091591,0.354557279548602));
#7818=CARTESIAN_POINT('',(-0.305490262259987,0.289190689091592,0.354557279548602));
#7819=CARTESIAN_POINT('',(-0.307645972695087,0.290435289091591,0.354557279548602));
#7820=CARTESIAN_POINT('',(-0.334997174323857,0.303266618222503,0.364123808932168));
#7821=CARTESIAN_POINT('',(-0.334061866887769,0.302726618222503,0.364123808932168));
#7822=CARTESIAN_POINT('',(-0.341529216618154,0.309997789091592,0.354557279548602));
#7823=CARTESIAN_POINT('',(-0.339373506183054,0.308753189091592,0.354557279548602));
#7824=CARTESIAN_POINT('',(-0.333242381198061,0.306306009073153,0.351025854727689));
#7825=CARTESIAN_POINT('',(-0.332307073761974,0.305766009073153,0.351025854727689));
#7826=CARTESIAN_POINT('',(-0.314986565686285,0.295766009073153,0.351025854727689));
#7827=CARTESIAN_POINT('',(-0.314051258250198,0.295226009073153,0.351025854727689));
#7828=CARTESIAN_POINT('',(-0.31674135881208,0.292726618222503,0.364123808932168));
#7829=CARTESIAN_POINT('',(-0.315806051375993,0.292186618222503,0.364123808932168));
#7830=CARTESIAN_POINT('',(-0.34675,0.288925,0.3584979876));
#7831=CARTESIAN_POINT('',(-0.34675,0.2667,0.3584979876));
#7832=CARTESIAN_POINT('',(-0.34675,0.2667,0.3560087876));
#7833=CARTESIAN_POINT('',(-0.34675,0.2921,0.3584979876));
#7834=CARTESIAN_POINT('',(-0.34675,0.2921,0.3560087876));
#7835=CARTESIAN_POINT('',(-0.34675,0.2921,0.3584979876));
#7836=CARTESIAN_POINT('',(-0.34675,0.2667,0.3584979876));
#7837=CARTESIAN_POINT('',(-0.325795001939482,0.298125248332247,0.353910231935845));
#7838=CARTESIAN_POINT('',(-0.317948766094942,0.290635327463159,0.363476761319412));
#7839=CARTESIAN_POINT('',(-0.317948766094942,0.290635327463159,0.363476761319412));
#7840=CARTESIAN_POINT('',(-0.336204581606718,0.301175327463159,0.363476761319412));
#7841=CARTESIAN_POINT('',(-0.342736623901015,0.307906498332246,0.353910231935845));
#7842=CARTESIAN_POINT('',(-0.334449788480923,0.304214718313808,0.350378807114932));
#7843=CARTESIAN_POINT('',(-0.316193972969146,0.293674718313808,0.350378807114932));
#7844=CARTESIAN_POINT('',(-0.317948766094942,0.290635327463159,0.363476761319412));
#7845=CARTESIAN_POINT('',(-0.308853379977949,0.288343998332246,0.353910231935845));
#7846=CARTESIAN_POINT('',(-0.758486752378514,-0.49044384744407,0.112952433886217));
#7847=CARTESIAN_POINT('',(0.,0.,0.));
#7848=CARTESIAN_POINT('',(-0.0195625,-0.58293,0.211186));
#7849=CARTESIAN_POINT('',(-0.34675,0.2921,0.3584979876));
#7850=CARTESIAN_POINT('',(0.0195625,-0.59088,0.211186));
#7851=CARTESIAN_POINT('',(-0.0174752,-0.58293,0.18161));
#7852=CARTESIAN_POINT('',(0.00443038270957203,0.303611325831729,0.342824022399001));
#7853=CARTESIAN_POINT('',(0.0108172080536067,0.307037790773981,0.34401692088448));
#7854=CARTESIAN_POINT('',(0.0171526885470715,0.310585354485088,0.345085495906045));
#7855=CARTESIAN_POINT('',(0.023494188238214,0.314136914315136,0.346092459530663));
#7856=CARTESIAN_POINT('',(0.00786418511730339,0.303271638169651,0.346065498960248));
#7857=CARTESIAN_POINT('',(0.0126821953496507,0.307666228910203,0.347226957622324));
#7858=CARTESIAN_POINT('',(0.0185722517686412,0.310804164951378,0.34823486423701));
#7859=CARTESIAN_POINT('',(0.0239468019017965,0.31425157916523,0.349586343535383));
#7860=CARTESIAN_POINT('',(0.0151242173139431,0.310789575041896,0.346864833388086));
#7861=CARTESIAN_POINT('',(0.0201842196729288,0.309515695369184,0.350495839885806));
#7862=CARTESIAN_POINT('',(0.0220015258720047,0.312548792406726,0.35378785414382));
#7863=CARTESIAN_POINT('',(0.0252536983020363,0.314771643143523,0.35576419417822));
#7864=CARTESIAN_POINT('',(0.0190634327258058,0.305778946724799,0.355310805678513));
#7865=CARTESIAN_POINT('',(0.0206620322663676,0.309679470375022,0.358485389696705));
#7866=CARTESIAN_POINT('',(0.0235006135020487,0.312128332881559,0.361600546796767));
#7867=CARTESIAN_POINT('',(0.0258163324185953,0.314938834582052,0.365168080738067));
#7868=CARTESIAN_POINT('',(0.0159351736700984,0.304168144467094,0.356608582289208));
#7869=CARTESIAN_POINT('',(0.0191049525919876,0.307638466141807,0.360888430917585));
#7870=CARTESIAN_POINT('',(0.0222716869675832,0.311106788100557,0.365172117909448));
#7871=CARTESIAN_POINT('',(0.0254366825188341,0.314573724626816,0.369458192541754));
#7872=CARTESIAN_POINT('',(0.0205,0.309151419467453,0.361907300594856));
#7873=CARTESIAN_POINT('',(0.0205349761108423,0.309190037335155,0.362019952808282));
#7874=CARTESIAN_POINT('',(0.0205657868314255,0.309224331408967,0.362134229080413));
#7875=CARTESIAN_POINT('',(0.0205922385411106,0.309254236178113,0.362250176987105));
#7876=CARTESIAN_POINT('',(0.0205,0.309151419467453,0.361907300594857));
#7877=CARTESIAN_POINT('',(0.0205921443790302,0.309254223396593,0.362250127433419));
#7878=CARTESIAN_POINT('',(0.0205,0.309151419467453,0.361907300594857));
#7879=CARTESIAN_POINT('',(0.0205,0.309151688908585,0.361985885585913));
#7880=CARTESIAN_POINT('',(0.0205000000000001,0.309152290226383,0.362064486800424));
#7881=CARTESIAN_POINT('',(0.0205000000000001,0.309153209302377,0.362143103548222));
#7882=CARTESIAN_POINT('',(0.0204999999847547,0.309153335311736,0.362143184488079));
#7883=CARTESIAN_POINT('',(0.0180334102671059,0.306460120401755,0.359297951365332));
#7884=CARTESIAN_POINT('',(0.0188659009085892,0.307366937653031,0.360280811598595));
#7885=CARTESIAN_POINT('',(0.0196974173271943,0.30827423629267,0.36121187833255));
#7886=CARTESIAN_POINT('',(0.020500043571209,0.309153257021479,0.362143154168234));
#7887=CARTESIAN_POINT('',(0.0180332879980383,0.306459999640131,0.359298138474971));
#7888=CARTESIAN_POINT('',(0.0180332879980389,0.306459999640132,0.359298138474972));
#7889=CARTESIAN_POINT('',(0.0184341495108468,0.306858654680248,0.358757682896923));
#7890=CARTESIAN_POINT('',(0.0190253005939058,0.307590234260321,0.357496283462806));
#7891=CARTESIAN_POINT('',(0.019151247141469,0.308353735496394,0.355263628133451));
#7892=CARTESIAN_POINT('',(0.0184997625414159,0.308675621260247,0.353007590176575));
#7893=CARTESIAN_POINT('',(0.0176316081567458,0.308577858453022,0.351703566400409));
#7894=CARTESIAN_POINT('',(0.0171254831147718,0.308465569397837,0.351122048146085));
#7895=CARTESIAN_POINT('',(0.0171254831147707,0.308465569397836,0.351122048146084));
#7896=CARTESIAN_POINT('',(0.0107199631865349,0.306547458113892,0.345368618359831));
#7897=CARTESIAN_POINT('',(0.0117662659560764,0.306844589103701,0.346360703452281));
#7898=CARTESIAN_POINT('',(0.0138002710595562,0.307382078601585,0.348419015281105));
#7899=CARTESIAN_POINT('',(0.0161744328660326,0.308254569101453,0.350029327899991));
#7900=CARTESIAN_POINT('',(0.0171254831147708,0.308465569397838,0.351122048146084));
#7901=CARTESIAN_POINT('',(0.0107199631865345,0.306547458113892,0.345368618359832));
#7902=CARTESIAN_POINT('',(0.0107199631865345,0.306547458113892,0.345368618359832));
#7903=CARTESIAN_POINT('',(0.0127784362175438,0.307897415742236,0.345459099153643));
#7904=CARTESIAN_POINT('',(0.016996461248104,0.310427648256995,0.345705374987748));
#7905=CARTESIAN_POINT('',(0.0212616137917124,0.312869906784467,0.346026332903904));
#7906=CARTESIAN_POINT('',(0.0234,0.314079394181948,0.346195262503754));
#7907=CARTESIAN_POINT('',(0.0234,0.314079394181948,0.346195262503754));
#7908=CARTESIAN_POINT('',(0.0234,0.314079394181948,0.346195262503754));
#7909=CARTESIAN_POINT('',(0.0234,0.314014107211561,0.347817262855214));
#7910=CARTESIAN_POINT('',(0.0233999999999999,0.313850826316159,0.351059358493332));
#7911=CARTESIAN_POINT('',(0.0234000000000003,0.313373396708823,0.355906673529168));
#7912=CARTESIAN_POINT('',(0.0233999999999999,0.312500499911369,0.360704110327413));
#7913=CARTESIAN_POINT('',(0.0233999999999996,0.312339807326593,0.363939756885007));
#7914=CARTESIAN_POINT('',(0.0233999999999996,0.312334920574399,0.365562131929957));
#7915=CARTESIAN_POINT('',(0.0234,0.312334920574399,0.365562131929956));
#7916=CARTESIAN_POINT('',(0.0205922074116184,0.309254202079655,0.362250140834181));
#7917=CARTESIAN_POINT('',(0.0215523565358992,0.310305924906175,0.363365212382736));
#7918=CARTESIAN_POINT('',(0.022485166831488,0.311330346287465,0.364462023636725));
#7919=CARTESIAN_POINT('',(0.0233999981586263,0.312334918535506,0.365562135323032));
#7920=CARTESIAN_POINT('',(0.0205792367547977,0.309250021171961,0.362214138854174));
#7921=CARTESIAN_POINT('',(0.0212732095545636,0.310050168187454,0.36294233432366));
#7922=CARTESIAN_POINT('',(0.0226100648064401,0.311654189257802,0.364434707158896));
#7923=CARTESIAN_POINT('',(0.0238884118825618,0.313217837361546,0.366003293038649));
#7924=CARTESIAN_POINT('',(0.0245230879308331,0.313985943146311,0.366801768417368));
#7925=CARTESIAN_POINT('',(0.0199162450304717,0.307891784512921,0.362783276119382));
#7926=CARTESIAN_POINT('',(0.0206672582024251,0.308554107949811,0.363430800388616));
#7927=CARTESIAN_POINT('',(0.0221141124896363,0.309880529029416,0.364773670247172));
#7928=CARTESIAN_POINT('',(0.0235034094965706,0.311155331737979,0.366204898144805));
#7929=CARTESIAN_POINT('',(0.0241947174576805,0.311776783504041,0.366934804170301));
#7930=CARTESIAN_POINT('',(0.0191894219874928,0.306536490426378,0.363310281023669));
#7931=CARTESIAN_POINT('',(0.0199989244407534,0.307063421138866,0.363883309483384));
#7932=CARTESIAN_POINT('',(0.0215622556469268,0.308113694644049,0.365092368349387));
#7933=CARTESIAN_POINT('',(0.0230721557890419,0.309097278156397,0.366397045113568));
#7934=CARTESIAN_POINT('',(0.0238244877697883,0.309571072915918,0.36706205979825));
#7935=CARTESIAN_POINT('',(0.0183907317434333,0.305225822507778,0.363859290987465));
#7936=CARTESIAN_POINT('',(0.0192643241596479,0.305608705689186,0.364364243453929));
#7937=CARTESIAN_POINT('',(0.0209600364797367,0.306366120063823,0.365444711783808));
#7938=CARTESIAN_POINT('',(0.0226035549715687,0.307049496571622,0.366619476817351));
#7939=CARTESIAN_POINT('',(0.0234219177295312,0.307372554327737,0.367217786920427));
#7940=CARTESIAN_POINT('',(0.0205921129863244,0.309254219136061,0.362250110913042));
#7941=CARTESIAN_POINT('',(0.0210086426662711,0.309495130852231,0.363184125675075));
#7942=CARTESIAN_POINT('',(0.0218621786105402,0.309349225209733,0.365167870082107));
#7943=CARTESIAN_POINT('',(0.0229560280791477,0.308191438999278,0.366651448004932));
#7944=CARTESIAN_POINT('',(0.0234,0.30740005389238,0.367193690066729));
#7945=CARTESIAN_POINT('',(0.0234,0.307400053892398,0.367193690066716));
#7946=CARTESIAN_POINT('',(0.0234,0.307400053892403,0.367193690066723));
#7947=CARTESIAN_POINT('',(0.0234,0.309094364127914,0.366815103270136));
#7948=CARTESIAN_POINT('',(0.0234,0.310783162579261,0.36634326837348));
#7949=CARTESIAN_POINT('',(0.0234,0.3123349205744,0.365562131929956));
#7950=CARTESIAN_POINT('',(0.0180799094322853,0.306503336028394,0.359246982647094));
#7951=CARTESIAN_POINT('',(0.0189271672853732,0.307427775989889,0.360099025961192));
#7952=CARTESIAN_POINT('',(0.0203355106529324,0.30906742952694,0.361547005405065));
#7953=CARTESIAN_POINT('',(0.0229523456703698,0.312396178911428,0.364547650730964));
#7954=CARTESIAN_POINT('',(0.0246713481474002,0.314689863172626,0.366822862359398));
#7955=CARTESIAN_POINT('',(0.0258860299289093,0.316255220031184,0.368471647538738));
#7956=CARTESIAN_POINT('',(0.0174033649923939,0.305870363122296,0.359940882534514));
#7957=CARTESIAN_POINT('',(0.0183067080714524,0.306666046319185,0.36071290249797));
#7958=CARTESIAN_POINT('',(0.0198071680676682,0.30809492500634,0.362026537081025));
#7959=CARTESIAN_POINT('',(0.022591186401038,0.311005092654546,0.364790839433888));
#7960=CARTESIAN_POINT('',(0.0244273640699088,0.312986044344533,0.366921569048937));
#7961=CARTESIAN_POINT('',(0.0257290222931746,0.314325539259373,0.368465389961256));
#7962=CARTESIAN_POINT('',(0.0163380917208218,0.304911102219894,0.360937939260411));
#7963=CARTESIAN_POINT('',(0.0173246609876959,0.305514428618869,0.361587370552726));
#7964=CARTESIAN_POINT('',(0.0189621942153691,0.306634352939225,0.362701290506898));
#7965=CARTESIAN_POINT('',(0.0220022142986359,0.308924627926987,0.365136348962936));
#7966=CARTESIAN_POINT('',(0.0240262812475784,0.310432505927179,0.367064061250512));
#7967=CARTESIAN_POINT('',(0.0254644285697585,0.311432129004171,0.368454114463681));
#7968=CARTESIAN_POINT('',(0.0147875523424024,0.303707294550004,0.362221819839585));
#7969=CARTESIAN_POINT('',(0.0158761905309297,0.304053144801944,0.362717115910765));
#7970=CARTESIAN_POINT('',(0.0176975165041394,0.304749851647942,0.36359353861835));
#7971=CARTESIAN_POINT('',(0.021124077829776,0.306174287526806,0.365630839734921));
#7972=CARTESIAN_POINT('',(0.0234307896372133,0.307036088784248,0.367285398692496));
#7973=CARTESIAN_POINT('',(0.0250633859020659,0.307577932342284,0.36846835392663));
#7974=CARTESIAN_POINT('',(0.0135740110580461,0.302868064612734,0.363190091262703));
#7975=CARTESIAN_POINT('',(0.0147343035252353,0.3030187436883,0.363579158330375));
#7976=CARTESIAN_POINT('',(0.0166940524346463,0.303382212961702,0.364293634299529));
#7977=CARTESIAN_POINT('',(0.020431354237999,0.304123841962159,0.366037071307201));
#7978=CARTESIAN_POINT('',(0.0229621202812714,0.304493535012427,0.367477101850535));
#7979=CARTESIAN_POINT('',(0.0247451565352386,0.304689267826658,0.368501080849548));
#7980=CARTESIAN_POINT('',(0.0123451075071361,0.302100197595854,0.364194933570271));
#7981=CARTESIAN_POINT('',(0.013573672510299,0.302051567190116,0.364488787850442));
#7982=CARTESIAN_POINT('',(0.0156693850165969,0.302061234459201,0.365052136014731));
#7983=CARTESIAN_POINT('',(0.0197230848498924,0.302084676465128,0.366489661534688));
#7984=CARTESIAN_POINT('',(0.0224827932808412,0.301955624673483,0.367700991053773));
#7985=CARTESIAN_POINT('',(0.0244181696341909,0.30180248795824,0.368560532813903));
#7986=CARTESIAN_POINT('',(0.0107378644941975,0.301149861548559,0.365607131542855));
#7987=CARTESIAN_POINT('',(0.0120556823235372,0.300828686533574,0.365784883089802));
#7988=CARTESIAN_POINT('',(0.0143245974411225,0.30034548233599,0.366151269180124));
#7989=CARTESIAN_POINT('',(0.0187842557619159,0.299378135899513,0.367157094839949));
#7990=CARTESIAN_POINT('',(0.0218454818164542,0.298576797587836,0.368044601014599));
#7991=CARTESIAN_POINT('',(0.0239826355823861,0.297955544588985,0.36867704641602));
#7992=CARTESIAN_POINT('',(0.00960306479079689,0.30047782876089,0.36674570679624));
#7993=CARTESIAN_POINT('',(0.0109877354351709,0.2999461733234,0.366841345695451));
#7994=CARTESIAN_POINT('',(0.013376753178685,0.299083363857718,0.367058216603956));
#7995=CARTESIAN_POINT('',(0.018110238992079,0.297357945540452,0.367720412591282));
#7996=CARTESIAN_POINT('',(0.0213846725670774,0.296046556330487,0.368348996383652));
#7997=CARTESIAN_POINT('',(0.0236683249801998,0.295072042515882,0.368803561808677));
#7998=CARTESIAN_POINT('',(0.00888101222215582,0.300020485099606,0.367523930789554));
#7999=CARTESIAN_POINT('',(0.0103108227906478,0.299348275745203,0.367562904862342));
#8000=CARTESIAN_POINT('',(0.0127785049293339,0.29823598738968,0.367677534072116));
#8001=CARTESIAN_POINT('',(0.0176841887269948,0.296011521867845,0.368110384336117));
#8002=CARTESIAN_POINT('',(0.0210927737174473,0.294360007759773,0.368565291375379));
#8003=CARTESIAN_POINT('',(0.023470781158534,0.29314988713688,0.368899911093006));
#8004=CARTESIAN_POINT('',(0.0234,0.303702680317746,0.367866195330594));
#8005=CARTESIAN_POINT('',(0.0230429953134189,0.303219721341491,0.367747561687867));
#8006=CARTESIAN_POINT('',(0.0221249013859429,0.302499079048481,0.367421197591584));
#8007=CARTESIAN_POINT('',(0.0210528429937635,0.302038712084351,0.367086299570598));
#8008=CARTESIAN_POINT('',(0.0205,0.301849337306736,0.366927958190665));
#8009=CARTESIAN_POINT('',(0.0234,0.303702680317746,0.367866195330594));
#8010=CARTESIAN_POINT('',(0.0205,0.301849337306736,0.366927958190664));
#8011=CARTESIAN_POINT('',(0.0234,0.293329267935387,0.368880768209236));
#8012=CARTESIAN_POINT('',(0.0234,0.296798463890506,0.368658238587799));
#8013=CARTESIAN_POINT('',(0.0234,0.300262527993536,0.368376496558558));
#8014=CARTESIAN_POINT('',(0.0234,0.303702680317746,0.367866195330594));
#8015=CARTESIAN_POINT('',(0.0234,0.293329267935387,0.368880768209237));
#8016=CARTESIAN_POINT('',(0.0233999999999982,0.293329267935386,0.368880768209236));
#8017=CARTESIAN_POINT('',(0.0191989166109741,0.295567539316664,0.368263450577302));
#8018=CARTESIAN_POINT('',(0.0149604461131223,0.297740791352866,0.367659721006332));
#8019=CARTESIAN_POINT('',(0.0106547096265483,0.299786445759203,0.367098789000165));
#8020=CARTESIAN_POINT('',(0.0106547096265483,0.299786445759203,0.367098789000165));
#8021=CARTESIAN_POINT('',(0.0180331638219064,0.306459969814656,0.359298003156605));
#8022=CARTESIAN_POINT('',(0.0168386283020688,0.305355850876204,0.360637538037544));
#8023=CARTESIAN_POINT('',(0.014371485955344,0.303129425919841,0.363229706322006));
#8024=CARTESIAN_POINT('',(0.0118632624782062,0.300893892261237,0.365774655961936));
#8025=CARTESIAN_POINT('',(0.0106546513536453,0.299786432106082,0.367098724389028));
#8026=CARTESIAN_POINT('',(0.0204999999999999,0.30915337733018,0.362143211466065));
#8027=CARTESIAN_POINT('',(0.0204999999999999,0.308844020586151,0.362830479850423));
#8028=CARTESIAN_POINT('',(0.0205,0.307906440100878,0.364045993849303));
#8029=CARTESIAN_POINT('',(0.0205000000000004,0.30538648128685,0.365742689985522));
#8030=CARTESIAN_POINT('',(0.0205,0.303282015129768,0.366499681116966));
#8031=CARTESIAN_POINT('',(0.0205,0.301849337306736,0.366927958190664));
#8032=CARTESIAN_POINT('',(-0.0214618341763602,0.28454331324601,0.354330260397889));
#8033=CARTESIAN_POINT('',(-0.0168488822973395,0.282359810838462,0.353627799219118));
#8034=CARTESIAN_POINT('',(-0.00894686369992301,0.278631972864074,0.352352668846478));
#8035=CARTESIAN_POINT('',(0.00687822609517564,0.271282654523502,0.34965948841329));
#8036=CARTESIAN_POINT('',(0.0181153282648028,0.266173278687603,0.347670683335268));
#8037=CARTESIAN_POINT('',(0.026058037403067,0.262592396078052,0.346263486882338));
#8038=CARTESIAN_POINT('',(-0.020309378477768,0.286202860517263,0.35265420190957));
#8039=CARTESIAN_POINT('',(-0.0158149582956771,0.284331756477001,0.352125078911356));
#8040=CARTESIAN_POINT('',(-0.00811644612942111,0.281139168666625,0.351138406555434));
#8041=CARTESIAN_POINT('',(0.00730257198075613,0.274872313441966,0.349007960558498));
#8042=CARTESIAN_POINT('',(0.0182523909018857,0.270539631338596,0.347412776679931));
#8043=CARTESIAN_POINT('',(0.0259917928340245,0.267508501287465,0.346284652828709));
#8044=CARTESIAN_POINT('',(-0.0180382344926615,0.289536624180335,0.349291198278716));
#8045=CARTESIAN_POINT('',(-0.0137780724101343,0.288287938936179,0.349112947241505));
#8046=CARTESIAN_POINT('',(-0.00648190228468883,0.286160528267158,0.348706320604061));
#8047=CARTESIAN_POINT('',(0.00813323456678028,0.282052717993359,0.347702221206509));
#8048=CARTESIAN_POINT('',(0.0185126069439119,0.2792727006375,0.346893781873085));
#8049=CARTESIAN_POINT('',(0.0258474927441388,0.277340699116076,0.346323945835955));
#8050=CARTESIAN_POINT('',(-0.0158662657804082,0.292882081259844,0.345866223132688));
#8051=CARTESIAN_POINT('',(-0.0118332513273797,0.292260544747381,0.34605283468856));
#8052=CARTESIAN_POINT('',(-0.00492178748447893,0.291192481288448,0.346243498121942));
#8053=CARTESIAN_POINT('',(0.00891876975974163,0.289234659260622,0.346378957020606));
#8054=CARTESIAN_POINT('',(0.0187395479035127,0.288006213775377,0.346359712321238));
#8055=CARTESIAN_POINT('',(0.0256756712967889,0.287172880637573,0.346350287398307));
#8056=CARTESIAN_POINT('',(-0.0148053804756215,0.294543767304867,0.344124671327966));
#8057=CARTESIAN_POINT('',(-0.0108864908956874,0.2942421892108,0.34449642335479));
#8058=CARTESIAN_POINT('',(-0.00416326597925021,0.293707728701642,0.34499397319545));
#8059=CARTESIAN_POINT('',(0.00929896769527964,0.292825771628844,0.345708215624304));
#8060=CARTESIAN_POINT('',(0.0188440610811815,0.292372894161541,0.346085766774232));
#8061=CARTESIAN_POINT('',(0.0255824347853914,0.292088971901254,0.346357828504433));
#8062=CARTESIAN_POINT('',(-0.00942163232141037,0.283805498732082,0.350377431213684));
#8063=CARTESIAN_POINT('',(-0.00893638109100243,0.284177334632254,0.350081129815409));
#8064=CARTESIAN_POINT('',(-0.00844552809535215,0.284549373859462,0.349794624290069));
#8065=CARTESIAN_POINT('',(-0.00794858530923209,0.284921634127539,0.349518768053133));
#8066=CARTESIAN_POINT('',(-0.00942163232141054,0.283805498732082,0.350377431213684));
#8067=CARTESIAN_POINT('',(-0.00794858530923171,0.284921634127539,0.349518768053133));
#8068=CARTESIAN_POINT('',(-0.00942163232141059,0.283805498732082,0.350377431213684));
#8069=CARTESIAN_POINT('',(-0.00963924066186237,0.283992109233033,0.350352142248595));
#8070=CARTESIAN_POINT('',(-0.0100384498391146,0.284389284313835,0.350277212305113));
#8071=CARTESIAN_POINT('',(-0.0105433001171716,0.285057618937678,0.350090372581847));
#8072=CARTESIAN_POINT('',(-0.0108425137042342,0.285675697272061,0.349857086389811));
#8073=CARTESIAN_POINT('',(-0.0108971947255654,0.28620198177045,0.349598240793756));
#8074=CARTESIAN_POINT('',(-0.0107091484333483,0.286557063650552,0.349366945781865));
#8075=CARTESIAN_POINT('',(-0.010279103966455,0.286649417458213,0.349221061222824));
#8076=CARTESIAN_POINT('',(-0.00971317010417069,0.286522266535841,0.349161544804819));
#8077=CARTESIAN_POINT('',(-0.00908223975373614,0.286162783769606,0.349202910644561));
#8078=CARTESIAN_POINT('',(-0.00844713500730593,0.285592231702022,0.349332424156804));
#8079=CARTESIAN_POINT('',(-0.00810198190322606,0.285155890775774,0.349450947479893));
#8080=CARTESIAN_POINT('',(-0.00794858530923176,0.28492163412754,0.349518768053133));
#8081=CARTESIAN_POINT('',(-0.0113899112907994,0.279890919950902,0.352695431832716));
#8082=CARTESIAN_POINT('',(-0.0123062997305497,0.281468588501345,0.352360604195405));
#8083=CARTESIAN_POINT('',(-0.0144414242995974,0.284387084618844,0.351718863408352));
#8084=CARTESIAN_POINT('',(-0.0173745247401205,0.286724444175523,0.351185236487532));
#8085=CARTESIAN_POINT('',(-0.0190519226908103,0.287569434807884,0.35115145854638));
#8086=CARTESIAN_POINT('',(-0.0113899112907998,0.279890919950902,0.352695431832717));
#8087=CARTESIAN_POINT('',(-0.0190519226908102,0.287569434807884,0.35115145854638));
#8088=CARTESIAN_POINT('',(-0.0113899112907999,0.279890919950902,0.352695431832716));
#8089=CARTESIAN_POINT('',(-0.00777095422287111,0.278697788254276,0.351898290977734));
#8090=CARTESIAN_POINT('',(-0.000517261914867212,0.276195532240526,0.350520022815454));
#8091=CARTESIAN_POINT('',(0.00672203234844454,0.273579942781184,0.349314515516636));
#8092=CARTESIAN_POINT('',(0.0103402560266794,0.272259459291328,0.348729444628303));
#8093=CARTESIAN_POINT('',(0.0103402560266795,0.272259459291328,0.348729444628303));
#8094=CARTESIAN_POINT('',(0.0255183377571232,0.271715152170777,0.3463489938));
#8095=CARTESIAN_POINT('',(0.0242608979512638,0.271374147305603,0.346498936949554));
#8096=CARTESIAN_POINT('',(0.0217333909095851,0.270886679722947,0.34683973725379));
#8097=CARTESIAN_POINT('',(0.0178569453622391,0.270713166912978,0.347453142576207));
#8098=CARTESIAN_POINT('',(0.0140266142789999,0.271135965568228,0.348110312739688));
#8099=CARTESIAN_POINT('',(0.0115586356736468,0.271814807342949,0.34853243125219));
#8100=CARTESIAN_POINT('',(0.0103402560266795,0.272259459291328,0.348729444628303));
#8101=CARTESIAN_POINT('',(0.0255183377571232,0.271715152170777,0.3463489938));
#8102=CARTESIAN_POINT('',(0.0255183377571232,0.271715152170777,0.3463489938));
#8103=CARTESIAN_POINT('',(0.0254825523447973,0.276951363645194,0.3463489938));
#8104=CARTESIAN_POINT('',(0.025443296139537,0.282187551273549,0.3463489938));
#8105=CARTESIAN_POINT('',(0.0254000000000006,0.28742370573247,0.3463489938));
#8106=CARTESIAN_POINT('',(0.0253999999999995,0.28742370573247,0.3463489938));
#8107=CARTESIAN_POINT('',(0.0254000000000005,0.287423705732471,0.3463489938));
#8108=CARTESIAN_POINT('',(0.0253926170108406,0.2883158047876,0.3463489938));
#8109=CARTESIAN_POINT('',(0.0253851224521505,0.289207902930251,0.3463489938));
#8110=CARTESIAN_POINT('',(0.025377503977157,0.2901,0.3463489938));
#8111=CARTESIAN_POINT('',(0.0253775039771562,0.2901,0.3463489938));
#8112=CARTESIAN_POINT('',(0.0253775039771562,0.2901,0.3463489938));
#8113=CARTESIAN_POINT('',(0.0247183522556121,0.2901,0.3463341552689));
#8114=CARTESIAN_POINT('',(0.0240591848568755,0.2901,0.34632005085637));
#8115=CARTESIAN_POINT('',(0.0234,0.2901,0.346306763959099));
#8116=CARTESIAN_POINT('',(0.0234,0.2901,0.346306763959099));
#8117=CARTESIAN_POINT('',(0.0234,0.292166456120611,0.346270979487652));
#8118=CARTESIAN_POINT('',(0.0234,0.291477638146401,0.34628295035521));
#8119=CARTESIAN_POINT('',(0.0234,0.290788819455748,0.346294879494389));
#8120=CARTESIAN_POINT('',(0.0234,0.2901,0.346306763959099));
#8121=CARTESIAN_POINT('',(0.0233999999999987,0.292166456120611,0.346270979487651));
#8122=CARTESIAN_POINT('',(0.0233999999999988,0.292166456120615,0.346270979487652));
#8123=CARTESIAN_POINT('',(0.0116998245951712,0.29257498976806,0.34580513448535));
#8124=CARTESIAN_POINT('',(-3.90010819358631E-8,0.29303211447052,0.34534502537739));
#8125=CARTESIAN_POINT('',(-0.0116819712705788,0.293777933011426,0.34483779348864));
#8126=CARTESIAN_POINT('',(-0.0116819712705788,0.293777933011426,0.34483779348864));
#8127=CARTESIAN_POINT('',(-0.0190519226908099,0.287569434807884,0.35115145854638));
#8128=CARTESIAN_POINT('',(-0.0167861432598294,0.289605376574222,0.348799193293905));
#8129=CARTESIAN_POINT('',(-0.0144026772787793,0.291671165632345,0.346570066170026));
#8130=CARTESIAN_POINT('',(-0.0116819712705789,0.293777933011426,0.34483779348864));
#8131=CARTESIAN_POINT('',(-0.0148419404680059,0.281123647960554,0.353080043643696));
#8132=CARTESIAN_POINT('',(0.0104185333678359,0.272069706284589,0.350397631398183));
#8133=CARTESIAN_POINT('',(-0.0148229179949477,0.281180631999665,0.352857202226944));
#8134=CARTESIAN_POINT('',(0.0104256151472449,0.272090920581678,0.350098060671257));
#8135=CARTESIAN_POINT('',(-0.0147962241225794,0.281241316068592,0.352636732301641));
#8136=CARTESIAN_POINT('',(0.0104355528727501,0.272113512343983,0.34979941706359));
#8137=CARTESIAN_POINT('',(-0.014733121786004,0.281359339284518,0.352236907933974));
#8138=CARTESIAN_POINT('',(0.0104590449195754,0.272157450604679,0.349253002062912));
#8139=CARTESIAN_POINT('',(-0.0146989589481403,0.281415651111272,0.352056641365214));
#8140=CARTESIAN_POINT('',(0.0104717632281252,0.27217841464726,0.349004768188527));
#8141=CARTESIAN_POINT('',(-0.0146199168843181,0.281532941977442,0.351701371648447));
#8142=CARTESIAN_POINT('',(0.0105011893946549,0.272222080265204,0.348511285222671));
#8143=CARTESIAN_POINT('',(-0.0145750372701359,0.281593921443811,0.351526367844941));
#8144=CARTESIAN_POINT('',(0.0105178973971646,0.272244781999514,0.348266035887168));
#8145=CARTESIAN_POINT('',(-0.0144243216893453,0.281783484748602,0.351010696226308));
#8146=CARTESIAN_POINT('',(0.010574006531523,0.272315353554772,0.347535961995964));
#8147=CARTESIAN_POINT('',(-0.0143024137254646,0.281918701313965,0.350679334077595));
#8148=CARTESIAN_POINT('',(0.0106193910252088,0.27236569263978,0.347056798851173));
#8149=CARTESIAN_POINT('',(-0.0141590274623157,0.282061636210381,0.350364709682415));
#8150=CARTESIAN_POINT('',(0.0106727715653093,0.272418905142863,0.346588553963175));
#8151=CARTESIAN_POINT('',(-0.0113899112907996,0.279890919950902,0.352695431832717));
#8152=CARTESIAN_POINT('',(-0.0115234706540484,0.280113603800778,0.352020116973923));
#8153=CARTESIAN_POINT('',(-0.012337854044319,0.280823365253986,0.350979445911692));
#8154=CARTESIAN_POINT('',(-0.0134389502556089,0.281610040282028,0.350510560292222));
#8155=CARTESIAN_POINT('',(-0.0140118033574057,0.282004465868082,0.3503423214074));
#8156=CARTESIAN_POINT('',(-0.0140118033574127,0.28200446586807,0.350342321407408));
#8157=CARTESIAN_POINT('',(0.000205873191341542,0.276483430875329,0.348180248472042));
#8158=CARTESIAN_POINT('',(0.00987263751971218,0.272729614705673,0.346710229833258));
#8159=CARTESIAN_POINT('',(0.00987263751971214,0.272729614705673,0.346710229833258));
#8160=CARTESIAN_POINT('',(0.0100678003101465,0.272537271419023,0.347360436130227));
#8161=CARTESIAN_POINT('',(0.0102178555017184,0.272384048178139,0.348045629813689));
#8162=CARTESIAN_POINT('',(0.0103402560266795,0.272259459291328,0.348729444628302));
#8163=CARTESIAN_POINT('',(-0.0146891431241909,0.287150274902891,0.368884622508881));
#8164=CARTESIAN_POINT('',(-0.0145416320411561,0.287075026544753,0.36889313471352));
#8165=CARTESIAN_POINT('',(0.0101901395779936,0.274458854458452,0.370320294603867));
#8166=CARTESIAN_POINT('',(-0.0178484818349786,0.286298392315146,0.365759070320203));
#8167=CARTESIAN_POINT('',(-0.0176893457223577,0.286226278524457,0.365762617744978));
#8168=CARTESIAN_POINT('',(0.00899148335658071,0.274135649364858,0.366357380508251));
#8169=CARTESIAN_POINT('',(-0.0213535446452931,0.285353288845591,0.362287706915385));
#8170=CARTESIAN_POINT('',(-0.0211815113846925,0.285284652635752,0.362289530618856));
#8171=CARTESIAN_POINT('',(0.00766165907098556,0.273777076176807,0.362595293526932));
#8172=CARTESIAN_POINT('',(-0.0243074566531323,0.28455679741635,0.359369357613173));
#8173=CARTESIAN_POINT('',(-0.0241245542462863,0.284491091957935,0.359362566304283));
#8174=CARTESIAN_POINT('',(0.00654094194318516,0.273474886543355,0.358223932535175));
#8175=CARTESIAN_POINT('',(-0.0244400377687697,0.284525099905771,0.359225342224798));
#8176=CARTESIAN_POINT('',(-0.0242566475195197,0.284459511080783,0.359218147900266));
#8177=CARTESIAN_POINT('',(0.00649064053721117,0.273462860476594,0.358011944355281));
#8178=CARTESIAN_POINT('',(-0.0246895533744764,0.284473367912428,0.358928837941357));
#8179=CARTESIAN_POINT('',(-0.0245052450133796,0.284407969439284,0.358920843865434));
#8180=CARTESIAN_POINT('',(0.00639597407042852,0.273443233307321,0.357580553658396));
#8181=CARTESIAN_POINT('',(-0.0248064899134527,0.28445333239748,0.358776348559047));
#8182=CARTESIAN_POINT('',(-0.024621751275374,0.284388007646554,0.35876795774917));
#8183=CARTESIAN_POINT('',(0.00635160823226251,0.273435631813198,0.357361150956545));
#8184=CARTESIAN_POINT('',(-0.0250247018181471,0.284424291490596,0.358464966429301));
#8185=CARTESIAN_POINT('',(-0.0248391602525952,0.284359073597919,0.358455783389922));
#8186=CARTESIAN_POINT('',(0.00626881842050375,0.273424613664497,0.356916151058495));
#8187=CARTESIAN_POINT('',(-0.0251259789367202,0.284415285313945,0.358306072947229));
#8188=CARTESIAN_POINT('',(-0.0249400647142272,0.284350100560187,0.358296494415009));
#8189=CARTESIAN_POINT('',(0.00623039378187607,0.273421196712198,0.356690553583574));
#8190=CARTESIAN_POINT('',(-0.0253129952638558,0.284407668424497,0.35798370127098));
#8191=CARTESIAN_POINT('',(-0.0251263929004146,0.284342511697668,0.357973328875372));
#8192=CARTESIAN_POINT('',(0.00615943960299635,0.273418306856832,0.356234288567129));
#8193=CARTESIAN_POINT('',(-0.0253987359400207,0.284409057143535,0.357820222174553));
#8194=CARTESIAN_POINT('',(-0.0252118180871723,0.284343895306809,0.35780945141172));
#8195=CARTESIAN_POINT('',(0.00612690950593448,0.273418833738204,0.356003620683291));
#8196=CARTESIAN_POINT('',(-0.0255548922004186,0.284421613804497,0.357490271282499));
#8197=CARTESIAN_POINT('',(-0.0253673997586092,0.284356405764571,0.357478697625343));
#8198=CARTESIAN_POINT('',(0.00606766366679752,0.273423597747751,0.355538253289275));
#8199=CARTESIAN_POINT('',(-0.025625308984829,0.284432781365385,0.357323798478834));
#8200=CARTESIAN_POINT('',(-0.0254375574390497,0.28436753223356,0.357311820298288));
#8201=CARTESIAN_POINT('',(0.00604094746937394,0.273427834731362,0.355303553396647));
#8202=CARTESIAN_POINT('',(-0.0257510798922678,0.284464312012022,0.356989254426623));
#8203=CARTESIAN_POINT('',(-0.0255628655627689,0.28439894686076,0.356976458484917));
#8204=CARTESIAN_POINT('',(0.00599322986310415,0.273439797489779,0.35483108539551));
#8205=CARTESIAN_POINT('',(-0.025806434969124,0.284484674877281,0.356821182110846));
#8206=CARTESIAN_POINT('',(-0.0256180169563657,0.284419234799292,0.356807972935297));
#8207=CARTESIAN_POINT('',(0.00597222809237475,0.273447523180933,0.354593316882093));
#8208=CARTESIAN_POINT('',(-0.0259023622784747,0.284534053899288,0.356484666829274));
#8209=CARTESIAN_POINT('',(-0.0257135912938096,0.284468432127393,0.356470620529656));
#8210=CARTESIAN_POINT('',(0.00593583317663999,0.273466257630561,0.354115611894958));
#8211=CARTESIAN_POINT('',(-0.0259429352399643,0.284563069973105,0.356316222771199));
#8212=CARTESIAN_POINT('',(-0.0257540149639693,0.284497341434336,0.356301752585372));
#8213=CARTESIAN_POINT('',(0.00592043975505319,0.273477266357572,0.353875675006827));
#8214=CARTESIAN_POINT('',(-0.0260095703633413,0.284629259108273,0.35598005785692));
#8215=CARTESIAN_POINT('',(-0.0258204048982888,0.284563287021494,0.355964727793144));
#8216=CARTESIAN_POINT('',(0.0058951583235537,0.273502378580705,0.353394482707747));
#8217=CARTESIAN_POINT('',(-0.0260356330493322,0.284666432205195,0.355812335907767));
#8218=CARTESIAN_POINT('',(-0.0258463716846236,0.284600323337149,0.35579656985627));
#8219=CARTESIAN_POINT('',(0.00588527011479566,0.273516482090323,0.353153226882131));
#8220=CARTESIAN_POINT('',(-0.0260924232357568,0.284789512374613,0.3553117440261));
#8221=CARTESIAN_POINT('',(-0.0259029529071928,0.284722950623625,0.355294650237292));
#8222=CARTESIAN_POINT('',(0.00586372386208125,0.273563178827936,0.352428698254456));
#8223=CARTESIAN_POINT('',(-0.0261017772481977,0.284886961590692,0.354981463111762));
#8224=CARTESIAN_POINT('',(-0.0259122725008261,0.284820041267825,0.354963457743826));
#8225=CARTESIAN_POINT('',(0.0058601749405398,0.273600151156583,0.351944670012455));
#8226=CARTESIAN_POINT('',(-0.0260649337487137,0.285109557871186,0.354335047879758));
#8227=CARTESIAN_POINT('',(-0.02587556456983,0.285041818488197,0.354315160431381));
#8228=CARTESIAN_POINT('',(0.00587415340056507,0.273684604404843,0.350980822283854));
#8229=CARTESIAN_POINT('',(-0.0260187361043385,0.285234714997526,0.354018881288589));
#8230=CARTESIAN_POINT('',(-0.0258295369132376,0.285166515089273,0.353998023457651));
#8231=CARTESIAN_POINT('',(0.00589168083238359,0.273732089141959,0.350500990552653));
#8232=CARTESIAN_POINT('',(-0.0259082982525558,0.285441272014821,0.353560560443043));
#8233=CARTESIAN_POINT('',(-0.0257195054260178,0.285372312064149,0.353538198729177));
#8234=CARTESIAN_POINT('',(0.00593358106222183,0.273810457077948,0.349789024165777));
#8235=CARTESIAN_POINT('',(-0.0258646226799549,0.285513264022263,0.35341044398575));
#8236=CARTESIAN_POINT('',(-0.0256759905610429,0.285444039171466,0.353387572917533));
#8237=CARTESIAN_POINT('',(0.00595015161752286,0.273837770916543,0.349552999784472));
#8238=CARTESIAN_POINT('',(-0.0257635711393668,0.285663214847813,0.353116485289455));
#8239=CARTESIAN_POINT('',(-0.0255753108473643,0.28559343824143,0.353092578436175));
#8240=CARTESIAN_POINT('',(0.00598849067164066,0.273894662407581,0.349084345134127));
#8241=CARTESIAN_POINT('',(-0.025706194675054,0.285741174211763,0.352972642212425));
#8242=CARTESIAN_POINT('',(-0.0255181455041613,0.285671110747909,0.352948208931518));
#8243=CARTESIAN_POINT('',(0.00601025935876382,0.273924240267118,0.348851714547138));
#8244=CARTESIAN_POINT('',(-0.0255135119325615,0.285983521932227,0.352552078857357));
#8245=CARTESIAN_POINT('',(-0.0253261717526278,0.285912566731311,0.352526038822592));
#8246=CARTESIAN_POINT('',(0.00608336338121602,0.274016187231173,0.348160155395329));
#8247=CARTESIAN_POINT('',(-0.0253576583659362,0.286156389916465,0.352286280827539));
#8248=CARTESIAN_POINT('',(-0.0251708916611785,0.286084798634515,0.352259133156097));
#8249=CARTESIAN_POINT('',(0.00614249437803725,0.27408177351481,0.347707542887236));
#8250=CARTESIAN_POINT('',(-0.0251743458094351,0.286339125421944,0.352039802064142));
#8251=CARTESIAN_POINT('',(-0.0249882536173168,0.286266861750658,0.352011503144084));
#8252=CARTESIAN_POINT('',(0.006212043342687,0.274151103545733,0.34726689403717));
#8253=CARTESIAN_POINT('',(0.000205873191341542,0.276483430875329,0.348180248472042));
#8254=CARTESIAN_POINT('',(-0.0249882536173168,0.286266861750658,0.352011503144084));
#8255=CARTESIAN_POINT('',(-0.0226274215651324,0.285350098992158,0.351652492931176));
#8256=CARTESIAN_POINT('',(-0.0142469753150897,0.285445516653446,0.366982223799583));
#8257=CARTESIAN_POINT('',(-0.0153433987744546,0.285168194640977,0.365832588605458));
#8258=CARTESIAN_POINT('',(-0.0169886252240256,0.284751584013311,0.36410906097117));
#8259=CARTESIAN_POINT('',(-0.019188023196085,0.284190948607268,0.361816930599131));
#8260=CARTESIAN_POINT('',(-0.0205453052069766,0.283856320799123,0.360365741964256));
#8261=CARTESIAN_POINT('',(-0.0216635553254347,0.283559369132087,0.359238821710681));
#8262=CARTESIAN_POINT('',(-0.022622109722886,0.283405566106301,0.357947234047826));
#8263=CARTESIAN_POINT('',(-0.0233887200057223,0.28355612649823,0.356030100948931));
#8264=CARTESIAN_POINT('',(-0.0234959078283101,0.28423145318078,0.353647395599297));
#8265=CARTESIAN_POINT('',(-0.0230084135606124,0.284944863119081,0.352251295119805));
#8266=CARTESIAN_POINT('',(-0.0226274215651234,0.285350098992166,0.351652492931165));
#8267=CARTESIAN_POINT('',(-0.01424697531509,0.285445516653446,0.366982223799583));
#8268=CARTESIAN_POINT('',(-0.01424697531509,0.285445516653446,0.366982223799583));
#8269=CARTESIAN_POINT('',(-0.00633866471911592,0.281799921138205,0.367405494995736));
#8270=CARTESIAN_POINT('',(0.00154414134953899,0.278100909240825,0.367840524416349));
#8271=CARTESIAN_POINT('',(0.00940815946056149,0.274363020634745,0.368283256328852));
#8272=CARTESIAN_POINT('',(0.00940815946056148,0.274363020634745,0.368283256328852));
#8273=CARTESIAN_POINT('',(0.00940815946056073,0.274363020634745,0.368283256328852));
#8274=CARTESIAN_POINT('',(0.00930661631526814,0.274572163107991,0.368943665398187));
#8275=CARTESIAN_POINT('',(0.00920489004999142,0.274789455287781,0.369601840137233));
#8276=CARTESIAN_POINT('',(0.00910326595531843,0.27501329046372,0.370257575989769));
#8277=CARTESIAN_POINT('',(0.00910326595531844,0.27501329046372,0.370257575989769));
#8278=CARTESIAN_POINT('',(0.00542918397942189,0.276887513272376,0.37004556115676));
#8279=CARTESIAN_POINT('',(-0.0145416320411562,0.287075026544753,0.36889313471352));
#8280=CARTESIAN_POINT('',(-0.0192632025629586,0.285801904514309,0.364197359260707));
#8281=CARTESIAN_POINT('',(-0.023984773084761,0.284528782483865,0.359501583807893));
#8282=CARTESIAN_POINT('',(-0.0210322653160258,0.287392133150124,0.355756543475989));
#8283=CARTESIAN_POINT('',(-0.0256809218736021,0.285576373950166,0.352950658234658));
#8284=CARTESIAN_POINT('',(0.0254,0.264159999999969,0.3443489938));
#8285=CARTESIAN_POINT('',(0.025910809218736,0.263945836260467,0.344262977155653));
#8286=CARTESIAN_POINT('',(-0.0254500324548404,0.28580653655033,0.3526376065378));
#8287=CARTESIAN_POINT('',(0.0254,0.265006666666646,0.3443489938));
#8288=CARTESIAN_POINT('',(0.0259085003245483,0.264798667967809,0.344266107672622));
#8289=CARTESIAN_POINT('',(-0.0252191430360786,0.286036699150494,0.352324554840942));
#8290=CARTESIAN_POINT('',(0.0254,0.265853333333323,0.3443489938));
#8291=CARTESIAN_POINT('',(0.0259061914303607,0.265651499675151,0.34426923818959));
#8292=CARTESIAN_POINT('',(-0.0249882536173169,0.286266861750658,0.352011503144084));
#8293=CARTESIAN_POINT('',(0.0254,0.2667,0.3443489938));
#8294=CARTESIAN_POINT('',(0.0259038825361731,0.266504331382493,0.344272368706559));
#8295=CARTESIAN_POINT('',(-0.022679359429728,0.288568487752271,0.348880986175542));
#8296=CARTESIAN_POINT('',(0.0254,0.275166666666667,0.3443489938));
#8297=CARTESIAN_POINT('',(0.0258807935942972,0.27503264845581,0.344303673876244));
#8298=CARTESIAN_POINT('',(-0.0203704652421394,0.290870113753883,0.345750469206999));
#8299=CARTESIAN_POINT('',(0.0254,0.283633333333334,0.3443489938));
#8300=CARTESIAN_POINT('',(0.0258577046524213,0.283560965529128,0.34433497904593));
#8301=CARTESIAN_POINT('',(-0.0180615710545504,0.293171739755495,0.342619952238457));
#8302=CARTESIAN_POINT('',(0.0254,0.2921,0.3443489938));
#8303=CARTESIAN_POINT('',(0.0258346157105455,0.292089282602445,0.344366284215616));
#8304=CARTESIAN_POINT('',(-0.0140118033574127,0.28200446586807,0.350342321407408));
#8305=CARTESIAN_POINT('',(-0.0151652654427274,0.283061890169178,0.350212832011455));
#8306=CARTESIAN_POINT('',(-0.0170562644467534,0.284457562516042,0.350060430626577));
#8307=CARTESIAN_POINT('',(-0.0199946463287783,0.28561878596853,0.350344497213901));
#8308=CARTESIAN_POINT('',(-0.0215196409137727,0.285820366861712,0.35080408766334));
#8309=CARTESIAN_POINT('',(-0.022217312822046,0.285735286758722,0.351172819832072));
#8310=CARTESIAN_POINT('',(-0.0222173128220458,0.285735286758731,0.351172819832072));
#8311=CARTESIAN_POINT('',(-0.0226274215651321,0.285350098992158,0.351652492931176));
#8312=CARTESIAN_POINT('',(-0.0224909865784474,0.285478426499553,0.351492323058387));
#8313=CARTESIAN_POINT('',(-0.0223542903225583,0.285606820721516,0.351332425095695));
#8314=CARTESIAN_POINT('',(-0.02221731282205,0.28573528675873,0.351172819832067));
#8315=CARTESIAN_POINT('',(-0.0215249123359336,0.289719300753077,0.347315727691271));
#8316=CARTESIAN_POINT('',(-0.0180615710545504,0.293171739755495,0.342619952238457));
#8317=CARTESIAN_POINT('',(0.00366921447272474,0.292635869877747,0.343484473019229));
#8318=CARTESIAN_POINT('',(0.0254,0.2921,0.3443489938));
#8319=CARTESIAN_POINT('',(0.0254,0.2921,0.3443489938));
#8320=CARTESIAN_POINT('',(0.0254,0.271881159232507,0.3443489938));
#8321=CARTESIAN_POINT('',(0.0254,0.271881159232507,0.3443489938));
#8322=CARTESIAN_POINT('',(0.0228159059209233,0.271219768953934,0.344652213016003));
#8323=CARTESIAN_POINT('',(0.0188886670191092,0.270823773332954,0.345235466920847));
#8324=CARTESIAN_POINT('',(0.0136284493697135,0.271503955463176,0.346110318135469));
#8325=CARTESIAN_POINT('',(0.0111122258239593,0.27224825543569,0.34652172643649));
#8326=CARTESIAN_POINT('',(0.00987263751971205,0.272729614705673,0.346710229833259));
#8327=CARTESIAN_POINT('',(-0.0162026361845805,0.279026970112746,0.353168353024963));
#8328=CARTESIAN_POINT('',(-0.0210322653160257,0.287392133150124,0.355756543475989));
#8329=CARTESIAN_POINT('',(-0.0207101391324912,0.286834194233794,0.358160926042787));
#8330=CARTESIAN_POINT('',(-0.0200663394897368,0.285719100542648,0.355238905385784));
#8331=CARTESIAN_POINT('',(-0.022222049924837,0.284474500542649,0.355238905385784));
#8332=CARTESIAN_POINT('',(-0.12065,0.12065,0.));
#8333=CARTESIAN_POINT('',(0.0488,0.2901,0.3577734907));
#8334=CARTESIAN_POINT('',(0.0488,0.2901,0.3463489938));
#8335=CARTESIAN_POINT('',(0.0488,0.2901,0.3691979876));
#8336=CARTESIAN_POINT('',(-0.12065,0.12065,0.3463489938));
#8337=CARTESIAN_POINT('',(0.0369982509063567,0.278298250906357,0.3463489938));
#8338=CARTESIAN_POINT('',(0.0369982509063596,0.278298250906357,0.346348993799986));
#8339=CARTESIAN_POINT('',(0.0370888960936818,0.27838889609368,0.345681612769458));
#8340=CARTESIAN_POINT('',(0.0371820614047912,0.278482061404791,0.345014916816719));
#8341=CARTESIAN_POINT('',(0.0372780700346786,0.278578070034678,0.3443489938));
#8342=CARTESIAN_POINT('',(0.0372780700346788,0.278578070034679,0.3443489938));
#8343=CARTESIAN_POINT('',(0.0508,0.2921,0.3443489938));
#8344=CARTESIAN_POINT('',(0.0508,0.2921,0.3443489938));
#8345=CARTESIAN_POINT('',(0.0508,0.2921,0.3577734907));
#8346=CARTESIAN_POINT('',(0.0508,0.2921,0.3711979876));
#8347=CARTESIAN_POINT('',(0.0508,0.2921,0.3711979876));
#8348=CARTESIAN_POINT('',(0.039029211778252,0.280329211778253,0.3711979876));
#8349=CARTESIAN_POINT('',(0.0390292117782527,0.280329211778253,0.3711979876));
#8350=CARTESIAN_POINT('',(0.0387755596609756,0.280075559660976,0.37056106775084));
#8351=CARTESIAN_POINT('',(0.0386010736345205,0.279901073634521,0.369880559391274));
#8352=CARTESIAN_POINT('',(0.0384303352429443,0.279730335242945,0.3691979876));
#8353=CARTESIAN_POINT('',(0.0384303352429438,0.279730335242944,0.3691979876));
#8354=CARTESIAN_POINT('',(-0.12065,0.12065,0.3691979876));
#8355=CARTESIAN_POINT('',(0.0372405845342117,0.278540584534212,0.363038611406498));
#8356=CARTESIAN_POINT('',(0.0250944489587599,0.26639444895876,0.366971458883319));
#8357=CARTESIAN_POINT('',(0.00941749460609178,0.274343815257925,0.368222532732665));
#8358=CARTESIAN_POINT('',(0.0372972259718394,0.27859722597184,0.363388472204556));
#8359=CARTESIAN_POINT('',(0.0250810180634134,0.266381018063651,0.367398188873991));
#8360=CARTESIAN_POINT('',(0.0093518349101928,0.274478745654036,0.368649711701671));
#8361=CARTESIAN_POINT('',(0.0373838083803406,0.278683808380341,0.36391273394496));
#8362=CARTESIAN_POINT('',(0.0250602607959736,0.266360260795918,0.368034519099574));
#8363=CARTESIAN_POINT('',(0.00925326350359616,0.274685190354038,0.369284115601666));
#8364=CARTESIAN_POINT('',(0.0374870123061445,0.278787012306145,0.364523649360273));
#8365=CARTESIAN_POINT('',(0.025039459989538,0.266339459989543,0.368737992040652));
#8366=CARTESIAN_POINT('',(0.00914787827558437,0.274916697398382,0.36997577069006));
#8367=CARTESIAN_POINT('',(0.0375464050181701,0.27884640501817,0.364872614066475));
#8368=CARTESIAN_POINT('',(0.0250229879409343,0.266322987940934,0.369165856822466));
#8369=CARTESIAN_POINT('',(0.00907948105512647,0.275062722181917,0.37040045959958));
#8370=CARTESIAN_POINT('',(0.0376067714091767,0.278906771409177,0.365221201611209));
#8371=CARTESIAN_POINT('',(0.0249966120495362,0.266296612049537,0.369656295777763));
#8372=CARTESIAN_POINT('',(0.00899180834468387,0.27524105953451,0.370897451588089));
#8373=CARTESIAN_POINT('',(0.0376841049415553,0.278984104941556,0.365656211342816));
#8374=CARTESIAN_POINT('',(0.0249640766251625,0.266264076625163,0.37026048020698));
#8375=CARTESIAN_POINT('',(0.00888410107527412,0.275466060451737,0.371504516243124));
#8376=CARTESIAN_POINT('',(0.0378121827551882,0.279112182755188,0.366350544622988));
#8377=CARTESIAN_POINT('',(0.0249039576451515,0.266203957645152,0.371265975163872));
#8378=CARTESIAN_POINT('',(0.008698657653236,0.275858959476401,0.37251129680653));
#8379=CARTESIAN_POINT('',(0.0379473223982179,0.279247322398218,0.367042159649525));
#8380=CARTESIAN_POINT('',(0.0248332219948122,0.266133221994812,0.372314844136734));
#8381=CARTESIAN_POINT('',(0.00849743030108182,0.276298400989831,0.373553411521583));
#8382=CARTESIAN_POINT('',(0.0380910399729669,0.279391039972967,0.367730421701607));
#8383=CARTESIAN_POINT('',(0.0247461594092625,0.266046159409263,0.373433752396538));
#8384=CARTESIAN_POINT('',(0.00827260038499414,0.276807774681981,0.374653523110156));
#8385=CARTESIAN_POINT('',(0.0382036763822776,0.279503676382278,0.368244838513402));
#8386=CARTESIAN_POINT('',(0.0246703201931178,0.265970320193118,0.374321313340256));
#8387=CARTESIAN_POINT('',(0.00808969867188691,0.277233461894059,0.375514304603382));
#8388=CARTESIAN_POINT('',(0.0383217011955716,0.279621701195572,0.368756720157311));
#8389=CARTESIAN_POINT('',(0.0245811553895106,0.265881155389511,0.375269381303216));
#8390=CARTESIAN_POINT('',(0.00788911024266526,0.27771464136789,0.376420108064089));
#8391=CARTESIAN_POINT('',(0.038445926087683,0.279745926087683,0.369265534898904));
#8392=CARTESIAN_POINT('',(0.0244741672150507,0.265774167215051,0.376300684032197));
#8393=CARTESIAN_POINT('',(0.00766558168406638,0.278270117595875,0.377385942150999));
#8394=CARTESIAN_POINT('',(0.0385555971672909,0.279855597167292,0.369686615388691));
#8395=CARTESIAN_POINT('',(0.0243643493303199,0.26566434933032,0.377259396381087));
#8396=CARTESIAN_POINT('',(0.00745322220883338,0.278820407235661,0.378261344399548));
#8397=CARTESIAN_POINT('',(0.038647877717157,0.279947877717157,0.370021123761415));
#8398=CARTESIAN_POINT('',(0.0242573153627996,0.2655573153628,0.378123779903244));
#8399=CARTESIAN_POINT('',(0.00725976167129595,0.279343618490203,0.379027970855586));
#8400=CARTESIAN_POINT('',(0.0387196411044439,0.280019641104444,0.370270481435527));
#8401=CARTESIAN_POINT('',(0.0241641225383274,0.265464122538327,0.378840550834718));
#8402=CARTESIAN_POINT('',(0.00709942361738036,0.279791423408177,0.379646782157825));
#8403=CARTESIAN_POINT('',(0.0387943983539835,0.280094398353984,0.37051811829654));
#8404=CARTESIAN_POINT('',(0.0240534131416179,0.265353413141618,0.379653362677159));
#8405=CARTESIAN_POINT('',(0.00691836325313577,0.280317130792886,0.380326911391618));
#8406=CARTESIAN_POINT('',(0.0388596977568405,0.280159697756841,0.370722709161014));
#8407=CARTESIAN_POINT('',(0.0239399435891774,0.265239943589178,0.38045220569749));
#8408=CARTESIAN_POINT('',(0.00674247360324345,0.280852927026707,0.380969924999058));
#8409=CARTESIAN_POINT('',(0.0389142098888863,0.280214209888887,0.370884826633357));
#8410=CARTESIAN_POINT('',(0.0238274334907504,0.26512743349075,0.381224640821178));
#8411=CARTESIAN_POINT('',(0.00657629705808291,0.281386842191107,0.381565230565735));
#8412=CARTESIAN_POINT('',(0.0389564673517566,0.280256467351757,0.37100552892674));
#8413=CARTESIAN_POINT('',(0.0237264724684402,0.265026472468441,0.381911248201368));
#8414=CARTESIAN_POINT('',(0.00643266708911127,0.28186898783595,0.382073943884959));
#8415=CARTESIAN_POINT('',(0.0389930575591355,0.280293057559136,0.371105102369641));
#8416=CARTESIAN_POINT('',(0.0236217306466148,0.264921730646612,0.382622022114027));
#8417=CARTESIAN_POINT('',(0.00628908922906383,0.282376786528057,0.38257790865642));
#8418=CARTESIAN_POINT('',(0.039023480267083,0.280323480267083,0.371183919560411));
#8419=CARTESIAN_POINT('',(0.023511253831236,0.264811253831241,0.383386118439224));
#8420=CARTESIAN_POINT('',(0.00614281215774413,0.282931560088111,0.383091466739391));
#8421=CARTESIAN_POINT('',(0.0390391730629644,0.280339173062965,0.371222942110592));
#8422=CARTESIAN_POINT('',(0.0234408390845955,0.264740839084584,0.383883797690138));
#8423=CARTESIAN_POINT('',(0.00605195241791819,0.283295195617473,0.38341185978486));
#8424=CARTESIAN_POINT('',(0.0390471989502013,0.280347198950202,0.371242308452323));
#8425=CARTESIAN_POINT('',(0.0233955556132385,0.264695555613239,0.384215193392796));
#8426=CARTESIAN_POINT('',(0.00599436895608733,0.283539253334574,0.383617379806767));
#8427=CARTESIAN_POINT('',(0.00940815946056136,0.274363020634745,0.368283256328852));
#8428=CARTESIAN_POINT('',(0.0106568762516434,0.273769486362607,0.368353557129954));
#8429=CARTESIAN_POINT('',(0.0132150707611771,0.272811578502509,0.368492423202394));
#8430=CARTESIAN_POINT('',(0.0172851501765079,0.27202584465917,0.368710117233945));
#8431=CARTESIAN_POINT('',(0.021409766829058,0.271928878385608,0.368940394981026));
#8432=CARTESIAN_POINT('',(0.0241175146176793,0.272307457110091,0.369107403971348));
#8433=CARTESIAN_POINT('',(0.0254671352601637,0.272609602125055,0.3691979876));
#8434=CARTESIAN_POINT('',(0.0254671352601638,0.272609602125055,0.3691979876));
#8435=CARTESIAN_POINT('',(0.0254671352601638,0.272609602125055,0.3691979876));
#8436=CARTESIAN_POINT('',(0.0279304375837397,0.273137317760136,0.3691979876));
#8437=CARTESIAN_POINT('',(0.0314182661091513,0.274449833243699,0.3691979876));
#8438=CARTESIAN_POINT('',(0.0356569640614597,0.277197387377517,0.3691979876));
#8439=CARTESIAN_POINT('',(0.0375402156062458,0.278840215606246,0.3691979876));
#8440=CARTESIAN_POINT('',(0.0384303352429438,0.279730335242944,0.3691979876));
#8441=CARTESIAN_POINT('',(0.0254000000004356,0.272903298108498,0.3711979876));
#8442=CARTESIAN_POINT('',(0.0279915715390496,0.273419453523538,0.3711979876));
#8443=CARTESIAN_POINT('',(0.0328983902534843,0.275221141749902,0.3711979876));
#8444=CARTESIAN_POINT('',(0.0371620328657076,0.278462032865708,0.3711979876));
#8445=CARTESIAN_POINT('',(0.0390292117782522,0.280329211778252,0.3711979876));
#8446=CARTESIAN_POINT('',(0.0254,0.272903298108498,0.3711979876));
#8447=CARTESIAN_POINT('',(0.00910326595531843,0.27501329046372,0.370257575989769));
#8448=CARTESIAN_POINT('',(0.0103591632883869,0.274372632078194,0.370330048205983));
#8449=CARTESIAN_POINT('',(0.0129386163230777,0.273330235603343,0.370472817290838));
#8450=CARTESIAN_POINT('',(0.0170561188262216,0.27244052169989,0.370695850970375));
#8451=CARTESIAN_POINT('',(0.0212556634004761,0.27226650086765,0.370932376316162));
#8452=CARTESIAN_POINT('',(0.0240242160775113,0.272613915660398,0.371104660927746));
#8453=CARTESIAN_POINT('',(0.025399999999982,0.272903298108695,0.371197987599985));
#8454=CARTESIAN_POINT('',(0.0372840738396344,0.278584073839637,0.344307377720822));
#8455=CARTESIAN_POINT('',(0.0245913440687665,0.265891344068769,0.34064275145323));
#8456=CARTESIAN_POINT('',(0.00857668692591376,0.274728621540111,0.339606630203054));
#8457=CARTESIAN_POINT('',(0.0371996348921927,0.278499634892195,0.344892299985538));
#8458=CARTESIAN_POINT('',(0.0246407598221368,0.265940759819627,0.341329873829935));
#8459=CARTESIAN_POINT('',(0.00871229259440907,0.274504473379848,0.3402881654792));
#8460=CARTESIAN_POINT('',(0.0370762708631016,0.278376270863104,0.345770621193875));
#8461=CARTESIAN_POINT('',(0.0247084336293593,0.266008433629925,0.34235250610917));
#8462=CARTESIAN_POINT('',(0.00890903949842034,0.274186712853834,0.341303911623));
#8463=CARTESIAN_POINT('',(0.0369177127188111,0.278217712718812,0.346943405498486));
#8464=CARTESIAN_POINT('',(0.0247882123270417,0.266088212326937,0.343703408019036));
#8465=CARTESIAN_POINT('',(0.0091596708007269,0.27379394096673,0.342647136732357));
#8466=CARTESIAN_POINT('',(0.0368016162529753,0.278101616252975,0.347823793828266));
#8467=CARTESIAN_POINT('',(0.0248431223780501,0.266143122378078,0.344707095474353));
#8468=CARTESIAN_POINT('',(0.00934213899047303,0.273513612794355,0.343649406332476));
#8469=CARTESIAN_POINT('',(0.0367071075043483,0.278007107504348,0.34855809951517));
#8470=CARTESIAN_POINT('',(0.0248853058428974,0.266185305842894,0.345538423974776));
#8471=CARTESIAN_POINT('',(0.00948989239626833,0.273290938745063,0.344480705677846));
#8472=CARTESIAN_POINT('',(0.0366327885020861,0.277932788502087,0.349145867404209));
#8473=CARTESIAN_POINT('',(0.0249170752236916,0.266217075223693,0.346200216065188));
#8474=CARTESIAN_POINT('',(0.00960562917843654,0.273118904871545,0.3451434444209));
#8475=CARTESIAN_POINT('',(0.0365868637337037,0.277886863733704,0.349513353756696));
#8476=CARTESIAN_POINT('',(0.0249361645916136,0.266236164591614,0.346612503501108));
#8477=CARTESIAN_POINT('',(0.00967701252103702,0.273013792042495,0.345556864120273));
#8478=CARTESIAN_POINT('',(0.0365504316334228,0.277850431633423,0.349807420085334));
#8479=CARTESIAN_POINT('',(0.0249509463819387,0.266250946381939,0.346941408256485));
#8480=CARTESIAN_POINT('',(0.00973345109664688,0.272931195884637,0.345886818560719));
#8481=CARTESIAN_POINT('',(0.036523259783929,0.277823259783929,0.350028007729545));
#8482=CARTESIAN_POINT('',(0.0249619335565865,0.266261933556586,0.347188190380809));
#8483=CARTESIAN_POINT('',(0.00977574132409252,0.272869719375298,0.346134733595702));
#8484=CARTESIAN_POINT('',(0.0365007418229759,0.277800741822976,0.35021186299859));
#8485=CARTESIAN_POINT('',(0.0249705278094526,0.266270527809453,0.347391865638483));
#8486=CARTESIAN_POINT('',(0.00980996528981061,0.272819765807593,0.346338872282799));
#8487=CARTESIAN_POINT('',(0.0364828026382207,0.277782802638221,0.350358961009917));
#8488=CARTESIAN_POINT('',(0.0249781665729504,0.266278166572951,0.347558502111271));
#8489=CARTESIAN_POINT('',(0.00983896287141865,0.272778547358748,0.346507094812977));
#8490=CARTESIAN_POINT('',(0.0364716213444539,0.277771621344456,0.350450903154936));
#8491=CARTESIAN_POINT('',(0.0249809252861576,0.26628092528616,0.347653776387763));
#8492=CARTESIAN_POINT('',(0.00985302573293269,0.272756548054158,0.346600701781935));
#8493=CARTESIAN_POINT('',(0.0364643692377058,0.277764369237705,0.350510668528822));
#8494=CARTESIAN_POINT('',(0.0249863668087154,0.266286366808714,0.347732021734307));
#8495=CARTESIAN_POINT('',(0.00986958731122142,0.272735572609875,0.346682880442545));
#8496=CARTESIAN_POINT('',(0.0364610242923264,0.277761024292327,0.350538252962632));
#8497=CARTESIAN_POINT('',(0.0249850119199342,0.266285011919935,0.347750922217428));
#8498=CARTESIAN_POINT('',(0.00986938171485353,0.2727330052466,0.346698310398058));
#8499=CARTESIAN_POINT('',(0.0364587968474935,0.277758796847494,0.350556643063661));
#8500=CARTESIAN_POINT('',(0.0249936507165914,0.266293650716592,0.34780601305013));
#8501=CARTESIAN_POINT('',(0.00988863275829867,0.272713744793894,0.346764197482701));
#8502=CARTESIAN_POINT('',(0.0364549674456718,0.277754967445671,0.350588838778927));
#8503=CARTESIAN_POINT('',(0.0250110389384383,0.266311038938438,0.347913587354304));
#8504=CARTESIAN_POINT('',(0.00992694687289787,0.272676047831947,0.346894435355122));
#8505=CARTESIAN_POINT('',(0.0364496515199766,0.277749651519978,0.350634862039626));
#8506=CARTESIAN_POINT('',(0.0250303289500881,0.266330328950089,0.348044493485018));
#8507=CARTESIAN_POINT('',(0.00997038213358597,0.272632798440849,0.347051202911204));
#8508=CARTESIAN_POINT('',(0.0364414362883738,0.277741436288377,0.350708554401498));
#8509=CARTESIAN_POINT('',(0.0250576004410216,0.266357600441026,0.348240669368342));
#8510=CARTESIAN_POINT('',(0.0100325233814049,0.272570826528848,0.347285489040408));
#8511=CARTESIAN_POINT('',(0.0364316430039798,0.277731643003981,0.350800760242998));
#8512=CARTESIAN_POINT('',(0.025085109313008,0.266385109313005,0.348460151393582));
#8513=CARTESIAN_POINT('',(0.0100966360491436,0.272506433375376,0.347545564667852));
#8514=CARTESIAN_POINT('',(0.0364168211391509,0.27771682113915,0.350948450585654));
#8515=CARTESIAN_POINT('',(0.0251215886064909,0.266421588606514,0.348782300470759));
#8516=CARTESIAN_POINT('',(0.0101834954911141,0.272418780887518,0.347924971221299));
#8517=CARTESIAN_POINT('',(0.0363996784774201,0.277699678477427,0.351133326589297));
#8518=CARTESIAN_POINT('',(0.025157379770761,0.266457379770576,0.349147297105437));
#8519=CARTESIAN_POINT('',(0.0102712846390153,0.272329668182582,0.348351159788135));
#8520=CARTESIAN_POINT('',(0.0363871816505075,0.277687181650504,0.351281458666052));
#8521=CARTESIAN_POINT('',(0.0251802880674037,0.266480288067802,0.349417797036268));
#8522=CARTESIAN_POINT('',(0.0103290007058023,0.272270917313675,0.348664437207591));
#8523=CARTESIAN_POINT('',(0.0363812004213623,0.277681200421358,0.351355575469314));
#8524=CARTESIAN_POINT('',(0.0251907690531212,0.266490769053117,0.349549438759641));
#8525=CARTESIAN_POINT('',(0.0103556872354001,0.272243751354175,0.34881651288761));
#8526=CARTESIAN_POINT('',(0.0369982509063567,0.278298250906357,0.3463489938));
#8527=CARTESIAN_POINT('',(0.0354082956533458,0.276708295653346,0.3463489938));
#8528=CARTESIAN_POINT('',(0.031887312716011,0.27401104515787,0.3463489938));
#8529=CARTESIAN_POINT('',(0.0276948320541266,0.272280881037391,0.3463489938));
#8530=CARTESIAN_POINT('',(0.0255183377571232,0.271715152170777,0.3463489938));
#8531=CARTESIAN_POINT('',(0.0372780700346789,0.278578070034679,0.3443489938));
#8532=CARTESIAN_POINT('',(0.035634872309058,0.276934872309058,0.3443489938));
#8533=CARTESIAN_POINT('',(0.0329013812136797,0.274855643059936,0.3443489938));
#8534=CARTESIAN_POINT('',(0.0286949654751144,0.272845083125572,0.3443489938));
#8535=CARTESIAN_POINT('',(0.026513473304518,0.272152888292583,0.3443489938));
#8536=CARTESIAN_POINT('',(0.0253999999999998,0.271881159232508,0.3443489938));
#8537=CARTESIAN_POINT('',(0.00988028434556502,0.301175026544753,0.36889313471352));
#8538=CARTESIAN_POINT('',(0.0254,0.2921,0.3711979876));
#8539=CARTESIAN_POINT('',(0.00173964554999124,0.296475026544752,0.36889313471352));
#8540=CARTESIAN_POINT('',(0.0254,0.283633333333334,0.3711979876));
#8541=CARTESIAN_POINT('',(-0.00640099324558238,0.291775026544753,0.36889313471352));
#8542=CARTESIAN_POINT('',(0.0254,0.275166666666667,0.3711979876));
#8543=CARTESIAN_POINT('',(-0.0145416320411562,0.287075026544753,0.36889313471352));
#8544=CARTESIAN_POINT('',(0.0254,0.2667,0.3711979876));
#8545=CARTESIAN_POINT('',(-0.0150262719634068,0.286795219555181,0.36889313471352));
#8546=CARTESIAN_POINT('',(0.0254,0.266195950529425,0.3711979876));
#8547=CARTESIAN_POINT('',(-0.0155109118856573,0.28651541256561,0.36889313471352));
#8548=CARTESIAN_POINT('',(0.0254,0.265691901058849,0.3711979876));
#8549=CARTESIAN_POINT('',(-0.0159955518079079,0.286235605576038,0.36889313471352));
#8550=CARTESIAN_POINT('',(0.0254,0.265187851588274,0.3711979876));
#8551=CARTESIAN_POINT('',(0.0254,0.2921,0.3711979876));
#8552=CARTESIAN_POINT('',(0.0254,0.2921,0.3711979876));
#8553=CARTESIAN_POINT('',(0.0176401421727825,0.296637513272377,0.37004556115676));
#8554=CARTESIAN_POINT('',(0.00988028434556501,0.301175026544753,0.36889313471352));
#8555=CARTESIAN_POINT('',(-0.00233067384779555,0.294125026544753,0.36889313471352));
#8556=CARTESIAN_POINT('',(0.0166696799167735,0.3079161971756,0.359121957102461));
#8557=CARTESIAN_POINT('',(0.0168762337339591,0.308148953329638,0.359407668298837));
#8558=CARTESIAN_POINT('',(0.0254,0.317754,0.3711979876));
#8559=CARTESIAN_POINT('',(0.0257794745193833,0.318181612672043,0.371722887698212));
#8560=CARTESIAN_POINT('',(0.0166460314676411,0.307894674871005,0.359154020880736));
#8561=CARTESIAN_POINT('',(0.0168531447920833,0.308125937069622,0.359438973468522));
#8562=CARTESIAN_POINT('',(0.0254,0.317669333333334,0.3711979876));
#8563=CARTESIAN_POINT('',(0.0257805024294465,0.318094201354983,0.371721494005114));
#8564=CARTESIAN_POINT('',(0.0166223830185086,0.30787315256641,0.35918608465901));
#8565=CARTESIAN_POINT('',(0.0168300558502074,0.308102920809606,0.359470278638207));
#8566=CARTESIAN_POINT('',(0.0254,0.317584666666667,0.3711979876));
#8567=CARTESIAN_POINT('',(0.0257815303395098,0.318006790037923,0.371720100312015));
#8568=CARTESIAN_POINT('',(0.0165987345693762,0.307851630261816,0.359218148437284));
#8569=CARTESIAN_POINT('',(0.0168069669083315,0.30807990454959,0.359501583807893));
#8570=CARTESIAN_POINT('',(0.0254,0.3175,0.3711979876));
#8571=CARTESIAN_POINT('',(0.025782558249573,0.317919378720863,0.371718706618916));
#8572=CARTESIAN_POINT('',(0.0142338896561294,0.305699399802353,0.36242452626468));
#8573=CARTESIAN_POINT('',(0.0144980727207427,0.305778278547978,0.362632100776435));
#8574=CARTESIAN_POINT('',(0.0254,0.309033333333334,0.3711979876));
#8575=CARTESIAN_POINT('',(0.0258853492558953,0.309178247014879,0.371579337309039));
#8576=CARTESIAN_POINT('',(0.0118690447428826,0.30354716934289,0.365630904092077));
#8577=CARTESIAN_POINT('',(0.0121891785331538,0.303476652546365,0.365762617744978));
#8578=CARTESIAN_POINT('',(0.0254,0.300566666666666,0.3711979876));
#8579=CARTESIAN_POINT('',(0.0259881402622175,0.300437115308893,0.37143996799916));
#8580=CARTESIAN_POINT('',(0.00950419982963576,0.301394938883427,0.368837281919474));
#8581=CARTESIAN_POINT('',(0.009880284345565,0.301175026544753,0.36889313471352));
#8582=CARTESIAN_POINT('',(0.0254,0.2921,0.3711979876));
#8583=CARTESIAN_POINT('',(0.0260909312685399,0.291695983602908,0.371300598689283));
#8584=CARTESIAN_POINT('',(0.00946291817311706,0.301357368707862,0.368893253703246));
#8585=CARTESIAN_POINT('',(0.00983997938676786,0.301134848462249,0.368947782240509));
#8586=CARTESIAN_POINT('',(0.0254,0.29195220255957,0.3711979876));
#8587=CARTESIAN_POINT('',(0.0260927256284966,0.291543394993545,0.371298165804171));
#8588=CARTESIAN_POINT('',(0.00942163651659837,0.301319798532296,0.368949225487018));
#8589=CARTESIAN_POINT('',(0.00979967442797071,0.301094670379745,0.369002429767498));
#8590=CARTESIAN_POINT('',(0.0254,0.29180440511914,0.3711979876));
#8591=CARTESIAN_POINT('',(0.0260945199884533,0.291390806384182,0.37129573291906));
#8592=CARTESIAN_POINT('',(0.00938035486007967,0.301282228356729,0.369005197270791));
#8593=CARTESIAN_POINT('',(0.00975936946917356,0.301054492297242,0.369057077294487));
#8594=CARTESIAN_POINT('',(0.0254,0.29165660767871,0.3711979876));
#8595=CARTESIAN_POINT('',(0.02609631434841,0.29123821777482,0.371293300033949));
#8596=CARTESIAN_POINT('',(0.0254,0.2921,0.3711979876));
#8597=CARTESIAN_POINT('',(0.0254,0.3175,0.3711979876));
#8598=CARTESIAN_POINT('',(0.0211034834541657,0.312789952274795,0.365349785703946));
#8599=CARTESIAN_POINT('',(0.0168069669083315,0.30807990454959,0.359501583807893));
#8600=CARTESIAN_POINT('',(0.0133436256269482,0.304627465547171,0.364197359260707));
#8601=CARTESIAN_POINT('',(0.00624608810559172,0.307210359826676,0.342609576236533));
#8602=CARTESIAN_POINT('',(0.0063603453321707,0.307271739755495,0.342619952238457));
#8603=CARTESIAN_POINT('',(0.0254,0.3175,0.3443489938));
#8604=CARTESIAN_POINT('',(0.0094126912593995,0.308064201195383,0.34573202595049));
#8605=CARTESIAN_POINT('',(0.00950805901337232,0.308120487775791,0.345750469206999));
#8606=CARTESIAN_POINT('',(0.0254,0.3175,0.3488238261));
#8607=CARTESIAN_POINT('',(0.0129258134553634,0.309011477793852,0.349202312207495));
#8608=CARTESIAN_POINT('',(0.0130002246757071,0.309062113664497,0.349223556333121));
#8609=CARTESIAN_POINT('',(0.0254,0.3175,0.352763645899137));
#8610=CARTESIAN_POINT('',(0.0158865175571917,0.309809800640087,0.35211527801662));
#8611=CARTESIAN_POINT('',(0.015943267537301,0.309855674342313,0.352150520647693));
#8612=CARTESIAN_POINT('',(0.0254,0.3175,0.358023300386091));
#8613=CARTESIAN_POINT('',(0.0160194035239541,0.309841571034512,0.352259041561837));
#8614=CARTESIAN_POINT('',(0.0160753608105344,0.309887255219465,0.352294939051711));
#8615=CARTESIAN_POINT('',(0.0254,0.3175,0.358276843488765));
#8616=CARTESIAN_POINT('',(0.0162694928547552,0.309893421978102,0.352555046083246));
#8617=CARTESIAN_POINT('',(0.0163239583043942,0.309938796860964,0.352592243086542));
#8618=CARTESIAN_POINT('',(0.0254,0.3175,0.358790696511668));
#8619=CARTESIAN_POINT('',(0.0163866982724122,0.309913503561823,0.352707287547803));
#8620=CARTESIAN_POINT('',(0.0164404645663886,0.309958758653694,0.352745129202807));
#8621=CARTESIAN_POINT('',(0.0254,0.3175,0.359051006431898));
#8622=CARTESIAN_POINT('',(0.0166054119238622,0.309942611244078,0.353018174615921));
#8623=CARTESIAN_POINT('',(0.0166578735436098,0.30998769270233,0.353057303562054));
#8624=CARTESIAN_POINT('',(0.0254,0.3175,0.359577693074302));
#8625=CARTESIAN_POINT('',(0.0167069219145406,0.309951638129131,0.353176820955808));
#8626=CARTESIAN_POINT('',(0.0167587780052418,0.309996665740062,0.353216592536969));
#8627=CARTESIAN_POINT('',(0.0254,0.3175,0.359844069796477));
#8628=CARTESIAN_POINT('',(0.0168943682587072,0.309959272532516,0.35349869654942));
#8629=CARTESIAN_POINT('',(0.0169451061914292,0.310004254602579,0.353539758076604));
#8630=CARTESIAN_POINT('',(0.0254,0.3175,0.360382190027165));
#8631=CARTESIAN_POINT('',(0.0169803060831723,0.309957880620319,0.353661926707469));
#8632=CARTESIAN_POINT('',(0.0170305313781869,0.310002870993439,0.353703635540256));
#8633=CARTESIAN_POINT('',(0.0254,0.3175,0.360653933535678));
#8634=CARTESIAN_POINT('',(0.0171368214023353,0.30994529508713,0.353991375873482));
#8635=CARTESIAN_POINT('',(0.0171861130496238,0.309990360535678,0.354034389326634));
#8636=CARTESIAN_POINT('',(0.0254,0.3175,0.361202087323431));
#8637=CARTESIAN_POINT('',(0.0172074000999701,0.309934101848048,0.354157595891803));
#8638=CARTESIAN_POINT('',(0.0172562707300643,0.309979234066687,0.35420126665369));
#8639=CARTESIAN_POINT('',(0.0254,0.3175,0.361478497602672));
#8640=CARTESIAN_POINT('',(0.0173334601994438,0.309902498701243,0.354491628927735));
#8641=CARTESIAN_POINT('',(0.0173815788537835,0.309947819439488,0.35453662846706));
#8642=CARTESIAN_POINT('',(0.0254,0.3175,0.362035284916271));
#8643=CARTESIAN_POINT('',(0.0173889425573036,0.309882089014517,0.354659443015034));
#8644=CARTESIAN_POINT('',(0.0174367302473803,0.309927531500956,0.35470511401668));
#8645=CARTESIAN_POINT('',(0.0254,0.3175,0.362315661950631));
#8646=CARTESIAN_POINT('',(0.0174850904376461,0.30983259645258,0.354995435180509));
#8647=CARTESIAN_POINT('',(0.0175323045848242,0.309878334172855,0.355042466422322));
#8648=CARTESIAN_POINT('',(0.0254,0.3175,0.362879682758858));
#8649=CARTESIAN_POINT('',(0.0175257566908002,0.309803513660493,0.355163614353478));
#8650=CARTESIAN_POINT('',(0.0175727282549839,0.309849424865912,0.355211334366605));
#8651=CARTESIAN_POINT('',(0.0254,0.3175,0.363163326532727));
#8652=CARTESIAN_POINT('',(0.0175925450320184,0.30973717233297,0.355499241932833));
#8653=CARTESIAN_POINT('',(0.0176391181893034,0.309783479278753,0.355548359158832));
#8654=CARTESIAN_POINT('',(0.0254,0.3175,0.363733180804365));
#8655=CARTESIAN_POINT('',(0.017618667645391,0.309699913761882,0.355666691434685));
#8656=CARTESIAN_POINT('',(0.0176650849756382,0.309746442963099,0.355716517095707));
#8657=CARTESIAN_POINT('',(0.0254,0.3175,0.364019391302134));
#8658=CARTESIAN_POINT('',(0.0176755884126464,0.309576550587391,0.356166453617642));
#8659=CARTESIAN_POINT('',(0.0177216661982074,0.309623815676623,0.356218436714686));
#8660=CARTESIAN_POINT('',(0.0254,0.3175,0.364880822857877));
#8661=CARTESIAN_POINT('',(0.0176849639332877,0.309478877300915,0.35649616488916));
#8662=CARTESIAN_POINT('',(0.0177309857918406,0.309526725032423,0.35654962920815));
#8663=CARTESIAN_POINT('',(0.0254,0.3175,0.365458843978289));
#8664=CARTESIAN_POINT('',(0.0176480357174985,0.309255769192428,0.357141404015244));
#8665=CARTESIAN_POINT('',(0.0176942778608445,0.309304947812051,0.357197926520596));
#8666=CARTESIAN_POINT('',(0.0254,0.3175,0.366616752927404));
#8667=CARTESIAN_POINT('',(0.0176017318483131,0.309130324285353,0.35745696421752));
#8668=CARTESIAN_POINT('',(0.0176482502042522,0.309180251210975,0.357515063494326));
#8669=CARTESIAN_POINT('',(0.0254,0.3175,0.367196640756107));
#8670=CARTESIAN_POINT('',(0.0174910400606422,0.308923292320033,0.357914345291536));
#8671=CARTESIAN_POINT('',(0.0175382187170324,0.308974454236099,0.357974888222799));
#8672=CARTESIAN_POINT('',(0.0254,0.3175,0.368063672436724));
#8673=CARTESIAN_POINT('',(0.0174472640623707,0.308851134777369,0.358064143454958));
#8674=CARTESIAN_POINT('',(0.0174947038520575,0.308902727128782,0.358125514034444));
#8675=CARTESIAN_POINT('',(0.0254,0.3175,0.368352216319857));
#8676=CARTESIAN_POINT('',(0.0173459801683612,0.308700839161554,0.358357454892551));
#8677=CARTESIAN_POINT('',(0.0173940241383789,0.308753328058818,0.358420508515802));
#8678=CARTESIAN_POINT('',(0.0254,0.3175,0.368927670716369));
#8679=CARTESIAN_POINT('',(0.0172884717751564,0.308622700541308,0.358500969006675));
#8680=CARTESIAN_POINT('',(0.0173368587951759,0.30867565555234,0.358564878020458));
#8681=CARTESIAN_POINT('',(0.0254,0.3175,0.369214581229746));
#8682=CARTESIAN_POINT('',(0.0170953459865293,0.308379795577266,0.358920528306505));
#8683=CARTESIAN_POINT('',(0.0171448850436424,0.308434199568937,0.358987048129384));
#8684=CARTESIAN_POINT('',(0.0254,0.3175,0.370071812691835));
#8685=CARTESIAN_POINT('',(0.0169391340571395,0.308206530108068,0.359185634177782));
#8686=CARTESIAN_POINT('',(0.0169896049521931,0.308261967665733,0.359253953795879));
#8687=CARTESIAN_POINT('',(0.0254,0.3175,0.3706386335625));
#8688=CARTESIAN_POINT('',(0.016755399999893,0.30802337442869,0.359431393529679));
#8689=CARTESIAN_POINT('',(0.0168069669083315,0.30807990454959,0.359501583807893));
#8690=CARTESIAN_POINT('',(0.0254,0.3175,0.3711979876));
#8691=CARTESIAN_POINT('',(0.0110819158539732,0.308544861785939,0.347315727691271));
#8692=CARTESIAN_POINT('',(0.00636034533217073,0.307271739755495,0.342619952238457));
#8693=CARTESIAN_POINT('',(0.0158034863757757,0.309817983816383,0.352011503144084));
#8694=CARTESIAN_POINT('',(0.0128509786070404,0.306954633150124,0.355756543475989));
#8695=CARTESIAN_POINT('',(0.0254,0.3175,0.3577734907));
#8696=CARTESIAN_POINT('',(0.0254,0.3175,0.3443489938));
#8697=CARTESIAN_POINT('',(0.0158801726660854,0.312385869877748,0.343484473019229));
#8698=CARTESIAN_POINT('',(-0.0180615710545504,0.293171739755495,0.342619952238457));
#8699=CARTESIAN_POINT('',(0.0254,0.2921,0.3443489938));
#8700=CARTESIAN_POINT('',(-0.0099209322589766,0.297871739755496,0.342619952238457));
#8701=CARTESIAN_POINT('',(0.0254,0.300566666666666,0.3443489938));
#8702=CARTESIAN_POINT('',(-0.00178029346340306,0.302571739755496,0.342619952238457));
#8703=CARTESIAN_POINT('',(0.0254,0.309033333333334,0.3443489938));
#8704=CARTESIAN_POINT('',(0.00636034533217073,0.307271739755495,0.342619952238457));
#8705=CARTESIAN_POINT('',(0.0254,0.3175,0.3443489938));
#8706=CARTESIAN_POINT('',(0.0254,0.2921,0.3443489938));
#8707=CARTESIAN_POINT('',(-0.00585061286118987,0.300221739755495,0.342619952238457));
#8708=CARTESIAN_POINT('',(0.0254,0.2921,0.3577734907));
#8709=CARTESIAN_POINT('',(0.0254,0.3048,0.3633989938));
#8710=CARTESIAN_POINT('',(0.0254,0.3048,0.3658881938));
#8711=CARTESIAN_POINT('',(0.0254,0.2921,0.3577734907));
#8712=CARTESIAN_POINT('',(-0.00409064335449269,0.297173383150124,0.355756543475989));
#8713=CARTESIAN_POINT('',(-0.011936879199033,0.289683462281036,0.365323072859556));
#8714=CARTESIAN_POINT('',(-0.0117971169146776,0.289441386903551,0.366366272751948));
#8715=CARTESIAN_POINT('',(-0.0136916723248281,0.292722853131686,0.352225118655075));
#8716=CARTESIAN_POINT('',(-0.0135519100404727,0.2924807777542,0.353268318547468));
#8717=CARTESIAN_POINT('',(0.0128509786070404,0.306954633150124,0.355756543475989));
#8718=CARTESIAN_POINT('',(0.013173104790575,0.306396694233794,0.358160926042787));
#8719=CARTESIAN_POINT('',(0.00456414318694789,0.303262853131685,0.352225118655075));
#8720=CARTESIAN_POINT('',(0.00470390547130325,0.3030207777542,0.353268318547468));
#8721=CARTESIAN_POINT('',(0.00631893631274299,0.300223462281036,0.365323072859556));
#8722=CARTESIAN_POINT('',(0.00645869859709835,0.299981386903551,0.366366272751948));
#8723=CARTESIAN_POINT('',(0.,0.,0.3711979876));
#8724=CARTESIAN_POINT('',(0.0381,0.2921,0.3711979876));
#8725=CARTESIAN_POINT('',(0.,0.,0.3443489938));
#8726=CARTESIAN_POINT('',(0.0381,0.2921,0.3443489938));
#8727=CARTESIAN_POINT('',(0.0381,0.2921,0.3577734907));
#8728=CARTESIAN_POINT('',(0.0381,0.2921,0.3506989938));
#8729=CARTESIAN_POINT('',(0.0381,0.2921,0.3482097938));
#8730=CARTESIAN_POINT('',(0.0105180421667946,0.300644137998303,0.366986394828284));
#8731=CARTESIAN_POINT('',(0.0155721942563129,0.29778698487028,0.367724822795832));
#8732=CARTESIAN_POINT('',(0.0206308740362508,0.294938733910452,0.368467814588187));
#8733=CARTESIAN_POINT('',(0.0256938002661505,0.2921,0.369219684942768));
#8734=CARTESIAN_POINT('',(0.00630602411481402,0.298148595809102,0.366977170412692));
#8735=CARTESIAN_POINT('',(0.0127412576833051,0.294632324588482,0.367717833808383));
#8736=CARTESIAN_POINT('',(0.0191788590274591,0.291120945638115,0.368461339632886));
#8737=CARTESIAN_POINT('',(0.0256187969034533,0.287614641931379,0.36920923105418));
#8738=CARTESIAN_POINT('',(-0.00208168050964137,0.293098057237533,0.366971482170824));
#8739=CARTESIAN_POINT('',(0.00712839808675916,0.288277519433273,0.367713785050843));
#8740=CARTESIAN_POINT('',(0.0163396610875233,0.283459452126402,0.368457607964108));
#8741=CARTESIAN_POINT('',(0.0255520928576654,0.278643925794137,0.36920356063336));
#8742=CARTESIAN_POINT('',(-0.0104511494127172,0.288017677048826,0.366969605212046));
#8743=CARTESIAN_POINT('',(0.00153938673107769,0.281901163091081,0.367712459483138));
#8744=CARTESIAN_POINT('',(0.0135307168341704,0.27578632974068,0.368456385602416));
#8745=CARTESIAN_POINT('',(0.0255228420458261,0.269673209656895,0.369201708783243));
#8746=CARTESIAN_POINT('',(-0.0146344152824895,0.285475083712294,0.366968930971316));
#8747=CARTESIAN_POINT('',(-0.00125320923247285,0.278711265444399,0.367711995387473));
#8748=CARTESIAN_POINT('',(0.0121286579312729,0.271948845856201,0.368455958732399));
#8749=CARTESIAN_POINT('',(0.0255111853040458,0.265187851588274,0.36920108053452));
#8750=CARTESIAN_POINT('',(0.0106547096265483,0.299786445759203,0.367098789000165));
#8751=CARTESIAN_POINT('',(0.0023475701493065,0.295018192065453,0.367008693904429));
#8752=CARTESIAN_POINT('',(-0.00594928940632995,0.290230990988959,0.36699902030726));
#8753=CARTESIAN_POINT('',(-0.0142469753150899,0.285445516653446,0.366982223799583));
#8754=CARTESIAN_POINT('',(0.0234,0.2901,0.36893550371106));
#8755=CARTESIAN_POINT('',(0.0234,0.291176467384255,0.368920346804253));
#8756=CARTESIAN_POINT('',(0.0234,0.292252933529977,0.368902713830098));
#8757=CARTESIAN_POINT('',(0.0234,0.293329267935388,0.368880768209236));
#8758=CARTESIAN_POINT('',(0.0234,0.2901,0.36893550371106));
#8759=CARTESIAN_POINT('',(0.0255310442888468,0.2901,0.3691979876));
#8760=CARTESIAN_POINT('',(0.0248213777241568,0.2901,0.36910495977739));
#8761=CARTESIAN_POINT('',(0.0241109842108536,0.2901,0.369017833877737));
#8762=CARTESIAN_POINT('',(0.0234,0.2901,0.368935503711059));
#8763=CARTESIAN_POINT('',(0.0255310442888468,0.2901,0.3691979876));
#8764=CARTESIAN_POINT('',(0.0254671352601638,0.272609602125055,0.3691979876));
#8765=CARTESIAN_POINT('',(0.025478073252652,0.278439770122923,0.3691979876));
#8766=CARTESIAN_POINT('',(0.025489645904939,0.284269969162412,0.3691979876));
#8767=CARTESIAN_POINT('',(0.0255310442888482,0.2901,0.3691979876));
#8768=CARTESIAN_POINT('',(-0.0127636252513956,0.293145235479331,0.344829487000846));
#8769=CARTESIAN_POINT('',(-0.0092269686542326,0.293042465295061,0.344971009926466));
#8770=CARTESIAN_POINT('',(-0.00316400645565372,0.292870441133545,0.345213120455942));
#8771=CARTESIAN_POINT('',(0.00896218355148618,0.292535762564486,0.345696472889572));
#8772=CARTESIAN_POINT('',(0.0175517613800929,0.292305689159427,0.346038323286203));
#8773=CARTESIAN_POINT('',(0.0236150404292327,0.292145107688955,0.3462795620979));
#8774=CARTESIAN_POINT('',(-0.00956434574934201,0.295487827100081,0.344826920347692));
#8775=CARTESIAN_POINT('',(-0.00632453077047375,0.295518577419805,0.344969812153064));
#8776=CARTESIAN_POINT('',(-0.000771645663032434,0.295578902106788,0.345212321234317));
#8777=CARTESIAN_POINT('',(0.0103335782729842,0.295712121781176,0.345696138270703));
#8778=CARTESIAN_POINT('',(0.0181995050832521,0.295815424418761,0.346038002791028));
#8779=CARTESIAN_POINT('',(0.0237519185735414,0.295890414902066,0.346279274716511));
#8780=CARTESIAN_POINT('',(-0.00502793857518094,0.298800844046468,0.344828680124421));
#8781=CARTESIAN_POINT('',(-0.00221222666386239,0.299026330845434,0.344969005137746));
#8782=CARTESIAN_POINT('',(0.00261651742837622,0.299416805865294,0.345211716177334));
#8783=CARTESIAN_POINT('',(0.0122743833136788,0.300212916356235,0.345695506770423));
#8784=CARTESIAN_POINT('',(0.0191153306002017,0.30078781968839,0.346037529023729));
#8785=CARTESIAN_POINT('',(0.0239440688483684,0.301196334390605,0.346278804757027));
#8786=CARTESIAN_POINT('',(0.00132049691048661,0.303555247229963,0.344809877937089));
#8787=CARTESIAN_POINT('',(0.00355167773189887,0.304024896518175,0.344959323320041));
#8788=CARTESIAN_POINT('',(0.00736957888863909,0.304860182913542,0.345205906453913));
#8789=CARTESIAN_POINT('',(0.0149968753481313,0.306572287397353,0.345693405223195));
#8790=CARTESIAN_POINT('',(0.0203943809844218,0.307810062432102,0.346035633435931));
#8791=CARTESIAN_POINT('',(0.0242036110415373,0.308687494660717,0.346277205461615));
#8792=CARTESIAN_POINT('',(0.00446133499232539,0.305978545709357,0.344794723393174));
#8793=CARTESIAN_POINT('',(0.00640576597373442,0.306555656974605,0.344947802644605));
#8794=CARTESIAN_POINT('',(0.00972661264345965,0.307597760753547,0.34520018242518));
#8795=CARTESIAN_POINT('',(0.0163476744594034,0.309755034266691,0.345691270885967));
#8796=CARTESIAN_POINT('',(0.0210260186212948,0.31132251583856,0.346033955880139));
#8797=CARTESIAN_POINT('',(0.0243268928461159,0.312433323994914,0.34627581455471));
#8798=CARTESIAN_POINT('',(0.00621398552515679,0.307501931904242,0.344732377966213));
#8799=CARTESIAN_POINT('',(0.00802742005706453,0.30807695433185,0.344927378824395));
#8800=CARTESIAN_POINT('',(0.0110776462670734,0.309214467448962,0.34518946287642));
#8801=CARTESIAN_POINT('',(0.0171278426435919,0.311612549892559,0.345689927422277));
#8802=CARTESIAN_POINT('',(0.0213882878238767,0.313372794421641,0.346031961614561));
#8803=CARTESIAN_POINT('',(0.024394197963292,0.314618568109789,0.346274465682215));
#8804=CARTESIAN_POINT('',(-0.0116819712705788,0.293777933011426,0.34483779348864));
#8805=CARTESIAN_POINT('',(-0.00422779895454262,0.298061922904561,0.344901395400827));
#8806=CARTESIAN_POINT('',(0.00323150252043823,0.302338822404802,0.344997484963981));
#8807=CARTESIAN_POINT('',(0.0107199631865344,0.306547458113892,0.345368618359832));
#8808=CARTESIAN_POINT('',(0.0234,0.314079394181948,0.346195262503754));
#8809=CARTESIAN_POINT('',(0.0234,0.306775214627732,0.346246695037337));
#8810=CARTESIAN_POINT('',(0.0234,0.299470813434904,0.346258389647199));
#8811=CARTESIAN_POINT('',(0.0234,0.292166456120611,0.346270979487652));
#8812=CARTESIAN_POINT('',(0.0234,0.2921,0.3577734907));
#8813=CARTESIAN_POINT('',(0.0234,0.3048,0.3633989938));
#8814=CARTESIAN_POINT('',(0.0234,0.3048,0.3658881938));
#8815=CARTESIAN_POINT('',(0.0234,0.3048,0.3633989938));
#8816=CARTESIAN_POINT('',(0.0234,0.2901,0.3577734907));
#8817=CARTESIAN_POINT('',(-0.00312471752820362,0.295500350542649,0.355238905385784));
#8818=CARTESIAN_POINT('',(-0.0200663394897368,0.285719100542648,0.355238905385784));
#8819=CARTESIAN_POINT('',(-0.010970953372744,0.28801042967356,0.364805434769351));
#8820=CARTESIAN_POINT('',(-0.0119062608088312,0.287470429673561,0.364805434769351));
#8821=CARTESIAN_POINT('',(-0.0127257464985391,0.29104982052421,0.351707480564871));
#8822=CARTESIAN_POINT('',(-0.0136610539346263,0.29050982052421,0.351707480564871));
#8823=CARTESIAN_POINT('',(0.0138169044333294,0.305281600542648,0.355238905385784));
#8824=CARTESIAN_POINT('',(0.0116611939982292,0.304037000542648,0.355238905385784));
#8825=CARTESIAN_POINT('',(0.00553006901323692,0.30158982052421,0.351707480564871));
#8826=CARTESIAN_POINT('',(0.00459476157714973,0.30104982052421,0.351707480564871));
#8827=CARTESIAN_POINT('',(0.00728486213903199,0.29855042967356,0.364805434769351));
#8828=CARTESIAN_POINT('',(0.0063495547029448,0.298010429673561,0.364805434769351));
#8829=CARTESIAN_POINT('',(0.,0.,0.3691979876));
#8830=CARTESIAN_POINT('',(0.0381,0.2901,0.3691979876));
#8831=CARTESIAN_POINT('',(0.,0.,0.3463489938));
#8832=CARTESIAN_POINT('',(0.0381,0.2901,0.3463489938));
#8833=CARTESIAN_POINT('',(0.0381,0.2901,0.3577734907));
#8834=CARTESIAN_POINT('',(0.0381,0.2901,0.3506989938));
#8835=CARTESIAN_POINT('',(0.0381,0.2901,0.3482097938));
#8836=CARTESIAN_POINT('',(0.0229,0.3048,0.3633989938));
#8837=CARTESIAN_POINT('',(0.0381,-0.641389431204014,0.3506989938));
#8838=CARTESIAN_POINT('',(0.00073898577695266,0.288808220112746,0.353168353024963));
#8839=CARTESIAN_POINT('',(-0.00886204319338273,0.284357690094308,0.349636928204051));
#8840=CARTESIAN_POINT('',(-0.00886204319338273,0.284357690094308,0.349636928204051));
#8841=CARTESIAN_POINT('',(0.0111485654441883,0.291858299243658,0.36273488240853));
#8842=CARTESIAN_POINT('',(0.00939377231839324,0.294897690094307,0.349636928204051));
#8843=CARTESIAN_POINT('',(0.0176806077384857,0.298589470112746,0.353168353024963));
#8844=CARTESIAN_POINT('',(-0.00886204319338273,0.284357690094308,0.349636928204051));
#8845=CARTESIAN_POINT('',(-0.00710725006758764,0.281318299243658,0.36273488240853));
#8846=CARTESIAN_POINT('',(0.430774435594188,-0.495160028026442,0.113634062188265));
#8847=CARTESIAN_POINT('',(0.0205,0.3048,0.3633989938));
#8848=CARTESIAN_POINT('',(0.0205,0.3048,0.3633989938));
#8849=CARTESIAN_POINT('',(0.0205,0.3048,0.3633989938));
#8850=CARTESIAN_POINT('',(0.,0.,0.));
#8851=CARTESIAN_POINT('',(0.0206248,-0.58293,0.15621));
#8852=CARTESIAN_POINT('',(-0.339549068674261,0.313427505936916,0.355618437633522));
#8853=CARTESIAN_POINT('',(-0.0195625,-0.59088,0.211186));
#8854=CARTESIAN_POINT('',(0.,-0.5903468,0.21431));
#8855=CARTESIAN_POINT('',(-0.341529216618154,0.309997789091592,0.354557279548602));
#8856=CARTESIAN_POINT('',(-0.0218050059770571,0.288730559236105,0.356170653948153));
#8857=CARTESIAN_POINT('',(-0.0200663394897368,0.285719100542648,0.355238905385784));
#8858=CARTESIAN_POINT('',(0.0120782379460091,0.308293059236105,0.356170653948153));
#8859=CARTESIAN_POINT('',(0.0254,-3.46944695195361E-18,3.46944695195361E-18));
#8860=CARTESIAN_POINT('',(0.0254,-3.46944695195361E-18,-0.0508));
#8861=CARTESIAN_POINT('',(0.0254,0.0254,-0.0508));
#8862=CARTESIAN_POINT('',(0.0254,-0.0254,-0.0508));
#8863=CARTESIAN_POINT('',(0.0254,0.0254,3.46944695195361E-18));
#8864=CARTESIAN_POINT('',(0.0254,0.0254,3.46944695195361E-18));
#8865=CARTESIAN_POINT('',(0.0254,-3.46944695195361E-18,3.46944695195361E-18));
#8866=CARTESIAN_POINT('',(0.0254,-0.0254,3.46944695195361E-18));
#8867=CARTESIAN_POINT('',(0.0254,-0.0254,3.46944695195361E-18));
#8868=CARTESIAN_POINT('',(3.46944695195361E-18,0.0254,3.46944695195361E-18));
#8869=CARTESIAN_POINT('',(3.46944695195361E-18,0.0254,-0.0508));
#8870=CARTESIAN_POINT('',(-0.0254,0.0254,-0.0508));
#8871=CARTESIAN_POINT('',(-0.0254,0.0254,3.46944695195361E-18));
#8872=CARTESIAN_POINT('',(-0.0254,0.0254,3.46944695195361E-18));
#8873=CARTESIAN_POINT('',(3.46944695195361E-18,0.0254,3.46944695195361E-18));
#8874=CARTESIAN_POINT('',(-0.0254,3.46944695195361E-18,3.46944695195361E-18));
#8875=CARTESIAN_POINT('',(-0.0254,3.46944695195361E-18,-0.0508));
#8876=CARTESIAN_POINT('',(-0.0254,-0.0254,-0.0508));
#8877=CARTESIAN_POINT('',(-0.0254,-0.0254,3.46944695195361E-18));
#8878=CARTESIAN_POINT('',(-0.0254,-0.0254,3.46944695195361E-18));
#8879=CARTESIAN_POINT('',(-0.0254,3.46944695195361E-18,3.46944695195361E-18));
#8880=CARTESIAN_POINT('',(-3.46944695195361E-18,-0.0254,3.46944695195361E-18));
#8881=CARTESIAN_POINT('',(-3.46944695195361E-18,-0.0254,-0.0508));
#8882=CARTESIAN_POINT('',(-3.46944695195361E-18,-0.0254,3.46944695195361E-18));
#8883=CARTESIAN_POINT('',(0.,0.,3.46944695195361E-18));
#8884=CARTESIAN_POINT('',(0.,0.,-0.0508));
#8885=CARTESIAN_POINT('',(0.,0.,0.));
#8886=MECHANICAL_DESIGN_GEOMETRIC_PRESENTATION_REPRESENTATION('',(#3762,
#3763,#3764,#13,#3765,#3766,#3767,#3768,#3769,#3770,#3771),#8887);
#8887=(
GEOMETRIC_REPRESENTATION_CONTEXT(3)
GLOBAL_UNCERTAINTY_ASSIGNED_CONTEXT((#8898))
GLOBAL_UNIT_ASSIGNED_CONTEXT((#8911,#8910,#8909))
REPRESENTATION_CONTEXT('Assembly 2','TOP_LEVEL_ASSEMBLY_PART')
);
#8888=(
GEOMETRIC_REPRESENTATION_CONTEXT(3)
GLOBAL_UNCERTAINTY_ASSIGNED_CONTEXT((#8899))
GLOBAL_UNIT_ASSIGNED_CONTEXT((#8911,#8910,#8909))
REPRESENTATION_CONTEXT('Part 3','COMPONENT_PART')
);
#8889=(
GEOMETRIC_REPRESENTATION_CONTEXT(3)
GLOBAL_UNCERTAINTY_ASSIGNED_CONTEXT((#8900))
GLOBAL_UNIT_ASSIGNED_CONTEXT((#8911,#8910,#8909))
REPRESENTATION_CONTEXT('#10-32 x 3/8" L BHCS (Steel, Black Oxide)',
'COMPONENT_PART')
);
#8890=(
GEOMETRIC_REPRESENTATION_CONTEXT(3)
GLOBAL_UNCERTAINTY_ASSIGNED_CONTEXT((#8901))
GLOBAL_UNIT_ASSIGNED_CONTEXT((#8911,#8910,#8909))
REPRESENTATION_CONTEXT('#10-32 Thin Nylon-Insert Locknut',
'COMPONENT_PART')
);
#8891=(
GEOMETRIC_REPRESENTATION_CONTEXT(3)
GLOBAL_UNCERTAINTY_ASSIGNED_CONTEXT((#8902))
GLOBAL_UNIT_ASSIGNED_CONTEXT((#8911,#8910,#8909))
REPRESENTATION_CONTEXT(
'3/16" Blind Rivet (.250" - .438" Grip Length, Aluminum)',
'COMPONENT_PART')
);
#8892=(
GEOMETRIC_REPRESENTATION_CONTEXT(3)
GLOBAL_UNCERTAINTY_ASSIGNED_CONTEXT((#8903))
GLOBAL_UNIT_ASSIGNED_CONTEXT((#8911,#8910,#8909))
REPRESENTATION_CONTEXT('#10-32 x 1-1/2" L BHCS (Steel, Black Oxide)',
'COMPONENT_PART')
);
#8893=(
GEOMETRIC_REPRESENTATION_CONTEXT(3)
GLOBAL_UNCERTAINTY_ASSIGNED_CONTEXT((#8904))
GLOBAL_UNIT_ASSIGNED_CONTEXT((#8911,#8910,#8909))
REPRESENTATION_CONTEXT('#10-32 x 1-1/4" L BHCS (Steel, Black Oxide)',
'COMPONENT_PART')
);
#8894=(
GEOMETRIC_REPRESENTATION_CONTEXT(3)
GLOBAL_UNCERTAINTY_ASSIGNED_CONTEXT((#8905))
GLOBAL_UNIT_ASSIGNED_CONTEXT((#8911,#8910,#8909))
REPRESENTATION_CONTEXT('intake picam mount','COMPONENT_PART')
);
#8895=(
GEOMETRIC_REPRESENTATION_CONTEXT(3)
GLOBAL_UNCERTAINTY_ASSIGNED_CONTEXT((#8906))
GLOBAL_UNIT_ASSIGNED_CONTEXT((#8911,#8910,#8909))
REPRESENTATION_CONTEXT('left rear picam mount','COMPONENT_PART')
);
#8896=(
GEOMETRIC_REPRESENTATION_CONTEXT(3)
GLOBAL_UNCERTAINTY_ASSIGNED_CONTEXT((#8907))
GLOBAL_UNIT_ASSIGNED_CONTEXT((#8911,#8910,#8909))
REPRESENTATION_CONTEXT('right rear picam mount','COMPONENT_PART')
);
#8897=(
GEOMETRIC_REPRESENTATION_CONTEXT(3)
GLOBAL_UNCERTAINTY_ASSIGNED_CONTEXT((#8908))
GLOBAL_UNIT_ASSIGNED_CONTEXT((#8911,#8910,#8909))
REPRESENTATION_CONTEXT('Origin Cube','COMPONENT_PART')
);
#8898=UNCERTAINTY_MEASURE_WITH_UNIT(LENGTH_MEASURE(1.E-8),#8911,
'DISTANCE_ACCURACY_VALUE','Maximum Tolerance applied to model');
#8899=UNCERTAINTY_MEASURE_WITH_UNIT(LENGTH_MEASURE(2.E-5),#8911,
'DISTANCE_ACCURACY_VALUE','Maximum Tolerance applied to model');
#8900=UNCERTAINTY_MEASURE_WITH_UNIT(LENGTH_MEASURE(1.E-8),#8911,
'DISTANCE_ACCURACY_VALUE','Maximum Tolerance applied to model');
#8901=UNCERTAINTY_MEASURE_WITH_UNIT(LENGTH_MEASURE(2.E-5),#8911,
'DISTANCE_ACCURACY_VALUE','Maximum Tolerance applied to model');
#8902=UNCERTAINTY_MEASURE_WITH_UNIT(LENGTH_MEASURE(1.E-8),#8911,
'DISTANCE_ACCURACY_VALUE','Maximum Tolerance applied to model');
#8903=UNCERTAINTY_MEASURE_WITH_UNIT(LENGTH_MEASURE(1.E-8),#8911,
'DISTANCE_ACCURACY_VALUE','Maximum Tolerance applied to model');
#8904=UNCERTAINTY_MEASURE_WITH_UNIT(LENGTH_MEASURE(1.E-8),#8911,
'DISTANCE_ACCURACY_VALUE','Maximum Tolerance applied to model');
#8905=UNCERTAINTY_MEASURE_WITH_UNIT(LENGTH_MEASURE(1.E-8),#8911,
'DISTANCE_ACCURACY_VALUE','Maximum Tolerance applied to model');
#8906=UNCERTAINTY_MEASURE_WITH_UNIT(LENGTH_MEASURE(2.E-5),#8911,
'DISTANCE_ACCURACY_VALUE','Maximum Tolerance applied to model');
#8907=UNCERTAINTY_MEASURE_WITH_UNIT(LENGTH_MEASURE(2.03777828664076E-5),
#8911,'DISTANCE_ACCURACY_VALUE','Maximum Tolerance applied to model');
#8908=UNCERTAINTY_MEASURE_WITH_UNIT(LENGTH_MEASURE(1.E-8),#8911,
'DISTANCE_ACCURACY_VALUE','Maximum Tolerance applied to model');
#8909=(
NAMED_UNIT(*)
SI_UNIT($,.STERADIAN.)
SOLID_ANGLE_UNIT()
);
#8910=(
NAMED_UNIT(*)
PLANE_ANGLE_UNIT()
SI_UNIT($,.RADIAN.)
);
#8911=(
LENGTH_UNIT()
NAMED_UNIT(*)
SI_UNIT($,.METRE.)
);
#8912=PRODUCT_DEFINITION_SHAPE('','',#8954);
#8913=PRODUCT_DEFINITION_SHAPE('','',#8955);
#8914=PRODUCT_DEFINITION_SHAPE(' ','NAUO PRDDFN',#73);
#8915=PRODUCT_DEFINITION_SHAPE('','',#8956);
#8916=PRODUCT_DEFINITION_SHAPE(' ','NAUO PRDDFN',#74);
#8917=PRODUCT_DEFINITION_SHAPE(' ','NAUO PRDDFN',#75);
#8918=PRODUCT_DEFINITION_SHAPE('','',#8957);
#8919=PRODUCT_DEFINITION_SHAPE(' ','NAUO PRDDFN',#76);
#8920=PRODUCT_DEFINITION_SHAPE('','',#8958);
#8921=PRODUCT_DEFINITION_SHAPE(' ','NAUO PRDDFN',#77);
#8922=PRODUCT_DEFINITION_SHAPE(' ','NAUO PRDDFN',#78);
#8923=PRODUCT_DEFINITION_SHAPE('','',#8959);
#8924=PRODUCT_DEFINITION_SHAPE(' ','NAUO PRDDFN',#79);
#8925=PRODUCT_DEFINITION_SHAPE(' ','NAUO PRDDFN',#80);
#8926=PRODUCT_DEFINITION_SHAPE(' ','NAUO PRDDFN',#81);
#8927=PRODUCT_DEFINITION_SHAPE(' ','NAUO PRDDFN',#82);
#8928=PRODUCT_DEFINITION_SHAPE(' ','NAUO PRDDFN',#83);
#8929=PRODUCT_DEFINITION_SHAPE(' ','NAUO PRDDFN',#84);
#8930=PRODUCT_DEFINITION_SHAPE('','',#8960);
#8931=PRODUCT_DEFINITION_SHAPE(' ','NAUO PRDDFN',#85);
#8932=PRODUCT_DEFINITION_SHAPE('','',#8961);
#8933=PRODUCT_DEFINITION_SHAPE(' ','NAUO PRDDFN',#86);
#8934=PRODUCT_DEFINITION_SHAPE(' ','NAUO PRDDFN',#87);
#8935=PRODUCT_DEFINITION_SHAPE(' ','NAUO PRDDFN',#88);
#8936=PRODUCT_DEFINITION_SHAPE('','',#8962);
#8937=PRODUCT_DEFINITION_SHAPE(' ','NAUO PRDDFN',#89);
#8938=PRODUCT_DEFINITION_SHAPE(' ','NAUO PRDDFN',#90);
#8939=PRODUCT_DEFINITION_SHAPE(' ','NAUO PRDDFN',#91);
#8940=PRODUCT_DEFINITION_SHAPE(' ','NAUO PRDDFN',#92);
#8941=PRODUCT_DEFINITION_SHAPE(' ','NAUO PRDDFN',#93);
#8942=PRODUCT_DEFINITION_SHAPE('','',#8963);
#8943=PRODUCT_DEFINITION_SHAPE(' ','NAUO PRDDFN',#94);
#8944=PRODUCT_DEFINITION_SHAPE(' ','NAUO PRDDFN',#95);
#8945=PRODUCT_DEFINITION_SHAPE(' ','NAUO PRDDFN',#96);
#8946=PRODUCT_DEFINITION_SHAPE(' ','NAUO PRDDFN',#97);
#8947=PRODUCT_DEFINITION_SHAPE(' ','NAUO PRDDFN',#98);
#8948=PRODUCT_DEFINITION_SHAPE(' ','NAUO PRDDFN',#99);
#8949=PRODUCT_DEFINITION_SHAPE(' ','NAUO PRDDFN',#100);
#8950=PRODUCT_DEFINITION_SHAPE(' ','NAUO PRDDFN',#101);
#8951=PRODUCT_DEFINITION_SHAPE(' ','NAUO PRDDFN',#102);
#8952=PRODUCT_DEFINITION_SHAPE('','',#8964);
#8953=PRODUCT_DEFINITION_SHAPE(' ','NAUO PRDDFN',#103);
#8954=PRODUCT_DEFINITION('','',#8976,#8965);
#8955=PRODUCT_DEFINITION('','',#8977,#8966);
#8956=PRODUCT_DEFINITION('','',#8978,#8967);
#8957=PRODUCT_DEFINITION('','',#8979,#8968);
#8958=PRODUCT_DEFINITION('','',#8980,#8969);
#8959=PRODUCT_DEFINITION('','',#8981,#8970);
#8960=PRODUCT_DEFINITION('','',#8982,#8971);
#8961=PRODUCT_DEFINITION('','',#8983,#8972);
#8962=PRODUCT_DEFINITION('','',#8984,#8973);
#8963=PRODUCT_DEFINITION('','',#8985,#8974);
#8964=PRODUCT_DEFINITION('','',#8986,#8975);
#8965=PRODUCT_DEFINITION_CONTEXT('',#9032,'design');
#8966=PRODUCT_DEFINITION_CONTEXT('',#9032,'design');
#8967=PRODUCT_DEFINITION_CONTEXT('',#9032,'design');
#8968=PRODUCT_DEFINITION_CONTEXT('',#9032,'design');
#8969=PRODUCT_DEFINITION_CONTEXT('',#9032,'design');
#8970=PRODUCT_DEFINITION_CONTEXT('',#9032,'design');
#8971=PRODUCT_DEFINITION_CONTEXT('',#9032,'design');
#8972=PRODUCT_DEFINITION_CONTEXT('',#9032,'design');
#8973=PRODUCT_DEFINITION_CONTEXT('',#9032,'design');
#8974=PRODUCT_DEFINITION_CONTEXT('',#9032,'design');
#8975=PRODUCT_DEFINITION_CONTEXT('',#9032,'design');
#8976=PRODUCT_DEFINITION_FORMATION_WITH_SPECIFIED_SOURCE('','',#8998,
 .NOT_KNOWN.);
#8977=PRODUCT_DEFINITION_FORMATION_WITH_SPECIFIED_SOURCE('','',#8999,
 .NOT_KNOWN.);
#8978=PRODUCT_DEFINITION_FORMATION_WITH_SPECIFIED_SOURCE('','',#9000,
 .NOT_KNOWN.);
#8979=PRODUCT_DEFINITION_FORMATION_WITH_SPECIFIED_SOURCE('','',#9001,
 .NOT_KNOWN.);
#8980=PRODUCT_DEFINITION_FORMATION_WITH_SPECIFIED_SOURCE('','',#9002,
 .NOT_KNOWN.);
#8981=PRODUCT_DEFINITION_FORMATION_WITH_SPECIFIED_SOURCE('','',#9003,
 .NOT_KNOWN.);
#8982=PRODUCT_DEFINITION_FORMATION_WITH_SPECIFIED_SOURCE('','',#9004,
 .NOT_KNOWN.);
#8983=PRODUCT_DEFINITION_FORMATION_WITH_SPECIFIED_SOURCE('','',#9005,
 .NOT_KNOWN.);
#8984=PRODUCT_DEFINITION_FORMATION_WITH_SPECIFIED_SOURCE('','',#9006,
 .NOT_KNOWN.);
#8985=PRODUCT_DEFINITION_FORMATION_WITH_SPECIFIED_SOURCE('','',#9007,
 .NOT_KNOWN.);
#8986=PRODUCT_DEFINITION_FORMATION_WITH_SPECIFIED_SOURCE('','',#9008,
 .NOT_KNOWN.);
#8987=PRODUCT_RELATED_PRODUCT_CATEGORY('','',(#8998));
#8988=PRODUCT_RELATED_PRODUCT_CATEGORY('','',(#8999));
#8989=PRODUCT_RELATED_PRODUCT_CATEGORY('','',(#9000));
#8990=PRODUCT_RELATED_PRODUCT_CATEGORY('','',(#9001));
#8991=PRODUCT_RELATED_PRODUCT_CATEGORY('','',(#9002));
#8992=PRODUCT_RELATED_PRODUCT_CATEGORY('','',(#9003));
#8993=PRODUCT_RELATED_PRODUCT_CATEGORY('','',(#9004));
#8994=PRODUCT_RELATED_PRODUCT_CATEGORY('','',(#9005));
#8995=PRODUCT_RELATED_PRODUCT_CATEGORY('','',(#9006));
#8996=PRODUCT_RELATED_PRODUCT_CATEGORY('','',(#9007));
#8997=PRODUCT_RELATED_PRODUCT_CATEGORY('','',(#9008));
#8998=PRODUCT('Assembly 2','Assembly 2','Assembly 2',(#9020));
#8999=PRODUCT('Part 3','Part 3','Part 3',(#9021));
#9000=PRODUCT('#10-32 x 3/8" L BHCS (Steel, Black Oxide)',
'#10-32 x 3/8" L BHCS (Steel, Black Oxide)',
'#10-32 x 3/8" L BHCS (Steel, Black Oxide)',(#9022));
#9001=PRODUCT('#10-32 Thin Nylon-Insert Locknut',
'#10-32 Thin Nylon-Insert Locknut','#10-32 Thin Nylon-Insert Locknut',(#9023));
#9002=PRODUCT('3/16" Blind Rivet (.250" - .438" Grip Length, Aluminum)',
'3/16" Blind Rivet (.250" - .438" Grip Length, Aluminum)',
'3/16" Blind Rivet (.250" - .438" Grip Length, Aluminum)',(#9024));
#9003=PRODUCT('#10-32 x 1-1/2" L BHCS (Steel, Black Oxide)',
'#10-32 x 1-1/2" L BHCS (Steel, Black Oxide)',
'#10-32 x 1-1/2" L BHCS (Steel, Black Oxide)',(#9025));
#9004=PRODUCT('#10-32 x 1-1/4" L BHCS (Steel, Black Oxide)',
'#10-32 x 1-1/4" L BHCS (Steel, Black Oxide)',
'#10-32 x 1-1/4" L BHCS (Steel, Black Oxide)',(#9026));
#9005=PRODUCT('intake picam mount','intake picam mount',
'intake picam mount',(#9027));
#9006=PRODUCT('left rear picam mount','left rear picam mount',
'left rear picam mount',(#9028));
#9007=PRODUCT('right rear picam mount','right rear picam mount',
'right rear picam mount',(#9029));
#9008=PRODUCT('Origin Cube','Origin Cube','Origin Cube',(#9030));
#9009=PRODUCT_CATEGORY('','');
#9010=PRODUCT_CATEGORY('','');
#9011=PRODUCT_CATEGORY('','');
#9012=PRODUCT_CATEGORY('','');
#9013=PRODUCT_CATEGORY('','');
#9014=PRODUCT_CATEGORY('','');
#9015=PRODUCT_CATEGORY('','');
#9016=PRODUCT_CATEGORY('','');
#9017=PRODUCT_CATEGORY('','');
#9018=PRODUCT_CATEGORY('','');
#9019=PRODUCT_CATEGORY('','');
#9020=PRODUCT_CONTEXT('',#9032,'mechanical');
#9021=PRODUCT_CONTEXT('',#9032,'mechanical');
#9022=PRODUCT_CONTEXT('',#9032,'mechanical');
#9023=PRODUCT_CONTEXT('',#9032,'mechanical');
#9024=PRODUCT_CONTEXT('',#9032,'mechanical');
#9025=PRODUCT_CONTEXT('',#9032,'mechanical');
#9026=PRODUCT_CONTEXT('',#9032,'mechanical');
#9027=PRODUCT_CONTEXT('',#9032,'mechanical');
#9028=PRODUCT_CONTEXT('',#9032,'mechanical');
#9029=PRODUCT_CONTEXT('',#9032,'mechanical');
#9030=PRODUCT_CONTEXT('',#9032,'mechanical');
#9031=APPLICATION_PROTOCOL_DEFINITION('international standard',
'ap242_managed_model_based_3d_engineering',2020,#9032);
#9032=APPLICATION_CONTEXT('managed model based 3d engineering');
ENDSEC;
END-ISO-10303-21;
